,Cell0001,Cell0002,Cell0003,Cell0004,Cell0005,Cell0006,Cell0007,Cell0008,Cell0009,Cell0010,Cell0011,Cell0012,Cell0013,Cell0014,Cell0015,Cell0016,Cell0017,Cell0018,Cell0019,Cell0020,Cell0021,Cell0022,Cell0023,Cell0024,Cell0025,Cell0026,Cell0027,Cell0028,Cell0029,Cell0030,Cell0031,Cell0032,Cell0033,Cell0034,Cell0035,Cell0036,Cell0037,Cell0038,Cell0039,Cell0040,Cell0041,Cell0042,Cell0043,Cell0044,Cell0045,Cell0046,Cell0047,Cell0048,Cell0049,Cell0050,Cell0051,Cell0052,Cell0053,Cell0054,Cell0055,Cell0056,Cell0057,Cell0058,Cell0059,Cell0060,Cell0061,Cell0062,Cell0063,Cell0064,Cell0065,Cell0066,Cell0067,Cell0068,Cell0069,Cell0070,Cell0071,Cell0072,Cell0073,Cell0074,Cell0075,Cell0076,Cell0077,Cell0078,Cell0079,Cell0080,Cell0081,Cell0082,Cell0083,Cell0084,Cell0085,Cell0086,Cell0087,Cell0088,Cell0089,Cell0090,Cell0091,Cell0092,Cell0093,Cell0094,Cell0095,Cell0096,Cell0097,Cell0098,Cell0099,Cell0100,Cell0101,Cell0102,Cell0103,Cell0104,Cell0105,Cell0106,Cell0107,Cell0108,Cell0109,Cell0110,Cell0111,Cell0112,Cell0113,Cell0114,Cell0115,Cell0116,Cell0117,Cell0118,Cell0119,Cell0120,Cell0121,Cell0122,Cell0123,Cell0124,Cell0125,Cell0126,Cell0127,Cell0128,Cell0129,Cell0130,Cell0131,Cell0132,Cell0133,Cell0134,Cell0135,Cell0136,Cell0137,Cell0138,Cell0139,Cell0140,Cell0141,Cell0142,Cell0143,Cell0144,Cell0145,Cell0146,Cell0147,Cell0148,Cell0149,Cell0150,Cell0151,Cell0152,Cell0153,Cell0154,Cell0155,Cell0156,Cell0157,Cell0158,Cell0159,Cell0160,Cell0161,Cell0162,Cell0163,Cell0164,Cell0165,Cell0166,Cell0167,Cell0168,Cell0169,Cell0170,Cell0171,Cell0172,Cell0173,Cell0174,Cell0175,Cell0176,Cell0177,Cell0178,Cell0179,Cell0180,Cell0181,Cell0182,Cell0183,Cell0184,Cell0185,Cell0186,Cell0187,Cell0188,Cell0189,Cell0190,Cell0191,Cell0192,Cell0193,Cell0194,Cell0195,Cell0196,Cell0197,Cell0198,Cell0199,Cell0200,Cell0201,Cell0202,Cell0203,Cell0204,Cell0205,Cell0206,Cell0207,Cell0208,Cell0209,Cell0210,Cell0211,Cell0212,Cell0213,Cell0214,Cell0215,Cell0216,Cell0217,Cell0218,Cell0219,Cell0220,Cell0221,Cell0222,Cell0223,Cell0224,Cell0225,Cell0226,Cell0227,Cell0228,Cell0229,Cell0230,Cell0231,Cell0232,Cell0233,Cell0234,Cell0235,Cell0236,Cell0237,Cell0238,Cell0239,Cell0240,Cell0241,Cell0242,Cell0243,Cell0244,Cell0245,Cell0246,Cell0247,Cell0248,Cell0249,Cell0250,Cell0251,Cell0252,Cell0253,Cell0254,Cell0255,Cell0256,Cell0257,Cell0258,Cell0259,Cell0260,Cell0261,Cell0262,Cell0263,Cell0264,Cell0265,Cell0266,Cell0267,Cell0268,Cell0269,Cell0270,Cell0271,Cell0272,Cell0273,Cell0274,Cell0275,Cell0276,Cell0277,Cell0278,Cell0279,Cell0280,Cell0281,Cell0282,Cell0283,Cell0284,Cell0285,Cell0286,Cell0287,Cell0288,Cell0289,Cell0290,Cell0291,Cell0292,Cell0293,Cell0294,Cell0295,Cell0296,Cell0297,Cell0298,Cell0299,Cell0300,Cell0301,Cell0302,Cell0303,Cell0304,Cell0305,Cell0306,Cell0307,Cell0308,Cell0309,Cell0310,Cell0311,Cell0312,Cell0313,Cell0314,Cell0315,Cell0316,Cell0317,Cell0318,Cell0319,Cell0320,Cell0321,Cell0322,Cell0323,Cell0324,Cell0325,Cell0326,Cell0327,Cell0328,Cell0329,Cell0330,Cell0331,Cell0332,Cell0333,Cell0334,Cell0335,Cell0336,Cell0337,Cell0338,Cell0339,Cell0340,Cell0341,Cell0342,Cell0343,Cell0344,Cell0345,Cell0346,Cell0347,Cell0348,Cell0349,Cell0350,Cell0351,Cell0352,Cell0353,Cell0354,Cell0355,Cell0356,Cell0357,Cell0358,Cell0359,Cell0360,Cell0361,Cell0362,Cell0363,Cell0364,Cell0365,Cell0366,Cell0367,Cell0368,Cell0369,Cell0370,Cell0371,Cell0372,Cell0373,Cell0374,Cell0375,Cell0376,Cell0377,Cell0378,Cell0379,Cell0380,Cell0381,Cell0382,Cell0383,Cell0384,Cell0385,Cell0386,Cell0387,Cell0388,Cell0389,Cell0390,Cell0391,Cell0392,Cell0393,Cell0394,Cell0395,Cell0396,Cell0397,Cell0398,Cell0399,Cell0400,Cell0401,Cell0402,Cell0403,Cell0404,Cell0405,Cell0406,Cell0407,Cell0408,Cell0409,Cell0410,Cell0411,Cell0412,Cell0413,Cell0414,Cell0415,Cell0416,Cell0417,Cell0418,Cell0419,Cell0420,Cell0421,Cell0422,Cell0423,Cell0424,Cell0425,Cell0426,Cell0427,Cell0428,Cell0429,Cell0430,Cell0431,Cell0432,Cell0433,Cell0434,Cell0435,Cell0436,Cell0437,Cell0438,Cell0439,Cell0440,Cell0441,Cell0442,Cell0443,Cell0444,Cell0445,Cell0446,Cell0447,Cell0448,Cell0449,Cell0450,Cell0451,Cell0452,Cell0453,Cell0454,Cell0455,Cell0456,Cell0457,Cell0458,Cell0459,Cell0460,Cell0461,Cell0462,Cell0463,Cell0464,Cell0465,Cell0466,Cell0467,Cell0468,Cell0469,Cell0470,Cell0471,Cell0472,Cell0473,Cell0474,Cell0475,Cell0476,Cell0477,Cell0478,Cell0479,Cell0480,Cell0481,Cell0482,Cell0483,Cell0484,Cell0485,Cell0486,Cell0487,Cell0488,Cell0489,Cell0490,Cell0491,Cell0492,Cell0493,Cell0494,Cell0495,Cell0496,Cell0497,Cell0498,Cell0499,Cell0500,Cell0501,Cell0502,Cell0503,Cell0504,Cell0505,Cell0506,Cell0507,Cell0508,Cell0509,Cell0510,Cell0511,Cell0512,Cell0513,Cell0514,Cell0515,Cell0516,Cell0517,Cell0518,Cell0519,Cell0520,Cell0521,Cell0522,Cell0523,Cell0524,Cell0525,Cell0526,Cell0527,Cell0528,Cell0529,Cell0530,Cell0531,Cell0532,Cell0533,Cell0534,Cell0535,Cell0536,Cell0537,Cell0538,Cell0539,Cell0540,Cell0541,Cell0542,Cell0543,Cell0544,Cell0545,Cell0546,Cell0547,Cell0548,Cell0549,Cell0550,Cell0551,Cell0552,Cell0553,Cell0554,Cell0555,Cell0556,Cell0557,Cell0558,Cell0559,Cell0560,Cell0561,Cell0562,Cell0563,Cell0564,Cell0565,Cell0566,Cell0567,Cell0568,Cell0569,Cell0570,Cell0571,Cell0572,Cell0573,Cell0574,Cell0575,Cell0576,Cell0577,Cell0578,Cell0579,Cell0580,Cell0581,Cell0582,Cell0583,Cell0584,Cell0585,Cell0586,Cell0587,Cell0588,Cell0589,Cell0590,Cell0591,Cell0592,Cell0593,Cell0594,Cell0595,Cell0596,Cell0597,Cell0598,Cell0599,Cell0600
ACTB,11,3,3,7,7,7,3,5,6,4,7,1,2,6,3,4,1,5,3,2,2,3,3,13,3,7,3,6,1,8,2,2,4,4,4,9,2,0,5,6,4,1,3,2,3,3,3,1,1,2,5,2,3,3,5,4,0,5,1,4,6,3,7,4,1,2,1,2,1,1,0,3,11,1,4,0,3,1,6,7,2,0,5,1,5,3,2,3,1,0,3,2,1,3,2,1,0,3,3,3,2,6,1,0,1,4,7,2,3,2,3,3,4,1,6,5,8,3,12,0,2,4,2,2,0,6,1,3,10,4,1,6,5,1,1,0,3,1,4,5,4,2,2,5,3,9,1,0,2,5,6,2,1,1,9,2,1,3,3,4,1,2,9,3,0,3,3,5,4,4,3,2,2,2,2,1,2,1,1,4,0,2,3,0,2,1,1,8,9,3,1,9,2,2,2,6,1,5,1,2,2,3,9,4,1,1,1,3,5,3,5,3,5,0,3,3,2,2,5,1,3,3,3,2,0,4,4,5,6,3,3,5,4,2,8,5,7,2,1,5,0,5,5,1,4,5,0,4,3,2,2,2,1,4,2,3,0,3,5,1,1,0,4,1,3,4,1,1,2,5,3,3,1,3,5,8,2,1,0,6,4,6,3,3,1,0,0,3,1,2,3,3,3,1,4,0,2,1,1,2,2,2,7,3,5,5,3,4,6,1,3,0,6,12,2,2,0,4,5,8,2,3,4,4,5,3,4,3,0,9,4,8,1,3,0,2,5,6,8,0,6,2,1,6,4,4,2,2,1,1,2,6,2,1,4,0,4,0,1,3,2,0,3,5,6,6,4,4,3,2,2,3,3,5,5,5,7,2,4,3,2,6,3,4,3,0,3,3,2,6,2,3,0,4,4,8,6,6,1,1,5,7,5,3,1,2,2,3,1,3,1,2,1,1,3,0,3,8,1,3,1,4,12,5,6,1,1,0,2,2,2,1,3,3,3,2,2,6,4,5,3,3,3,0,0,4,3,0,12,3,4,2,10,4,0,3,4,1,1,5,2,3,7,4,5,4,0,5,4,4,5,3,5,2,1,2,2,5,3,1,2,4,16,1,2,3,4,2,5,5,2,8,1,5,4,1,4,3,0,1,3,5,3,0,0,3,9,8,6,1,3,9,4,3,4,6,5,1,3,0,1,4,6,3,2,6,4,6,5,6,5,9,6,6,1,5,0,1,0,5,5,5,4,7,2,2,1,8,3,1,1,1,4,2,0,0,0,5,2,2,2,4,7,8,2,4,1,0,10,2,0,3,4,0,4,3,4,3,3,2,4,1,1,2,3,4,1,7,5,1,1,2,4,3,4,3,1,3,2,8
B2M,2,2,3,2,12,1,6,1,3,2,6,1,2,6,8,4,2,2,1,2,3,4,4,8,4,4,2,6,2,7,4,0,9,4,6,5,4,2,2,3,3,2,3,0,5,3,1,3,2,3,4,4,4,4,3,5,2,3,2,1,3,1,3,4,1,7,0,0,0,2,1,1,2,2,7,2,5,7,1,8,3,1,1,3,7,0,4,2,5,0,4,1,14,3,0,4,4,0,7,2,1,2,3,4,3,8,3,4,2,2,1,12,4,1,5,3,8,0,5,3,0,4,8,5,3,2,7,2,4,2,1,4,3,4,4,4,0,3,2,5,6,6,2,5,2,3,4,1,4,5,4,4,5,2,5,1,2,2,2,2,2,4,8,3,0,1,2,2,3,3,2,7,1,1,1,5,5,2,1,3,5,1,1,1,2,1,1,2,6,2,1,6,3,3,1,7,2,6,3,6,1,3,4,2,3,1,7,0,2,13,2,1,4,2,2,6,3,7,2,1,1,3,2,8,6,9,4,4,5,0,0,4,2,5,6,3,6,5,4,1,3,1,5,2,7,2,0,2,3,2,4,2,9,2,8,1,6,1,6,0,2,0,2,10,4,3,3,2,3,7,4,2,7,1,1,6,6,3,0,3,6,1,6,1,3,5,2,3,2,3,8,2,1,2,3,5,1,3,3,2,0,3,5,4,2,4,5,3,5,1,2,7,4,7,1,0,3,3,11,4,8,7,2,3,1,1,8,4,2,6,4,10,3,6,0,2,0,1,5,4,9,2,7,3,4,5,5,0,1,2,3,5,2,2,1,2,1,4,2,4,2,1,5,4,6,8,5,11,4,1,7,1,2,1,4,4,1,3,5,4,4,3,4,10,1,5,4,9,5,3,5,5,1,1,7,9,4,2,1,4,5,6,3,1,3,2,3,1,0,2,5,2,1,2,3,0,2,5,3,4,9,6,7,6,5,3,2,3,2,4,2,2,7,4,4,9,2,11,11,1,0,5,3,4,2,4,2,1,0,5,7,4,8,2,2,1,2,6,4,4,1,1,0,1,2,3,2,1,4,2,5,3,7,5,1,2,5,7,3,3,5,4,6,4,2,9,0,5,2,5,3,2,4,2,5,2,4,3,3,1,7,3,1,4,2,1,3,6,1,2,5,9,3,5,4,1,2,5,4,5,1,3,7,0,0,4,3,4,1,1,2,6,4,2,4,3,4,6,2,3,3,9,0,3,2,3,4,6,2,3,1,2,1,1,3,4,3,1,0,2,4,2,3,5,4,4,2,1,9,1,2,3,4,1,7,4,3,2,3,0,1,4,1,4,4,2,3,3,7,6,0,7,6,9,3,4,6,1,1,11
CCR7,0,0,0,0,18,0,0,0,6,7,0,0,1,0,1,5,0,15,1,1,0,8,0,0,2,20,6,10,9,0,1,0,0,0,0,14,7,1,13,0,2,0,0,7,0,0,1,0,1,4,15,15,0,0,0,0,0,0,8,7,0,7,0,0,1,1,0,2,4,0,12,7,0,1,6,0,0,0,0,0,1,1,1,11,35,6,3,5,11,2,2,1,0,4,2,2,0,8,7,0,3,0,0,0,0,0,0,0,4,0,0,20,0,0,6,1,0,0,0,0,0,0,5,0,4,10,7,9,7,1,5,0,0,0,0,2,1,0,1,11,12,0,1,1,0,0,1,0,0,8,1,0,12,1,17,0,0,1,0,1,1,0,18,7,0,6,0,0,9,0,7,0,12,0,2,5,3,0,0,0,0,1,4,0,0,0,1,6,0,4,0,13,14,0,9,13,0,4,11,3,0,0,0,12,11,4,2,0,7,2,4,0,10,0,0,0,13,6,1,1,13,1,1,0,18,1,2,0,0,7,2,0,0,1,0,0,0,3,13,9,0,0,6,0,0,0,0,1,0,4,1,0,3,17,5,0,1,6,16,0,7,0,0,15,0,10,4,6,3,27,10,6,15,0,0,0,0,2,0,0,13,7,14,6,0,0,10,8,2,10,0,13,0,10,0,1,0,0,0,0,3,2,0,0,0,7,6,0,0,9,1,0,8,1,0,0,2,1,0,3,3,5,0,1,0,1,0,0,1,6,2,21,0,0,12,1,11,1,11,0,9,0,0,0,0,0,0,8,0,9,0,8,0,0,9,0,0,0,0,1,1,2,12,1,1,0,0,0,0,1,0,0,0,0,8,8,0,1,6,0,0,0,0,1,0,0,0,1,6,0,0,8,0,0,10,0,0,0,0,1,2,0,0,16,1,1,0,0,6,1,0,1,7,0,9,4,6,0,4,3,0,8,21,5,0,0,17,0,10,1,0,0,0,0,6,4,3,0,2,2,0,7,0,10,0,0,0,0,22,0,13,1,0,6,8,11,0,6,0,0,1,5,0,0,0,0,0,0,5,3,12,0,15,9,0,0,0,2,0,4,8,12,2,0,4,2,1,19,0,0,0,0,0,5,0,5,1,1,3,0,0,0,0,6,2,0,0,1,2,7,19,1,11,1,4,3,0,0,8,0,0,0,31,0,2,13,1,0,1,9,1,1,4,0,5,7,0,6,9,0,1,1,0,0,1,0,6,17,0,0,0,1,4,2,11,1,0,0,1,6,6,6,0,1,1,0,0,6,10,1,0,0,5,0,0,1,0,0,0,1,2,5,4,7,0,0,14,0,18,4,0,2,0,0,5,0,2,0,0,0
CD37,6,2,1,4,0,0,8,8,1,0,0,0,0,3,0,0,0,1,0,0,11,1,0,0,4,3,1,0,0,0,2,0,0,0,0,0,0,1,0,3,0,0,3,0,0,3,1,0,1,1,0,0,14,1,2,7,0,0,0,0,0,0,2,10,0,0,0,0,2,0,2,0,0,1,0,0,1,7,0,5,1,0,1,0,3,0,5,0,0,0,0,3,0,1,0,0,1,0,0,0,0,4,1,0,3,1,0,0,0,0,0,0,1,1,2,0,9,8,0,0,0,0,0,0,1,3,0,0,1,1,0,1,0,0,2,0,0,0,2,0,1,1,1,1,0,0,0,0,0,0,0,1,0,0,0,0,0,0,9,7,0,0,1,0,0,0,0,4,0,0,0,0,0,0,0,0,3,0,0,7,0,0,0,1,3,0,0,0,15,0,2,0,0,0,1,3,2,0,2,0,9,0,3,3,0,0,3,0,0,0,6,0,0,5,3,6,3,0,0,0,0,0,1,0,2,0,0,0,0,0,0,0,0,0,0,9,3,4,1,0,1,6,0,0,1,0,0,0,0,2,0,0,1,3,0,5,0,0,0,0,0,1,0,0,0,1,0,0,0,4,1,0,0,0,0,0,0,2,0,0,0,0,0,0,0,1,1,0,0,0,2,0,0,0,0,0,0,1,7,0,9,0,0,0,0,0,0,2,0,0,0,0,0,0,0,0,0,0,2,1,1,0,0,3,1,2,1,0,0,0,5,0,8,0,0,0,2,3,5,0,0,0,10,0,6,13,0,0,0,0,0,0,0,1,0,1,8,3,0,1,0,0,0,0,3,0,5,0,0,0,5,0,0,0,0,3,1,0,0,5,5,0,6,0,1,0,6,0,0,1,0,1,1,0,0,0,0,0,0,0,0,0,10,0,0,0,0,0,0,0,0,0,1,0,1,1,0,6,0,0,0,0,0,0,0,8,0,0,1,6,0,5,15,0,1,0,0,0,10,0,0,1,8,0,0,4,0,0,0,1,0,0,15,0,0,2,1,0,3,0,0,0,2,1,0,3,0,1,0,0,0,1,0,2,3,0,0,1,0,0,0,0,0,0,0,0,0,0,0,1,2,0,0,0,11,1,0,0,0,0,8,0,0,0,0,2,3,0,1,0,0,0,0,0,1,0,0,4,0,1,0,0,0,1,0,0,1,0,3,0,0,6,0,0,0,0,0,0,0,0,0,0,0,0,0,0,0,0,1,0,1,1,1,0,0,0,0,0,0,0,0,0,1,0,0,0,7,1,0,0,0,0,0,2,2,0,2,0,0,0,0,0,1,1,0,0,1,0,0,0,0,0,0,0,0,0,6,0,0,0
CD3D,0,12,1,0,9,0,0,0,4,8,11,0,0,1,10,1,0,11,0,0,1,10,1,1,0,18,6,7,4,0,0,0,7,6,7,10,5,3,7,1,6,0,0,2,1,0,6,2,0,9,9,7,0,0,0,0,5,0,2,8,0,3,0,0,0,2,0,4,3,8,3,3,0,8,6,6,3,0,0,0,0,4,0,3,15,3,0,7,3,7,8,1,3,1,3,0,4,1,7,2,0,0,4,0,2,1,10,6,8,0,7,6,7,0,8,0,0,0,19,0,0,0,11,15,7,2,10,2,19,0,3,0,1,6,0,5,0,10,0,11,13,7,0,0,4,5,3,3,8,2,1,1,9,3,15,0,1,0,0,0,6,0,5,12,0,2,0,0,9,0,1,3,19,0,2,7,1,0,2,0,1,5,7,6,0,0,11,3,0,4,1,25,3,0,1,11,0,0,9,10,0,0,5,7,4,2,6,0,10,14,0,0,6,2,0,1,16,10,1,12,9,4,0,0,8,1,3,1,0,6,2,9,0,0,1,0,22,0,9,7,0,0,3,6,1,1,0,5,8,10,1,0,11,19,8,0,0,8,1,0,4,0,6,10,0,7,5,11,11,8,9,6,8,3,0,7,3,14,3,1,8,11,5,9,1,4,7,4,10,4,3,10,1,6,1,0,1,0,0,0,0,7,8,13,0,6,7,0,9,5,10,3,3,9,6,6,2,1,24,1,0,6,6,6,0,0,0,7,0,10,0,8,0,0,9,0,3,1,6,1,5,0,0,0,0,0,0,11,0,6,0,11,0,0,4,2,0,0,6,0,0,3,4,9,0,16,0,2,16,0,0,2,3,7,9,8,0,5,13,1,0,0,1,3,5,0,0,0,9,0,0,4,0,0,9,14,0,3,4,8,6,1,0,5,0,1,8,0,5,2,0,0,3,0,3,5,4,0,8,0,1,9,27,4,1,0,1,0,3,1,0,0,0,0,8,5,9,9,1,0,0,11,0,0,1,0,0,1,9,0,5,2,0,7,3,7,0,5,1,1,0,9,0,7,0,0,2,0,4,2,19,6,6,8,1,11,7,3,1,7,7,5,0,11,6,4,2,8,0,2,0,0,0,8,0,9,6,0,7,8,0,0,0,11,3,0,12,2,8,8,13,1,2,8,3,8,6,0,15,0,0,12,7,0,7,15,0,0,0,5,0,0,16,0,6,3,2,5,3,0,0,1,0,1,4,4,8,12,0,2,6,3,5,0,5,3,4,8,0,4,6,4,0,0,0,0,0,2,11,6,3,0,9,0,0,5,0,0,0,4,6,7,5,5,0,2,7,7,7,4,0,4,9,1,12,8,1,0,0,2
CD3E,0,11,0,0,12,0,0,0,7,6,14,1,0,0,7,10,0,19,0,0,6,10,0,0,1,9,7,9,6,1,0,0,14,7,4,8,6,9,11,2,12,1,0,4,1,1,3,4,0,2,10,3,0,0,0,0,5,1,3,6,0,5,0,0,1,1,1,7,2,1,4,7,0,6,11,10,12,0,4,2,0,3,2,5,11,6,2,6,5,5,2,0,4,8,8,3,7,2,9,0,0,0,2,0,0,0,7,7,8,0,11,8,5,0,7,0,0,0,13,0,0,1,1,5,3,6,9,5,14,0,3,0,2,4,0,5,3,19,0,11,11,0,0,1,7,12,9,5,3,2,0,0,14,0,8,0,3,0,0,0,4,0,5,1,1,1,0,1,11,0,6,4,15,1,6,0,6,1,0,0,0,0,4,5,0,0,7,6,0,3,0,13,3,0,5,1,0,0,4,16,0,0,4,5,7,6,6,0,7,23,0,0,3,0,0,1,6,4,0,10,9,5,0,0,4,0,7,2,0,9,1,3,0,0,0,0,23,1,9,6,0,1,6,3,0,1,1,13,9,7,0,0,11,7,5,0,0,3,15,0,14,0,2,4,1,8,3,7,6,7,8,5,17,1,0,7,5,8,0,0,6,7,7,2,1,4,7,3,7,8,0,3,3,8,0,1,0,0,1,0,2,5,5,7,0,13,9,0,2,6,18,4,8,17,11,5,5,0,9,2,0,3,7,7,0,0,0,5,0,15,1,6,0,0,6,1,10,1,4,0,5,1,0,0,0,0,0,12,0,2,0,9,0,0,4,4,0,0,5,0,2,5,4,6,0,5,1,0,10,0,0,8,2,6,1,1,0,3,9,1,1,0,0,3,8,0,0,2,7,1,0,5,0,0,11,15,0,4,4,3,3,1,0,11,2,0,5,0,3,4,0,2,8,0,8,3,10,0,13,0,1,11,19,3,0,1,1,0,10,0,0,0,0,1,4,9,3,13,0,1,0,7,1,4,4,0,1,0,7,2,14,0,5,4,7,2,0,11,0,0,1,2,0,3,1,0,0,0,5,3,5,11,8,11,2,4,8,1,0,9,5,9,2,2,5,4,4,6,1,3,0,0,0,8,0,9,4,0,1,4,0,1,0,1,5,0,15,0,4,6,3,0,8,6,4,14,3,0,6,0,0,11,5,0,2,6,0,1,0,2,0,0,14,0,2,6,7,2,4,0,0,0,0,0,3,11,17,10,0,2,6,5,4,0,6,4,3,5,2,4,13,0,0,3,0,2,0,0,17,4,6,0,6,0,0,6,0,0,0,4,3,7,6,9,0,0,10,6,9,7,0,3,17,0,8,9,1,1,0,0
CD4,0,2,1,0,10,0,0,0,7,0,0,0,0,0,0,3,2,10,0,0,1,4,0,0,0,18,0,14,5,0,0,0,0,1,0,10,4,0,16,1,0,0,0,0,0,1,0,0,0,5,12,8,0,2,0,0,0,2,5,7,0,2,0,0,0,0,0,0,3,0,5,0,1,8,3,0,0,0,0,3,0,0,0,5,11,4,0,0,11,0,7,0,0,0,0,2,0,0,14,0,0,0,0,0,0,1,1,0,4,0,0,17,0,2,11,2,0,0,2,0,0,1,8,0,4,0,0,11,11,0,9,0,1,0,0,6,0,0,0,5,1,0,0,1,2,0,1,1,3,6,0,0,5,0,10,1,0,0,0,3,2,0,12,5,0,1,0,0,1,1,0,0,7,0,6,9,0,0,0,0,3,1,1,0,0,0,1,9,0,0,0,10,7,1,11,7,0,0,6,0,0,0,0,7,9,6,13,1,7,1,0,0,2,0,2,0,10,1,0,0,0,0,0,0,0,0,11,0,0,6,6,1,0,0,0,2,2,0,3,2,0,0,4,0,1,1,0,0,0,0,0,1,2,10,3,0,0,3,11,0,9,0,0,5,0,6,1,10,12,10,7,4,9,0,0,0,0,1,1,0,4,2,1,4,0,0,7,1,1,5,0,6,0,7,0,0,0,0,0,0,0,9,0,0,0,0,0,0,0,1,0,2,6,0,2,1,0,0,1,0,0,0,3,0,0,0,0,1,0,0,1,9,0,0,6,0,10,8,8,0,5,0,0,0,1,3,0,9,4,7,0,6,0,0,0,1,1,2,0,0,0,1,6,3,0,0,0,0,0,1,0,0,0,0,8,10,0,0,0,0,10,0,1,0,0,1,0,4,10,1,0,9,2,0,4,0,1,0,0,1,0,0,0,7,0,0,1,0,7,2,0,0,7,0,3,2,5,0,4,2,2,3,6,12,2,0,6,0,6,0,2,0,3,0,6,8,8,0,0,0,0,10,2,5,0,0,0,0,5,0,6,0,1,5,6,5,0,0,1,0,0,5,1,2,0,1,0,0,9,0,1,0,3,8,0,0,0,0,0,0,1,4,1,0,5,0,1,7,0,0,1,2,0,3,0,0,0,0,0,0,0,0,0,0,1,0,6,0,1,3,10,1,5,0,0,5,0,0,8,0,0,0,14,0,3,0,1,0,0,0,0,1,1,1,1,5,1,5,2,2,1,0,1,0,4,0,0,15,0,0,0,7,7,0,1,2,1,1,0,0,4,8,0,0,0,0,0,2,0,0,0,0,0,0,0,0,0,0,0,0,0,0,3,0,2,0,7,0,3,8,1,0,2,2,10,0,2,0,0,0
CD74,13,1,1,6,0,0,10,11,0,0,2,0,0,0,0,1,0,0,1,0,12,0,0,0,8,10,0,0,0,0,9,0,0,1,0,1,0,0,1,1,1,0,4,0,0,1,0,0,0,0,0,0,5,0,8,9,0,0,0,3,1,0,0,11,0,1,0,0,0,0,0,2,0,0,0,0,0,0,2,12,0,0,0,0,0,2,2,0,0,0,0,3,0,0,0,0,0,0,0,0,0,8,0,0,1,6,0,0,0,0,0,1,0,0,0,0,5,4,1,0,0,3,0,0,0,0,0,0,1,1,0,0,0,0,0,0,1,0,4,1,0,0,0,0,1,0,0,0,0,0,0,0,0,0,0,2,0,0,8,9,0,1,0,0,0,1,2,6,0,0,1,0,0,0,0,0,0,0,0,1,0,3,0,1,3,1,0,0,7,0,0,0,0,0,0,0,0,2,0,3,7,0,0,0,0,0,0,1,0,0,6,2,0,6,5,6,0,2,0,0,0,0,1,0,0,0,0,0,0,1,0,1,1,0,1,4,6,8,1,0,1,4,0,0,0,1,0,0,0,0,1,0,0,1,0,1,0,0,1,0,0,0,1,0,0,2,1,1,0,0,0,1,0,0,3,0,0,0,0,0,1,0,2,0,0,1,0,0,0,0,1,0,0,0,0,0,0,4,0,0,5,1,0,0,1,1,3,0,2,0,0,0,0,0,0,0,0,3,6,0,0,0,0,1,0,1,11,0,3,0,7,1,1,0,0,0,0,5,0,0,0,0,15,2,4,4,0,0,3,0,1,0,2,0,0,0,4,2,1,0,0,0,0,0,0,0,11,0,2,0,4,0,0,0,0,0,0,0,2,7,4,0,6,0,0,0,7,0,2,2,1,0,0,0,0,0,1,0,0,0,0,0,4,0,0,0,0,0,0,1,0,0,1,0,0,0,0,10,0,0,0,0,0,0,0,9,0,0,2,12,0,4,4,0,0,0,1,1,14,1,0,0,9,0,0,5,0,0,0,0,0,0,20,0,0,3,1,0,1,0,0,0,0,0,0,4,0,1,0,0,2,0,0,0,0,3,0,0,0,0,1,0,0,1,0,1,0,1,0,2,3,1,0,2,1,0,0,0,0,0,15,0,1,0,0,4,1,0,1,0,0,0,0,0,0,0,0,6,1,1,0,2,0,1,1,0,1,1,1,0,1,8,0,0,0,0,0,0,0,0,1,0,1,1,0,0,1,1,4,0,0,0,0,1,0,0,0,1,1,0,0,0,0,7,1,0,4,1,0,0,0,1,1,2,1,0,0,1,0,0,1,0,0,0,0,0,0,0,0,0,0,0,0,0,0,0,7,2,0,0
CD79A,12,1,0,5,1,0,6,6,0,0,0,0,1,0,1,0,0,1,0,0,5,0,0,0,3,4,1,0,0,1,2,0,2,0,0,0,0,0,0,0,0,0,3,0,0,4,1,0,0,0,0,0,14,1,1,4,0,0,0,0,2,0,1,11,0,1,0,0,0,0,0,0,1,1,0,0,0,0,0,15,0,0,4,0,1,0,8,1,0,0,0,3,0,0,1,0,0,0,0,1,0,6,0,2,3,4,1,0,0,0,0,1,0,1,0,1,10,2,0,0,0,0,0,0,0,0,2,0,0,0,0,0,0,2,1,0,0,3,4,0,0,0,0,1,1,0,0,0,2,0,0,0,0,2,0,0,1,1,9,11,1,0,3,0,2,0,0,4,0,1,1,0,1,0,0,0,0,0,0,7,0,0,0,1,3,0,1,1,27,1,0,0,0,0,0,0,2,0,0,0,8,0,1,0,0,0,0,0,0,0,8,0,0,8,4,3,0,0,0,0,0,0,0,0,0,0,0,0,0,0,0,1,0,0,0,2,0,7,0,0,0,9,0,0,0,1,0,0,0,0,0,0,0,3,0,1,0,0,0,1,2,0,0,1,0,0,0,1,0,0,0,0,0,0,0,0,0,0,1,0,0,0,0,2,0,0,0,0,0,1,0,0,1,1,0,2,0,8,5,0,9,0,0,0,0,0,0,0,0,0,0,0,1,0,1,0,0,0,0,0,0,0,1,3,0,0,13,0,0,1,8,0,6,0,0,0,0,4,0,1,2,2,11,1,5,4,0,0,0,0,1,3,0,0,1,2,5,7,0,0,0,0,1,0,0,2,7,0,0,0,8,0,0,0,0,0,0,0,0,5,0,0,8,3,0,0,10,1,4,0,1,0,0,0,0,1,0,0,3,1,0,0,10,0,3,0,0,0,0,0,0,0,0,0,0,0,1,14,0,0,1,0,0,0,0,7,0,0,1,7,0,0,6,0,1,0,0,2,12,0,0,0,7,0,1,7,0,0,0,1,1,0,10,0,0,2,0,0,5,0,0,0,0,0,0,14,0,0,0,0,2,0,1,0,0,0,0,1,1,0,0,0,0,1,0,0,0,0,0,0,2,0,1,0,7,0,0,0,0,0,15,0,0,0,0,1,0,0,0,0,2,0,0,0,0,0,0,6,0,0,0,0,0,0,0,0,1,0,3,0,0,11,0,0,0,0,0,0,1,0,1,0,0,0,0,2,0,0,4,0,0,0,0,0,1,0,0,0,0,0,0,1,0,0,0,0,5,0,0,0,0,0,0,7,4,2,2,0,0,0,2,0,0,0,0,0,0,0,4,0,0,0,1,2,0,0,13,1,0,1
CD79B,10,0,0,2,0,0,8,8,0,2,0,2,1,1,2,0,1,0,0,1,13,0,0,0,4,0,0,0,0,2,3,0,0,0,0,0,2,0,0,0,0,0,2,0,0,6,0,0,0,0,0,4,4,0,4,3,0,1,1,0,1,1,0,8,0,0,0,0,0,1,0,0,2,0,2,0,0,1,1,10,0,0,0,1,2,0,2,0,0,0,0,4,0,1,0,1,0,0,0,1,0,5,0,0,5,13,0,0,0,0,0,0,1,0,0,0,10,10,0,0,0,0,3,0,1,1,0,1,0,0,1,0,1,0,0,0,1,1,2,0,0,0,0,0,0,1,2,2,0,0,0,0,0,0,1,1,0,0,7,9,0,0,0,0,0,1,0,4,0,0,0,0,0,0,0,0,0,3,0,6,1,0,0,0,2,0,1,0,14,0,0,0,0,4,0,0,2,0,1,0,5,0,0,0,1,0,0,0,0,0,7,0,0,6,6,7,2,0,8,0,0,0,0,0,0,0,0,0,0,0,0,1,2,0,0,5,1,5,0,0,0,6,0,0,4,0,0,0,0,0,0,0,0,0,1,3,0,0,0,0,0,0,0,0,0,2,0,0,0,0,0,0,0,2,0,0,3,1,0,0,0,0,0,1,0,1,0,0,0,0,0,0,0,1,0,1,0,4,5,0,9,1,0,0,0,0,2,1,0,0,0,0,0,0,0,0,0,0,0,0,0,0,0,2,0,0,4,0,0,0,18,2,3,0,0,1,0,12,0,0,0,1,11,0,2,5,0,0,1,0,0,0,0,0,0,2,3,8,0,0,0,0,0,1,0,3,8,1,0,0,2,1,1,0,0,0,1,1,1,2,3,0,9,1,0,0,6,2,0,0,0,0,0,0,1,1,0,0,0,0,1,0,13,0,0,0,0,0,0,0,0,1,0,0,0,1,0,6,1,0,0,0,0,0,0,5,2,1,0,2,0,3,14,0,0,2,0,0,6,0,0,0,10,0,0,10,0,0,0,0,0,1,25,0,1,0,1,0,5,0,0,1,0,0,0,4,0,0,0,0,0,0,0,0,0,0,0,0,0,0,0,0,1,0,0,0,0,0,0,0,5,0,0,0,10,0,0,0,3,0,13,0,0,0,0,2,2,0,0,0,3,0,0,0,0,1,0,8,1,1,0,1,0,0,0,1,1,0,4,1,0,6,0,0,0,0,0,0,0,0,0,2,0,0,0,0,1,0,4,2,0,0,0,0,1,0,0,0,0,0,0,0,0,0,1,0,4,0,8,0,0,0,1,4,0,4,1,0,0,0,0,0,0,1,1,2,0,0,0,0,1,0,0,0,0,1,13,0,0,2
CD8A,0,6,0,0,1,0,0,0,0,5,10,1,0,0,7,0,1,1,0,1,0,11,0,0,1,0,5,0,0,0,0,0,6,5,5,1,0,5,0,0,9,0,0,2,1,0,3,1,0,0,0,0,0,0,0,0,4,1,2,0,4,7,1,4,0,1,0,1,0,3,0,5,2,1,0,6,6,0,2,2,0,1,0,0,0,0,0,6,0,3,1,0,5,7,7,0,2,0,0,2,0,0,5,0,0,0,12,4,1,0,7,2,4,0,0,0,0,0,16,0,1,0,0,5,0,7,3,0,0,0,1,0,0,1,0,0,0,8,0,0,14,9,0,0,8,14,10,3,10,1,0,5,1,0,0,0,1,0,0,0,0,1,0,1,0,5,0,2,1,0,6,7,0,0,0,0,6,0,1,0,0,0,5,5,0,0,8,0,0,2,0,0,0,4,0,2,1,0,0,11,2,0,8,0,0,0,0,0,0,22,0,1,0,0,0,0,0,1,0,2,10,8,0,0,5,0,1,0,0,0,0,1,1,1,1,0,16,0,1,0,0,0,0,4,1,0,1,6,9,3,0,0,7,0,1,0,1,1,0,0,0,0,8,1,0,1,11,0,0,0,0,0,0,0,0,20,1,6,0,0,2,0,0,2,1,11,0,5,5,0,0,0,1,0,0,0,0,0,1,0,1,0,7,9,3,13,6,0,5,1,14,4,0,13,5,4,2,0,9,0,0,9,4,7,0,0,0,7,1,12,2,1,1,0,0,4,0,0,0,1,0,3,0,0,0,0,0,0,4,0,0,1,0,0,8,1,0,0,4,0,4,0,0,0,0,2,0,0,13,0,0,6,1,8,1,0,1,7,9,0,3,0,0,7,5,0,0,0,0,0,1,0,0,0,6,16,3,6,7,6,2,1,0,0,0,0,5,1,0,1,0,2,0,0,0,0,0,0,0,2,2,3,0,0,0,0,0,0,0,0,1,0,2,0,0,1,0,11,1,0,0,1,2,1,8,0,0,0,0,0,0,2,0,1,0,0,0,5,0,0,0,0,0,2,0,7,0,0,0,5,10,24,0,0,3,6,2,0,2,3,11,0,6,7,0,3,0,0,0,0,0,0,0,13,0,11,9,0,5,10,0,0,0,12,11,0,14,1,7,0,0,0,1,12,3,0,5,1,0,1,0,7,0,0,0,7,0,0,0,5,0,2,12,0,0,0,4,0,0,1,0,0,0,0,0,8,5,1,0,3,2,0,0,0,0,0,5,10,0,2,0,0,1,0,0,2,0,0,18,10,9,1,3,0,0,5,1,0,0,3,5,5,0,5,2,0,0,2,0,1,0,2,14,0,0,3,2,0,0,1
CD8B,1,13,0,0,0,0,0,1,0,9,11,0,0,1,12,0,0,2,0,0,0,2,0,1,0,0,5,0,0,0,2,1,8,1,7,1,1,0,0,1,8,0,1,8,1,0,3,4,1,0,0,1,0,0,0,0,7,0,1,0,1,3,0,0,1,0,0,4,0,5,0,2,4,1,1,1,3,0,1,0,0,4,0,0,0,0,0,13,1,4,0,1,8,3,2,0,3,0,0,0,0,0,1,0,0,1,10,7,0,0,4,0,7,1,2,0,0,0,16,0,0,1,1,3,0,12,4,0,1,0,0,0,0,7,0,1,0,9,0,2,13,4,0,0,8,5,4,2,6,0,0,0,0,0,0,1,2,1,1,3,0,0,3,0,0,9,0,0,7,0,8,6,0,0,1,1,3,0,0,0,0,0,5,6,0,0,12,0,0,3,0,0,0,0,0,1,0,1,0,4,0,0,11,0,1,2,1,0,0,14,0,0,0,0,1,1,0,0,1,15,7,3,0,0,12,0,1,0,0,0,0,2,0,0,0,0,11,6,0,0,0,0,0,6,1,1,0,5,8,19,0,0,7,0,0,0,1,0,0,0,0,1,3,0,3,1,5,0,0,3,0,0,0,2,0,16,2,6,0,0,0,3,0,0,1,11,0,5,2,0,1,1,0,0,0,0,0,2,2,0,0,0,7,4,0,13,6,1,8,0,16,7,0,7,3,12,4,0,27,0,1,9,4,4,0,0,0,9,0,15,0,0,0,0,0,0,0,1,0,0,0,1,1,2,0,0,0,1,1,0,3,0,0,0,8,3,0,0,4,0,0,0,0,0,0,11,1,0,7,0,0,5,7,5,0,0,0,9,7,0,0,0,0,8,2,0,0,0,0,0,1,0,0,0,0,4,0,3,2,4,3,0,0,0,1,0,5,1,0,0,0,0,0,0,0,0,1,1,0,0,0,0,1,2,0,0,2,1,0,0,0,0,3,0,0,0,0,11,1,0,0,0,0,0,8,2,1,0,0,0,3,0,1,0,0,0,1,8,3,1,0,0,0,4,0,0,0,0,0,3,11,8,0,0,0,6,3,0,0,12,8,1,0,15,0,18,4,0,0,0,0,1,0,4,0,2,6,0,6,6,0,0,0,7,4,0,24,2,12,1,0,0,2,1,4,0,8,0,0,0,0,8,0,0,0,2,0,0,0,3,0,0,9,0,0,0,2,1,0,0,2,0,0,0,2,12,15,0,0,4,9,0,0,0,0,0,5,8,0,4,1,1,2,0,3,0,0,1,10,16,6,0,7,0,0,7,7,1,0,6,1,10,0,7,0,0,0,6,1,1,0,5,8,0,0,5,0,0,0,0
CTSS,2,1,3,0,0,6,1,0,0,0,0,8,0,32,0,0,1,0,3,0,0,1,13,4,0,0,1,0,0,0,0,7,0,0,0,0,1,1,0,0,0,4,0,0,5,1,1,0,0,1,0,0,0,0,0,0,0,0,0,0,0,0,0,0,0,0,0,0,0,0,0,0,14,1,0,0,0,1,0,0,1,0,6,0,1,0,2,0,1,0,0,2,0,0,0,0,0,0,0,14,4,2,0,3,0,0,0,1,1,10,0,1,0,0,0,8,0,1,1,0,0,0,2,0,2,0,0,0,1,0,0,9,0,0,1,0,7,0,0,0,2,0,3,0,1,0,2,0,0,0,14,11,0,0,0,1,0,0,0,0,0,6,0,0,0,3,9,0,0,2,2,1,0,4,0,0,0,5,5,0,6,8,1,1,0,0,0,1,1,0,6,0,1,2,1,0,0,11,0,2,0,4,2,0,0,0,0,0,2,0,0,0,1,0,0,0,0,0,11,1,0,0,0,4,0,14,0,0,1,0,1,0,1,0,21,0,0,0,0,0,5,0,0,0,0,4,0,1,5,0,0,4,0,0,0,0,4,0,0,0,0,10,0,1,9,1,0,0,0,0,0,0,0,0,0,0,0,0,2,11,0,0,0,0,5,0,0,0,0,0,6,3,3,0,5,7,15,0,0,0,0,0,0,1,9,0,1,0,3,0,1,0,0,0,3,1,0,0,0,6,6,2,0,0,5,3,0,0,1,0,0,0,0,8,2,0,1,0,0,1,0,4,0,0,0,0,8,4,0,0,1,0,0,0,0,0,0,0,0,0,16,0,0,1,0,0,0,1,2,4,1,0,1,1,0,0,2,0,0,0,0,19,0,0,0,6,0,4,2,6,2,0,0,1,0,0,6,0,1,0,0,3,1,0,6,3,0,11,0,9,0,0,0,3,0,0,0,0,0,10,0,0,0,0,1,1,0,1,0,1,6,0,2,8,0,0,0,0,0,2,4,1,0,1,1,0,6,1,0,0,0,8,0,0,0,0,3,0,0,0,0,0,5,0,0,1,0,1,0,0,0,2,0,0,0,0,0,0,2,0,0,0,0,1,0,0,0,0,0,1,0,1,0,0,0,0,0,0,1,0,1,10,8,0,0,0,1,8,0,0,0,12,0,1,0,1,0,0,0,6,4,0,0,0,1,3,6,4,0,1,1,0,3,0,2,0,0,1,1,11,4,0,4,3,0,0,0,0,1,1,0,0,0,4,0,0,0,0,0,0,1,1,12,0,0,0,0,0,1,0,1,7,0,0,13,0,4,0,3,0,0,0,0,0,5,0,0,1,3,0,3,0,2,0,0,0,0,0,7,0
CTSW,2,11,1,0,0,0,0,1,0,4,8,0,4,0,13,0,10,3,0,5,0,3,0,1,0,16,10,0,5,10,0,0,13,7,10,0,0,3,0,3,10,1,0,2,0,0,7,5,7,1,2,0,0,5,0,0,8,5,0,12,0,8,4,0,4,9,3,0,2,11,0,4,0,0,6,5,18,2,7,0,5,3,0,0,0,0,0,4,0,5,0,0,9,3,5,6,6,0,2,0,0,0,4,0,0,0,9,6,1,0,5,0,9,3,6,0,0,0,28,2,4,8,0,16,4,8,5,1,12,6,3,0,5,10,12,3,1,10,0,0,10,6,0,8,8,7,6,3,10,0,2,0,0,6,16,3,3,4,1,0,5,1,2,3,4,7,0,0,5,5,4,4,2,0,0,5,1,1,0,0,3,1,19,4,1,2,12,1,1,3,0,0,13,0,0,0,6,0,0,7,0,0,17,10,0,0,4,5,6,40,1,3,0,0,0,2,0,11,0,3,3,5,7,1,6,0,0,11,5,1,3,4,0,9,0,3,37,0,0,0,0,0,3,8,3,0,6,6,11,11,2,0,10,0,3,3,0,3,0,3,6,0,4,0,0,8,2,0,5,0,5,0,6,1,10,27,9,6,1,2,0,0,0,0,5,8,0,5,1,3,0,6,1,0,0,0,0,0,0,3,1,0,4,11,2,17,4,8,16,0,15,6,0,23,4,6,2,5,12,0,0,9,5,9,1,3,0,8,1,6,0,0,1,0,0,2,0,1,0,0,7,1,0,9,0,0,0,0,8,0,4,13,6,3,6,2,0,0,6,4,0,0,0,0,7,2,1,6,3,0,0,20,3,13,6,0,0,7,12,0,10,0,0,14,5,0,3,0,4,0,8,2,6,3,0,7,0,5,7,21,8,0,0,3,0,0,11,0,6,0,4,9,1,0,1,0,1,0,9,2,12,0,0,0,3,0,0,0,0,0,0,1,0,1,0,0,3,15,0,8,0,0,0,0,5,0,0,0,0,5,5,1,0,3,0,0,0,5,0,3,5,0,0,9,3,1,1,0,4,9,9,12,1,7,1,11,7,7,9,10,17,0,16,10,0,19,5,0,5,13,0,7,2,4,0,6,3,8,3,4,1,0,0,5,1,0,14,0,10,0,14,1,0,11,2,0,7,0,11,0,0,5,0,11,5,5,1,0,1,5,4,0,9,11,1,5,10,0,0,0,0,3,1,0,8,20,7,3,1,10,14,4,6,0,0,4,5,8,10,2,0,0,0,10,9,4,0,3,6,8,5,0,1,1,0,6,0,1,1,10,7,7,0,5,0,8,0,8,11,5,0,5,15,6,0,6,1,12,0,8
CXCL13,0,0,2,0,9,0,1,0,2,0,12,2,0,3,0,2,0,1,0,0,3,1,0,0,0,0,1,0,1,0,0,0,0,1,0,1,7,0,0,0,0,0,0,2,1,0,2,1,0,0,0,0,0,0,0,0,0,0,0,0,0,0,0,2,0,2,1,0,0,0,0,0,0,10,0,5,1,0,0,0,0,4,0,0,0,0,0,0,0,0,5,0,0,1,0,3,0,0,0,1,0,0,0,0,0,1,4,8,0,1,1,11,4,0,0,0,0,0,0,0,1,0,8,8,0,2,0,0,0,3,0,1,0,0,0,0,0,0,0,0,1,1,1,0,0,8,1,9,2,0,1,0,3,0,0,0,0,0,0,0,0,0,0,0,1,0,0,0,1,0,0,11,0,4,2,0,0,0,0,2,0,0,1,6,0,0,0,9,0,0,0,9,0,0,0,0,0,0,5,1,0,0,1,0,0,3,0,1,3,0,0,0,0,0,0,0,0,0,0,6,0,0,0,0,2,0,5,2,1,0,0,3,1,0,3,0,4,0,0,0,3,0,0,0,0,1,0,3,1,7,0,0,5,0,0,0,1,0,0,0,0,0,5,0,0,0,0,0,0,0,0,4,0,0,1,1,0,1,0,0,0,6,0,0,0,5,0,0,0,0,0,0,1,1,0,0,1,0,0,0,0,8,8,8,0,0,1,0,2,0,5,2,0,0,5,7,0,0,23,0,0,0,4,12,0,0,0,8,0,0,1,0,0,0,0,1,0,0,0,0,0,0,0,2,0,0,0,0,1,3,0,0,0,0,1,1,0,1,5,0,0,0,0,4,0,13,0,0,7,0,0,1,5,0,0,0,0,1,0,0,0,1,0,1,3,0,0,0,1,0,0,3,0,1,0,8,0,1,0,0,0,0,0,0,1,0,6,0,0,0,0,4,0,0,0,1,0,0,0,1,0,1,0,6,0,1,0,0,0,0,0,2,0,0,12,0,0,0,0,0,1,5,3,5,4,0,0,0,0,1,0,0,2,0,0,0,1,0,0,1,0,2,1,1,0,0,0,0,1,1,2,0,0,0,0,1,5,0,0,0,1,0,0,13,5,0,0,0,0,1,0,0,0,0,0,0,0,1,0,2,0,0,0,0,0,0,16,1,0,6,0,0,7,0,0,12,0,0,1,1,0,1,0,0,0,0,0,0,0,0,1,0,0,0,0,0,0,8,0,1,0,1,0,0,2,2,0,10,0,1,0,0,0,0,0,0,0,0,0,1,5,11,1,0,0,0,0,0,0,0,0,0,0,0,3,1,2,0,0,0,0,1,6,1,1,0,7,0,0,0,0,13,0,1,0,0,0,0,1,2
FCER1G,0,0,3,0,0,3,0,0,0,0,0,9,0,13,0,0,0,1,3,1,0,1,8,12,0,0,1,0,0,0,1,8,1,0,0,0,0,1,0,0,0,2,0,0,6,0,0,0,0,0,0,0,0,0,0,0,0,0,0,0,0,1,1,1,0,0,0,0,0,0,1,0,5,2,0,0,1,0,0,0,0,0,5,0,0,3,0,0,1,0,1,0,0,0,0,1,0,0,0,10,1,0,0,4,1,2,0,0,0,9,0,1,0,0,0,9,0,0,1,0,1,0,2,0,0,0,0,0,0,1,1,11,1,0,0,0,13,0,0,0,0,0,7,0,0,0,0,0,0,0,10,10,2,1,0,1,0,1,1,0,0,3,0,0,1,1,2,0,1,1,0,0,1,3,0,0,0,9,1,0,4,9,0,1,0,0,1,0,0,0,6,1,0,5,0,0,0,14,0,0,0,3,0,0,0,0,1,0,1,0,1,0,2,0,0,0,0,1,6,0,0,0,0,5,1,18,0,1,0,2,1,0,1,0,9,0,0,0,0,1,4,0,1,0,1,5,2,0,0,1,0,6,0,0,0,0,7,2,0,0,0,6,0,0,6,0,0,0,0,0,1,0,0,0,0,1,0,3,5,5,0,1,0,0,0,0,1,0,0,0,3,2,8,0,7,7,9,0,0,0,1,0,3,4,12,0,0,1,0,0,6,0,2,0,2,0,0,1,2,13,4,1,0,0,4,0,2,0,1,2,2,0,0,3,1,0,0,1,1,7,0,3,1,1,0,0,4,0,1,0,0,1,1,0,1,0,0,0,0,0,5,0,0,1,3,2,0,0,0,4,0,0,0,0,0,1,8,1,1,0,0,7,2,0,1,8,1,8,0,11,2,0,0,0,0,0,9,0,0,0,0,4,0,0,1,9,0,11,0,7,0,2,1,0,2,2,0,1,0,11,0,0,0,0,2,0,0,2,1,0,2,0,0,3,0,0,0,1,1,0,2,0,1,0,1,1,5,0,0,0,0,6,3,1,0,0,9,0,0,1,0,0,2,0,0,3,0,3,0,0,0,0,0,3,0,0,0,2,0,0,0,0,1,0,0,0,0,0,0,2,0,0,0,1,0,1,0,0,1,0,0,9,4,0,1,0,0,4,0,0,0,12,0,3,0,2,0,1,0,8,4,0,0,0,4,0,13,12,2,0,0,2,0,2,0,0,0,0,0,9,5,0,4,2,0,0,0,0,0,0,0,0,0,3,0,0,0,0,0,1,1,1,29,0,1,0,0,0,1,0,0,3,0,0,12,0,11,0,3,0,0,0,0,0,4,0,0,0,0,0,3,1,2,0,0,0,0,0,4,0
FCGR3A,0,0,0,0,0,1,0,1,0,0,0,0,4,1,0,0,6,0,0,7,0,0,0,0,0,0,1,3,0,14,0,0,0,2,1,0,0,0,2,15,0,0,0,0,1,1,0,0,5,0,1,0,1,4,0,0,0,3,0,0,9,0,2,1,9,3,2,1,0,0,0,0,1,0,0,1,1,7,8,1,6,1,0,0,0,1,0,0,0,1,0,0,0,1,0,14,1,0,1,0,0,1,0,0,0,0,0,0,0,1,0,0,0,5,1,0,2,0,2,5,2,7,0,1,0,0,0,1,0,5,0,0,5,0,8,0,0,1,0,0,1,0,0,3,0,0,0,0,0,0,0,0,0,4,0,2,0,7,0,0,0,0,1,0,2,1,0,0,0,0,2,0,0,0,0,0,0,5,0,0,2,0,0,2,0,1,0,0,0,0,0,0,0,0,0,0,4,0,0,0,0,1,0,2,1,1,0,7,0,0,0,2,0,0,0,0,0,0,1,0,0,1,12,0,0,4,0,18,4,1,0,0,0,14,0,0,0,0,0,0,1,0,0,0,10,1,2,0,1,0,7,0,0,0,1,0,0,0,2,2,0,0,0,2,0,0,1,0,2,3,0,1,0,7,14,0,0,0,1,0,1,2,0,1,8,1,5,0,0,0,0,0,0,0,0,0,0,0,0,10,0,1,0,0,0,0,1,17,0,0,3,0,0,1,0,0,0,6,0,0,0,1,1,0,0,7,1,1,4,3,0,1,1,0,1,9,0,0,0,1,1,0,0,9,0,0,0,0,4,2,7,0,5,6,0,0,0,0,1,1,0,0,0,0,7,0,1,8,1,0,0,1,0,0,2,1,0,0,0,1,9,0,0,1,0,0,0,0,2,1,10,0,5,5,0,0,0,0,0,0,0,0,0,0,0,0,0,0,1,1,11,5,1,0,0,0,0,1,1,2,7,1,0,0,2,1,0,0,0,0,0,0,0,0,0,0,0,0,0,13,1,0,0,0,0,3,0,1,0,8,0,1,0,0,0,0,0,0,0,9,5,0,0,1,5,0,2,0,0,0,1,1,1,3,0,0,0,10,9,0,0,0,12,0,4,0,1,0,8,11,0,17,5,0,0,0,0,9,2,0,0,0,0,0,0,1,1,0,0,0,0,0,0,1,0,0,0,0,0,0,0,1,0,4,1,0,1,1,0,0,4,0,1,11,0,0,0,1,0,0,0,6,0,0,0,0,0,0,1,0,0,2,0,0,0,0,0,0,9,0,0,0,0,19,11,7,0,1,4,0,0,0,0,0,0,0,0,10,1,0,0,1,0,0,1,8,0,1,1,1,1,0,0,3,0,0,0,10,0,10
GAPDH,6,3,1,0,2,5,9,2,2,2,3,1,0,8,5,2,0,4,2,1,3,2,6,3,4,10,0,3,0,4,0,2,3,2,5,3,2,4,3,4,5,2,2,3,4,1,3,4,5,5,4,1,3,2,5,2,2,2,3,2,5,0,5,7,4,7,1,1,4,2,6,3,4,0,2,2,5,3,6,4,1,3,3,3,8,5,0,1,1,5,2,2,4,3,3,2,0,1,1,5,2,5,3,1,1,6,0,2,8,6,2,5,2,5,3,4,3,4,7,2,4,2,4,3,3,3,4,5,6,3,1,1,0,0,4,6,2,11,1,2,1,4,2,0,2,2,5,0,1,3,3,3,6,1,1,2,3,0,1,6,3,3,4,0,1,3,1,5,3,1,2,2,4,3,2,1,4,3,1,2,1,3,1,2,1,4,1,5,5,0,1,9,4,3,1,4,2,6,2,5,4,2,3,6,3,0,4,1,2,8,7,5,0,2,2,5,2,4,2,3,1,5,7,1,7,6,4,4,4,1,2,2,2,1,7,3,15,4,0,3,2,2,5,4,2,4,1,5,2,2,5,0,2,5,4,2,2,1,3,3,5,0,3,3,0,3,1,2,3,4,2,2,2,1,1,3,1,1,1,5,1,3,8,2,3,4,8,1,4,3,4,3,5,3,2,2,0,3,1,5,3,3,1,4,7,5,1,4,3,5,11,5,2,5,3,0,1,3,7,1,2,2,3,6,2,5,3,3,3,10,3,4,4,3,2,2,6,1,0,4,5,2,3,4,3,2,2,1,2,1,3,3,0,4,2,3,2,2,1,3,4,3,2,5,3,3,6,3,12,1,4,2,1,4,3,3,1,1,6,6,5,5,4,5,4,5,2,5,1,3,0,3,3,3,1,4,3,3,0,4,0,3,0,12,3,4,4,5,2,7,1,6,3,1,4,3,3,9,3,3,3,4,12,4,3,1,3,0,3,2,0,1,4,0,5,5,3,4,5,2,2,5,6,3,1,3,7,3,0,6,5,0,8,4,1,4,3,2,1,2,3,1,2,2,1,4,1,1,4,3,5,1,0,4,2,6,1,0,9,4,4,2,4,2,0,6,2,4,3,11,5,2,6,1,0,5,3,3,2,0,4,6,4,1,1,5,9,0,7,3,10,4,1,3,4,2,4,3,8,4,2,2,6,2,1,8,3,4,1,0,4,8,5,3,1,3,2,5,3,6,3,7,1,7,0,6,2,3,5,8,2,1,5,0,0,1,4,3,4,1,3,1,4,6,7,1,1,0,6,1,4,3,5,2,10,2,3,3,2,3,3,6,2,4,5,1,2,3,6,2,0,4,3,1,1,2,6,6,2,3
GNLY,0,15,0,0,0,0,0,0,3,1,0,0,5,1,8,0,9,0,0,13,0,0,0,0,0,15,0,1,1,13,0,0,5,0,3,0,0,0,0,20,0,0,0,1,0,0,0,0,6,1,1,0,0,8,0,0,2,13,1,5,9,0,9,0,12,14,7,0,4,10,2,0,0,0,12,0,5,5,24,0,5,0,0,0,2,0,1,1,0,0,0,0,6,1,0,15,4,1,7,1,0,0,1,2,0,1,0,0,10,0,6,0,0,14,8,0,0,1,14,5,3,11,0,0,8,0,0,0,7,17,5,0,11,6,13,3,0,7,1,0,0,0,0,4,7,0,3,0,1,0,0,1,0,7,9,13,0,13,0,2,2,0,0,6,9,0,0,2,0,0,2,1,0,0,0,2,1,2,0,0,1,0,1,0,0,11,7,0,0,0,1,0,2,0,0,0,8,0,1,0,0,0,10,15,0,2,6,5,5,11,0,6,2,1,0,1,3,4,0,0,0,0,8,0,1,1,0,28,12,1,5,0,0,14,2,0,23,0,0,0,0,0,12,7,17,0,4,0,9,0,9,0,0,0,2,1,0,4,0,5,5,0,0,2,1,11,0,0,3,0,8,0,15,6,17,9,2,0,0,3,0,0,0,0,19,0,0,0,0,1,0,11,0,0,0,0,1,0,0,15,0,0,1,0,0,0,0,10,11,0,7,0,0,1,0,0,0,17,0,0,0,2,1,0,0,20,0,0,11,0,1,0,0,0,0,9,0,1,0,0,6,0,0,16,0,0,0,1,16,0,17,10,11,11,0,0,0,0,1,12,0,0,0,1,16,0,1,12,0,0,0,10,1,3,7,0,0,0,0,0,34,0,1,9,0,0,0,0,12,0,14,0,9,2,0,0,0,3,4,4,0,0,0,14,0,0,1,0,6,1,14,11,0,0,0,1,3,0,4,0,19,0,1,0,14,1,1,1,0,0,0,1,0,0,0,0,4,17,0,9,1,0,0,1,0,0,1,3,0,7,4,0,0,5,0,0,2,0,1,9,5,1,0,8,11,0,5,0,5,3,3,10,0,4,0,5,0,18,9,0,0,0,9,2,0,4,3,0,17,15,1,27,21,0,0,0,0,20,0,1,1,0,1,0,0,1,2,0,2,0,8,3,0,7,0,0,1,0,18,0,0,5,2,21,9,0,0,0,0,0,10,2,0,11,4,7,3,0,0,2,0,14,0,0,6,8,0,0,0,2,6,3,2,0,0,7,2,2,18,1,1,0,0,34,13,13,0,1,2,0,9,0,0,0,0,1,3,4,0,9,1,0,1,1,0,6,1,7,4,11,1,0,8,13,0,8,0,14,0,10
GZMB,0,6,0,0,0,0,0,0,0,0,2,0,6,1,9,0,15,0,0,16,0,0,0,0,1,13,0,0,4,13,0,0,8,0,6,0,0,0,0,14,2,0,0,0,1,0,0,0,12,3,0,0,3,6,0,0,6,14,0,4,20,0,6,0,8,17,11,0,3,2,1,1,0,0,5,2,4,11,14,2,9,0,0,1,0,0,0,0,0,0,0,0,15,1,0,17,3,0,7,0,0,1,2,0,0,1,0,0,3,0,5,0,0,17,5,1,0,0,22,10,5,14,0,2,5,0,0,0,12,13,2,1,9,3,23,5,0,6,0,0,0,0,0,6,3,1,3,0,3,0,2,0,0,8,8,15,0,16,0,0,8,1,2,2,6,1,0,0,0,0,0,0,0,0,0,4,0,0,0,0,0,1,0,2,1,9,10,0,0,2,0,0,2,0,0,0,15,0,1,0,0,0,3,11,0,0,6,10,4,28,2,6,0,0,0,1,0,9,2,1,0,0,13,0,1,1,0,15,14,0,3,0,0,16,0,1,8,1,4,0,0,1,4,6,18,0,6,0,4,0,4,0,0,0,2,0,0,5,0,15,4,2,0,0,0,7,1,0,3,0,6,0,10,5,18,16,2,1,0,0,0,0,2,0,17,0,1,0,0,9,0,1,0,0,0,0,0,0,0,14,0,0,0,1,0,0,0,18,5,0,4,0,0,7,0,1,0,12,1,0,0,0,0,0,0,11,0,0,5,0,1,0,0,0,0,5,0,0,0,0,4,0,0,21,1,0,0,0,10,0,16,5,6,5,0,0,0,0,0,6,0,1,0,0,14,0,0,12,0,0,0,7,0,4,3,0,1,1,2,0,17,0,0,7,1,0,0,0,7,0,13,0,9,12,0,2,1,4,1,6,0,0,0,2,0,0,0,0,6,0,10,13,0,0,0,2,9,0,7,0,18,0,1,1,19,1,1,0,0,0,0,0,0,0,0,3,5,12,0,9,0,0,1,0,0,0,0,3,2,10,3,0,0,5,0,2,1,0,0,7,6,0,2,8,7,2,9,0,2,5,0,8,0,1,0,3,0,10,8,0,0,0,26,0,2,5,4,1,7,19,1,18,9,1,1,0,0,13,0,1,2,0,0,0,0,0,0,1,9,0,6,0,0,12,0,0,3,1,5,0,1,11,0,11,6,0,0,1,0,0,17,2,2,10,4,9,3,0,0,1,0,13,1,0,0,4,2,0,0,1,4,4,1,0,0,7,5,12,10,0,1,0,1,21,15,16,0,2,1,0,2,0,0,1,0,0,2,6,0,6,3,0,0,1,0,9,1,5,3,4,0,0,8,18,0,7,0,12,0,15
GZMK,0,5,0,0,0,0,0,0,0,8,17,0,0,0,9,0,0,0,0,0,0,7,0,0,0,1,15,1,1,0,0,1,9,4,6,0,0,3,1,0,11,1,0,4,0,0,2,4,0,0,0,2,0,0,0,0,3,1,0,0,0,3,0,1,2,1,1,4,0,5,0,8,0,0,0,6,14,0,4,0,0,2,0,1,0,0,0,8,0,6,3,0,13,5,4,1,2,0,3,4,0,1,2,0,0,0,5,8,0,0,8,0,10,0,0,0,0,0,12,0,0,4,0,18,0,6,9,0,0,0,0,0,0,4,0,0,0,13,0,0,5,1,0,0,1,7,5,3,5,1,0,1,2,0,0,1,5,0,0,2,0,0,0,0,1,8,0,0,2,0,4,4,0,0,0,3,3,0,0,0,0,1,3,14,0,0,12,1,0,2,0,0,0,2,0,0,2,6,0,12,0,1,8,0,0,0,1,0,0,16,1,1,0,0,0,0,0,0,0,9,12,9,0,0,4,0,0,0,0,0,1,5,0,0,0,1,14,0,0,0,1,1,0,2,0,1,2,9,7,6,0,0,9,0,0,1,0,0,0,0,1,0,9,0,2,0,1,0,0,1,1,0,0,0,0,15,0,7,0,0,0,0,3,0,1,6,0,4,3,0,0,1,0,0,0,0,0,0,0,0,1,0,4,9,0,13,6,0,6,0,17,5,0,10,3,1,1,0,14,0,0,7,5,9,0,1,1,6,0,10,0,1,0,0,0,0,0,1,0,0,0,0,0,0,1,0,0,0,0,0,0,0,0,0,4,3,0,0,1,0,0,0,0,0,0,3,0,0,6,0,0,4,4,4,0,0,0,6,5,1,0,0,0,12,3,1,0,0,0,0,0,0,0,0,0,17,0,3,4,3,1,0,0,2,0,0,4,0,1,0,0,0,0,0,1,0,0,0,0,1,0,0,1,0,1,1,0,0,4,0,0,0,0,0,1,0,0,8,0,0,1,0,0,0,8,0,1,0,0,0,1,0,0,0,0,1,1,6,0,0,0,0,1,10,0,1,0,0,2,3,12,7,0,0,3,9,8,1,1,14,8,0,0,12,0,2,4,0,0,0,0,1,0,8,0,2,11,0,5,6,2,0,1,5,4,0,11,1,8,0,0,0,2,11,6,0,8,0,0,0,0,4,0,0,1,9,0,0,0,4,0,0,7,0,0,0,7,0,0,0,0,0,0,0,0,3,5,0,0,2,2,1,0,0,0,1,3,9,1,4,0,0,0,0,0,0,0,0,8,6,11,0,5,0,0,5,2,0,4,7,2,4,0,11,0,0,0,7,0,1,0,3,23,0,1,6,0,1,0,0
HAVCR2,2,0,0,0,10,0,0,1,0,1,11,0,1,1,0,12,3,0,0,0,1,0,1,1,0,1,0,0,1,0,0,2,0,8,0,0,7,0,0,0,0,0,0,0,2,0,2,9,0,0,0,0,3,0,0,0,0,1,1,3,0,1,0,1,1,0,0,0,0,0,0,0,0,9,0,2,0,0,0,0,0,1,1,0,0,0,0,0,0,0,5,1,1,0,0,2,0,0,0,2,1,1,2,0,0,0,4,8,0,0,0,5,6,0,0,0,0,0,0,0,0,0,4,6,0,0,0,0,0,0,0,0,1,0,0,1,0,0,2,0,0,8,0,1,0,2,0,4,1,0,0,0,0,0,0,0,1,0,0,0,0,0,1,0,0,0,1,1,0,0,0,4,1,0,6,0,1,0,0,0,0,0,0,12,0,0,0,11,0,0,0,4,0,0,0,1,0,0,2,1,0,0,0,0,0,4,0,1,0,1,0,0,0,0,0,0,1,0,1,7,1,0,0,1,0,1,3,0,0,0,0,5,0,0,0,1,3,1,0,0,0,1,0,0,1,0,0,7,3,3,2,0,6,0,0,0,0,0,0,2,0,1,1,0,0,0,0,0,0,4,0,7,0,0,0,2,0,0,0,0,0,9,0,0,1,8,1,0,0,0,1,2,0,0,0,0,0,0,0,0,0,4,5,0,0,2,0,0,1,0,1,6,0,0,2,9,0,0,14,0,0,1,6,9,0,0,0,13,0,1,0,0,0,0,0,0,0,0,0,0,1,0,0,0,0,0,1,0,0,4,0,0,0,1,0,2,0,0,5,0,2,0,0,5,0,6,0,0,9,0,0,0,2,2,0,0,0,1,0,0,0,0,1,1,4,0,1,0,0,0,0,0,0,0,0,4,4,0,0,0,0,0,0,3,0,2,4,0,0,0,1,0,0,0,0,4,0,0,0,1,1,1,0,13,0,0,0,0,0,0,0,0,0,0,6,2,0,0,0,1,0,4,0,12,2,0,1,0,1,0,1,1,1,0,2,0,0,0,1,0,1,3,0,0,1,1,0,0,0,0,1,1,0,0,0,0,6,0,1,0,0,0,1,8,5,0,0,0,0,0,0,0,0,1,0,1,0,0,0,4,0,0,0,1,0,0,13,1,0,6,2,0,9,0,0,5,0,0,0,0,0,0,0,0,0,1,0,0,0,1,0,0,0,0,0,0,0,6,0,2,0,1,0,0,0,0,0,10,1,0,0,0,0,0,0,0,0,0,0,0,3,7,1,0,2,0,0,0,0,0,0,0,0,1,0,0,0,0,0,1,0,0,4,0,1,1,8,1,0,0,0,9,0,0,1,1,3,2,1,1
HLA-A,6,3,1,3,5,5,3,0,5,3,3,0,0,9,8,1,3,9,2,1,1,5,8,5,3,15,3,7,0,1,1,4,4,1,6,9,1,0,4,7,3,2,1,2,6,1,3,1,6,4,2,0,5,5,2,0,0,5,3,2,8,5,2,9,4,3,5,1,1,0,1,2,4,5,2,0,4,2,5,4,2,3,1,3,14,1,4,4,2,2,1,1,3,4,3,5,3,0,3,6,2,4,2,0,6,4,3,2,2,3,2,5,1,3,12,1,4,4,6,5,0,3,4,6,6,3,4,0,3,4,4,6,4,2,4,5,2,8,2,1,4,2,2,4,0,2,4,3,7,2,10,6,5,3,13,4,0,3,9,7,4,2,8,3,2,2,1,3,1,2,2,1,6,4,1,0,2,5,2,4,6,5,3,2,2,0,5,4,8,0,0,5,5,2,1,3,2,4,0,4,2,2,3,9,1,1,6,7,3,6,5,0,0,2,4,4,1,5,3,3,3,2,0,6,4,4,1,3,5,2,1,2,2,5,7,0,8,3,1,5,2,1,3,3,3,3,2,2,1,6,1,0,3,8,3,3,5,2,9,1,2,1,1,2,6,9,3,5,3,6,5,3,7,2,1,6,2,5,4,1,4,3,3,3,4,3,3,5,4,2,1,3,3,3,2,3,3,2,1,1,9,5,6,5,2,6,2,0,2,3,2,2,2,4,1,4,1,3,4,4,3,4,3,2,2,2,4,3,2,8,4,6,0,2,7,3,3,3,4,2,2,3,1,2,2,0,1,4,5,5,5,3,2,3,1,2,3,1,3,1,2,2,0,3,4,9,4,4,1,2,2,3,2,5,3,0,3,1,5,1,5,3,2,2,1,3,11,4,4,4,1,1,1,6,5,6,3,1,1,3,2,0,5,5,4,5,3,2,1,8,2,5,5,1,0,3,1,4,6,6,3,1,5,3,6,8,3,3,3,3,4,1,5,4,2,3,1,6,1,3,1,2,4,3,5,2,6,1,2,2,5,1,5,0,1,4,8,4,3,5,0,7,0,2,6,9,3,2,6,4,2,2,1,2,4,2,3,2,3,6,10,9,9,8,3,4,3,3,3,9,2,10,2,3,3,1,2,1,3,5,3,4,1,1,1,4,6,1,2,3,13,11,2,6,0,6,2,7,3,2,1,1,3,2,0,6,6,4,1,6,3,6,9,3,2,3,2,5,1,4,3,7,2,3,3,2,2,5,2,2,1,0,2,2,6,2,3,4,8,1,3,3,3,4,5,4,3,1,10,6,3,1,3,1,5,2,4,1,2,1,1,2,1,1,1,6,1,6,3,2,4,2,5,7,0,0,7,3,3,1
HLA-DRA,7,0,0,2,0,0,15,4,0,0,0,1,1,2,0,1,0,2,0,0,9,0,0,1,0,1,0,0,0,1,2,0,0,0,0,1,0,1,0,0,0,0,1,0,1,5,1,0,0,0,0,1,5,2,2,4,0,0,3,0,0,1,0,10,0,0,0,0,0,0,0,0,0,0,0,0,0,0,0,5,0,0,0,0,2,0,10,1,3,1,0,4,1,0,0,0,0,0,0,2,0,3,2,1,4,4,0,0,1,1,1,0,0,0,1,0,9,5,0,0,0,0,0,1,0,0,0,0,1,0,0,0,0,0,0,0,0,2,5,1,1,0,1,3,0,0,0,0,0,0,0,0,0,0,0,1,0,2,7,13,0,0,0,0,0,0,0,7,0,0,0,0,0,0,0,1,0,0,0,1,1,1,2,0,2,0,2,1,13,0,0,3,2,0,1,0,0,1,0,0,12,0,0,0,0,0,0,0,0,0,8,0,0,5,3,9,0,0,0,1,0,0,0,0,1,0,0,3,0,0,1,0,1,1,0,6,3,8,0,0,2,4,0,0,1,0,0,0,0,0,0,0,0,0,0,8,0,0,0,1,0,0,0,0,0,0,0,0,0,4,0,0,0,0,0,1,0,0,1,0,0,2,0,0,0,0,0,0,0,0,1,0,0,0,2,1,0,3,4,0,8,1,0,0,0,0,0,0,0,2,1,0,0,1,0,0,0,1,0,1,0,1,0,0,0,0,15,0,0,1,10,0,7,0,0,1,1,5,0,0,0,0,8,0,8,7,0,0,1,0,0,0,0,0,0,0,2,8,0,0,3,0,0,0,1,0,10,0,1,0,7,0,2,0,0,0,0,0,1,1,1,0,9,0,0,0,6,2,0,0,0,2,0,0,1,0,0,1,0,0,0,0,8,0,0,0,0,0,0,0,0,0,2,0,0,1,0,5,0,1,0,0,0,1,0,10,0,0,0,14,0,3,6,0,0,1,1,0,22,6,1,2,0,0,0,6,0,0,0,0,0,0,18,0,0,1,0,1,6,0,0,0,0,0,0,7,0,0,0,1,3,0,0,1,0,0,0,0,0,0,0,1,0,0,2,0,0,0,0,1,4,0,0,0,6,0,0,0,0,0,4,0,0,0,0,7,0,0,0,0,1,2,0,0,0,0,1,10,0,0,0,0,0,0,0,0,0,4,5,2,0,12,1,0,0,0,0,0,1,0,1,0,0,0,0,0,0,0,6,0,1,0,0,0,0,0,0,0,0,0,0,0,0,1,0,0,2,0,0,0,0,0,0,2,0,0,1,0,0,0,0,1,0,0,0,0,0,0,0,0,0,1,1,0,0,0,19,0,0,1
IFIT1,0,0,0,1,4,0,0,0,0,2,0,0,0,0,1,0,1,4,0,0,0,0,0,0,1,7,1,4,0,0,0,0,1,3,1,0,0,1,1,0,1,0,0,0,0,0,1,0,0,2,0,0,0,2,0,0,0,1,2,1,0,1,0,0,2,0,0,1,3,0,0,0,0,0,0,2,1,2,0,0,2,1,0,1,0,1,0,0,0,1,1,0,0,0,0,0,1,1,2,0,0,0,2,0,0,0,0,1,0,0,0,1,3,1,0,0,0,0,0,0,0,0,0,1,0,1,7,0,2,0,0,0,0,1,4,6,0,1,0,0,2,0,0,1,2,2,4,0,3,1,0,1,0,0,1,0,1,0,1,0,0,0,0,0,1,0,0,1,1,0,1,0,1,0,1,1,0,1,0,0,0,0,0,1,1,0,4,0,0,0,0,3,1,0,0,1,1,0,0,0,1,1,0,0,2,0,0,2,3,0,0,0,0,0,0,0,0,3,2,1,2,3,0,3,2,1,2,3,0,3,0,0,0,5,0,0,0,0,1,4,0,0,2,0,0,0,1,1,0,0,0,0,0,0,3,0,0,0,0,1,2,0,0,0,0,1,1,0,0,1,4,0,1,0,5,1,0,4,0,0,0,0,3,0,0,3,0,0,0,4,0,0,1,0,0,0,1,0,0,1,0,0,0,0,0,0,1,0,6,2,0,0,2,1,0,2,0,0,0,0,1,3,1,1,0,0,3,0,2,6,0,0,1,0,1,0,0,0,1,0,0,0,0,3,0,0,1,1,0,0,0,1,2,4,0,0,0,0,1,3,0,1,0,1,4,0,1,3,1,0,0,2,1,0,0,0,0,2,1,1,2,0,0,0,1,1,1,1,0,0,1,2,0,0,1,0,0,3,0,6,0,0,2,1,2,0,3,0,0,0,0,0,0,0,0,0,0,0,0,0,0,0,2,0,3,0,4,0,0,0,0,0,0,0,0,2,0,0,2,0,0,2,0,2,0,0,0,0,6,1,0,0,1,2,0,0,1,2,0,1,0,2,3,1,0,0,0,1,2,0,2,4,0,2,0,3,0,2,5,2,8,0,1,2,0,2,0,0,0,2,0,5,0,2,0,1,0,1,0,1,0,0,0,2,0,1,3,1,0,0,0,0,2,2,1,3,1,0,0,1,0,1,0,1,2,3,0,0,2,0,2,3,3,0,1,4,1,0,0,0,0,3,0,0,0,0,1,0,0,2,3,0,3,0,3,2,0,0,3,0,0,0,0,5,2,1,0,0,0,1,0,0,3,0,0,0,0,0,0,2,1,0,0,3,1,1,0,1,0,1,2,5,0,1,0,1,0,1,0,5
IFIT3,2,2,1,0,2,0,1,0,0,1,1,0,0,2,0,3,3,1,0,0,0,0,0,1,0,4,0,2,0,0,1,0,3,1,0,0,0,0,1,0,1,0,0,0,0,0,0,1,4,2,0,0,1,0,0,0,0,1,0,0,2,0,0,1,0,0,0,0,2,0,1,0,1,1,1,2,2,3,0,0,2,0,1,1,0,0,0,2,1,1,0,0,0,0,1,5,0,3,2,0,0,0,0,0,0,0,0,0,1,0,2,0,1,2,3,0,1,1,0,0,0,0,0,1,2,0,3,0,5,1,0,0,0,2,5,4,0,0,0,2,0,0,0,0,0,3,1,1,4,3,0,0,0,1,0,0,0,1,0,0,1,0,1,0,0,0,0,3,1,0,2,0,0,0,1,0,0,0,0,0,0,2,0,0,0,1,4,0,1,0,0,6,1,0,0,3,0,0,1,0,0,1,1,1,0,0,1,2,0,1,0,0,0,1,0,0,1,0,1,1,2,1,0,0,1,0,1,2,0,1,0,0,1,0,1,2,1,0,1,4,0,1,1,0,0,1,2,1,0,1,0,0,0,0,1,0,0,0,0,2,0,1,3,0,0,0,0,1,1,2,0,2,2,1,1,2,0,1,0,0,0,0,1,2,0,0,0,0,0,1,0,0,1,0,0,0,0,0,0,0,2,0,0,0,0,0,3,0,3,0,0,0,0,0,0,2,0,0,0,1,0,3,1,0,0,0,0,0,1,2,0,0,0,0,0,1,0,0,1,1,0,0,0,2,1,0,0,1,1,0,2,1,3,0,0,1,0,0,1,1,0,3,0,2,4,2,3,1,0,0,0,0,0,1,0,0,2,1,0,0,1,0,0,0,0,0,0,0,3,1,1,0,0,0,1,1,1,1,0,2,0,0,1,0,0,1,0,0,2,0,0,1,0,0,1,0,2,0,1,0,1,1,1,0,3,3,2,0,1,1,0,0,0,0,1,2,0,4,0,0,0,0,3,0,0,0,0,0,0,2,0,0,0,3,0,2,0,1,0,0,0,0,0,2,3,1,0,0,1,0,6,2,0,6,2,0,0,0,0,0,4,0,1,3,0,3,0,0,1,0,1,8,1,0,0,3,0,0,0,2,2,1,0,0,1,0,5,0,2,0,0,0,0,0,0,0,2,0,1,0,0,0,3,1,1,2,0,1,0,1,0,1,3,1,0,1,0,0,0,0,1,1,0,0,0,0,3,0,0,0,1,0,0,0,2,0,0,0,2,3,0,0,0,7,2,1,0,0,0,0,0,0,0,0,0,0,0,0,0,2,0,1,0,5,0,0,0,1,0,1,0,3,1,0,0,0,0,2,0,7
IL7R,0,0,0,0,13,0,1,0,10,4,0,0,0,2,4,7,1,28,0,0,0,10,0,3,0,18,4,19,4,0,0,1,0,0,0,19,6,1,11,0,19,0,0,1,1,0,1,1,1,1,9,14,4,0,0,0,0,0,14,9,0,12,0,1,3,0,0,6,5,0,9,3,0,4,5,0,0,0,1,0,0,0,0,4,25,5,0,5,17,1,6,0,2,5,4,0,1,6,3,0,0,0,2,0,0,1,0,0,9,0,1,10,1,1,13,0,1,0,2,0,0,0,3,1,4,10,5,11,18,2,5,0,0,1,0,9,2,6,2,10,11,0,1,0,0,0,0,0,0,21,0,0,15,0,22,0,0,0,0,0,8,0,17,4,0,3,0,0,4,2,5,0,16,0,4,4,5,0,0,0,0,0,8,0,0,0,0,5,0,1,0,8,8,0,12,10,0,0,4,5,0,0,0,3,14,2,5,0,6,0,1,0,17,0,0,0,12,2,0,0,4,3,0,0,7,0,8,0,1,7,3,0,0,1,0,1,3,0,15,17,4,0,17,0,0,0,0,0,0,1,0,1,1,20,8,0,0,4,14,0,4,1,0,13,0,18,2,21,4,17,8,7,7,0,0,1,1,6,0,2,11,4,17,6,1,0,16,8,5,5,0,4,0,7,0,0,0,0,0,0,0,6,0,0,0,8,11,0,2,11,3,1,18,0,0,1,2,0,0,0,0,11,0,0,0,0,0,0,0,10,2,17,0,0,5,0,7,1,13,0,3,0,0,0,1,0,1,5,0,5,0,10,0,0,4,0,0,0,0,0,0,5,10,4,0,0,0,0,0,0,0,1,1,0,10,21,0,0,10,0,0,0,0,0,0,0,0,1,11,0,0,4,0,0,6,0,0,0,1,0,3,0,3,5,0,0,1,0,7,0,0,0,6,0,6,10,11,0,7,0,0,14,24,4,1,0,11,0,9,0,0,0,6,0,4,21,1,0,0,1,0,9,0,3,0,1,0,0,11,1,10,0,0,4,5,10,0,5,0,1,0,4,1,0,1,0,0,0,7,1,8,0,12,10,3,0,4,0,0,9,4,7,0,2,2,0,0,7,0,5,0,0,0,7,0,4,6,1,2,0,0,0,0,2,3,0,0,1,0,4,8,4,5,0,2,9,2,1,5,0,0,0,17,0,3,16,1,0,0,4,0,4,3,1,2,10,0,11,6,0,0,0,0,1,3,0,7,3,0,0,0,7,3,0,10,4,0,0,0,3,2,3,3,3,0,0,0,8,16,2,0,0,11,0,1,10,0,0,1,0,0,6,7,17,0,0,9,0,6,3,0,0,0,2,7,0,0,1,0,0
ISG15,0,0,0,0,3,0,3,0,0,2,3,0,0,0,2,0,3,3,1,0,0,3,0,0,0,3,0,3,3,0,1,0,1,3,1,0,2,0,0,0,3,1,0,0,2,0,0,0,0,1,0,0,1,1,0,0,0,3,2,0,1,1,1,2,0,0,3,0,1,0,2,0,1,1,3,2,3,0,5,0,2,1,0,2,1,0,0,0,0,1,0,0,0,0,0,1,0,1,2,1,0,0,0,0,1,0,0,0,1,0,2,0,2,2,2,0,0,1,2,0,0,1,1,2,1,0,1,0,3,1,0,3,0,0,0,0,0,1,0,0,2,0,0,2,1,1,3,0,1,3,0,0,0,1,0,0,0,0,1,1,0,0,3,0,2,0,0,1,1,0,2,0,0,0,1,2,0,1,0,0,0,1,2,3,0,0,3,6,0,1,1,2,1,0,0,2,3,0,0,0,0,0,0,0,0,0,3,3,0,0,1,0,0,0,0,0,4,0,1,0,1,1,1,0,0,1,5,4,2,0,0,0,0,1,0,0,3,0,2,1,0,0,2,0,0,1,2,0,4,0,1,0,0,0,1,1,0,0,0,3,0,0,0,0,0,0,3,0,0,0,1,2,0,0,7,1,0,0,0,1,0,1,1,0,1,2,0,0,0,1,1,0,0,0,0,0,0,1,0,1,0,1,0,0,0,1,0,0,1,0,3,0,2,0,0,0,1,0,0,1,0,1,0,1,3,0,0,0,1,0,0,3,0,1,0,0,0,1,1,0,0,0,0,1,0,0,0,3,0,0,0,3,0,1,0,1,0,1,3,1,0,0,1,2,3,0,0,1,3,0,0,1,2,2,0,1,1,3,0,0,2,0,0,0,1,0,0,0,3,2,2,0,0,0,2,0,1,0,0,1,0,0,0,0,0,0,0,1,0,0,2,0,2,0,0,0,0,0,0,0,0,0,7,0,4,0,1,0,0,0,1,1,0,1,2,1,0,6,0,0,0,0,1,3,1,0,0,0,4,2,0,0,0,2,0,0,0,1,0,0,0,0,0,2,1,0,0,0,1,2,2,6,0,10,0,2,0,0,7,1,3,1,0,1,0,6,1,1,2,0,3,10,2,2,0,0,0,0,0,2,0,1,0,4,1,0,6,0,0,0,0,0,2,2,1,4,1,0,0,0,0,5,2,1,1,2,1,0,0,0,2,0,3,3,1,1,3,0,3,0,1,1,1,0,0,3,1,0,0,1,0,2,2,0,1,0,0,1,0,1,0,0,1,1,1,1,0,1,4,1,0,0,1,0,0,0,0,0,1,0,0,1,1,3,0,0,1,1,1,3,0,7,0,2,0,1,0,0,1,0
KLRD1,1,0,0,0,2,0,1,0,0,2,1,0,3,0,0,0,3,2,0,1,0,0,0,0,0,0,0,0,0,8,0,0,0,1,1,0,0,0,0,5,0,0,0,1,1,1,0,0,2,1,0,0,0,1,1,0,0,7,2,4,10,0,4,0,4,0,4,0,0,0,0,0,0,1,0,0,0,3,6,0,0,0,0,0,3,0,5,1,0,0,1,0,0,0,0,4,0,0,0,0,0,0,0,0,0,0,0,0,1,0,0,0,0,8,2,0,0,1,0,2,4,2,2,0,0,0,1,0,1,3,0,1,5,0,4,0,1,0,0,0,0,2,0,2,1,0,4,1,0,0,0,0,1,4,1,3,0,2,0,0,1,0,2,0,1,1,0,1,1,0,3,0,1,3,0,0,0,0,0,0,0,0,0,1,1,4,0,0,0,0,1,1,0,0,0,1,7,5,0,0,0,0,1,1,0,1,0,3,0,2,0,4,2,0,0,1,1,0,0,0,0,0,8,0,1,1,0,20,9,1,0,0,2,8,0,1,0,0,2,0,0,0,0,1,15,2,3,0,0,0,2,0,0,0,0,0,0,0,0,6,0,0,1,0,1,0,0,0,0,0,0,0,0,4,16,0,0,0,0,0,1,0,1,1,9,0,0,2,0,0,1,0,0,0,0,1,0,1,0,7,0,0,0,2,0,0,0,6,0,1,1,0,0,0,0,0,0,4,1,0,0,0,0,0,0,4,2,4,4,0,0,0,1,0,0,9,0,0,0,0,0,2,0,6,0,1,0,0,8,0,9,0,4,5,0,0,0,0,0,6,2,0,0,0,5,0,0,3,0,0,0,0,0,0,0,0,0,0,0,0,12,0,0,0,0,1,0,0,0,6,11,0,4,3,0,0,0,0,0,0,0,0,1,1,0,0,0,0,0,0,13,6,0,0,1,0,0,0,1,3,7,0,1,0,7,0,0,0,0,0,0,0,0,2,0,1,0,2,0,12,0,2,0,0,0,0,0,3,0,13,1,0,0,1,0,0,0,0,0,6,3,0,1,0,9,0,4,1,0,1,0,0,0,1,0,0,1,5,10,0,0,0,10,0,0,0,0,0,5,10,0,8,9,1,0,0,0,7,0,1,0,0,1,0,0,0,0,0,0,0,0,0,0,0,0,0,1,0,0,2,0,0,2,5,0,0,0,0,0,0,5,1,1,7,0,0,2,0,0,0,0,10,0,3,0,2,2,2,0,0,0,0,0,1,0,0,0,0,2,0,0,0,0,18,5,8,0,0,0,0,2,0,0,0,0,0,0,9,0,0,0,1,1,0,0,4,0,0,0,1,0,0,0,8,0,0,1,13,0,6
LST1,2,1,14,2,0,8,0,0,0,0,2,6,0,20,0,0,1,1,4,0,2,2,7,18,0,0,0,0,0,1,0,3,1,0,0,0,1,0,0,0,1,3,0,1,11,0,0,0,0,0,0,0,1,0,0,1,0,0,1,0,0,0,0,0,0,0,0,0,1,0,0,0,11,0,0,0,0,1,0,1,0,0,6,0,0,0,0,0,1,0,1,0,0,0,0,4,0,0,3,13,4,1,0,5,0,0,0,0,0,1,0,0,0,0,0,6,0,0,0,0,0,0,2,0,0,0,0,0,0,0,0,10,0,0,0,0,7,0,0,0,0,0,6,0,0,0,0,0,0,1,8,10,0,0,0,1,0,1,0,0,0,4,0,0,0,0,3,0,0,7,0,0,0,4,0,0,0,7,8,0,5,6,0,5,0,0,0,0,1,0,2,6,0,2,0,0,0,8,3,0,1,5,0,1,0,1,0,1,0,0,1,0,0,0,0,0,0,4,4,0,1,0,1,6,0,10,1,1,0,0,0,0,4,1,10,0,0,1,0,0,6,0,1,0,2,2,0,1,0,0,0,4,0,0,0,0,9,0,0,0,0,1,0,2,6,1,0,0,0,0,0,0,0,0,0,0,0,0,4,5,1,0,1,0,1,0,0,0,0,0,8,1,11,0,8,3,5,0,0,0,0,1,0,0,9,0,0,0,1,0,0,0,0,0,0,0,0,0,1,10,0,0,0,2,4,0,0,0,0,0,1,2,0,6,1,1,2,0,0,3,0,3,0,0,0,3,8,0,0,0,0,0,0,0,0,1,0,0,0,0,10,0,0,0,0,0,0,0,1,4,0,1,0,0,0,0,8,0,0,0,3,14,0,0,0,11,1,7,0,22,0,0,0,0,0,0,15,0,0,0,0,10,0,0,12,6,0,9,0,15,0,0,0,0,1,0,0,0,0,7,0,0,0,0,0,0,0,2,0,1,5,1,0,5,0,0,0,0,0,0,5,1,0,0,0,0,2,0,0,3,0,5,0,0,0,0,9,0,0,0,0,0,5,0,0,1,0,4,0,0,0,0,0,0,0,0,0,0,0,1,4,0,0,0,0,0,0,0,1,1,1,1,1,1,0,0,0,2,0,0,0,3,4,0,0,0,2,5,0,0,1,15,0,0,1,0,1,0,1,4,7,1,0,0,0,1,12,5,0,1,0,0,1,0,0,0,0,0,0,10,4,1,5,5,0,1,1,1,1,2,1,0,0,1,0,0,1,2,0,0,3,0,13,0,0,0,0,0,0,0,0,3,0,0,12,0,12,0,5,0,0,0,1,0,5,0,0,0,0,0,1,0,0,1,0,0,1,0,3,0
LTB,0,0,0,0,17,1,0,0,10,1,0,0,1,3,1,5,0,16,1,0,1,8,0,0,0,6,6,16,2,3,0,0,0,0,0,8,3,2,25,0,7,1,0,5,0,0,0,0,2,7,14,14,0,2,0,0,0,0,6,10,0,2,0,3,0,0,0,4,5,0,17,7,1,11,2,0,0,2,0,0,0,1,1,13,20,7,0,7,10,4,2,0,0,8,1,1,0,7,8,3,0,0,2,1,0,0,0,0,2,0,1,15,0,0,13,0,0,0,0,0,0,1,7,0,8,5,6,11,11,0,7,0,0,0,3,6,4,0,0,14,9,0,0,0,0,0,2,1,0,8,0,2,4,0,12,1,1,0,0,3,1,0,16,2,0,3,0,2,3,0,3,1,18,0,3,3,2,0,0,0,2,0,11,0,0,0,1,6,2,3,0,24,9,0,7,13,0,1,10,12,0,1,0,7,13,2,2,0,7,0,0,1,8,0,1,4,16,12,0,0,4,4,0,0,10,0,6,0,0,11,6,1,0,0,0,0,0,0,14,8,1,0,9,0,1,2,1,1,0,0,0,0,1,27,8,4,0,4,12,1,6,0,0,10,0,11,5,7,8,25,3,8,10,0,1,0,0,7,1,0,12,11,15,2,0,0,21,8,8,3,0,11,1,11,0,2,0,0,0,0,0,8,0,1,0,5,4,0,0,7,2,0,17,1,1,0,2,0,0,0,1,9,0,0,0,0,0,0,1,6,1,13,0,0,12,0,17,0,6,0,6,0,0,0,1,0,0,8,1,3,0,8,0,0,2,0,0,0,0,0,0,6,9,6,0,0,0,2,0,0,0,0,0,1,5,15,0,0,6,2,0,1,0,0,1,0,0,1,13,0,1,4,0,0,11,1,0,2,0,0,2,0,0,7,0,0,0,0,8,0,0,0,16,0,12,4,7,0,2,0,0,16,27,6,1,2,6,0,8,1,0,1,0,0,12,26,3,0,0,0,0,14,0,5,0,0,0,0,13,1,5,0,0,8,9,8,0,4,0,1,0,7,0,0,0,0,0,0,1,0,12,0,13,11,1,0,1,7,1,0,15,8,0,0,15,0,0,6,0,1,0,1,0,2,0,2,1,0,3,0,1,0,0,5,1,0,3,0,0,4,7,0,7,0,4,10,0,0,6,3,0,1,13,0,5,17,0,0,0,12,0,5,5,0,4,5,1,6,6,0,0,0,1,0,6,0,10,12,0,0,0,4,9,1,14,10,1,0,0,4,4,4,2,2,0,0,0,5,19,5,0,0,7,1,1,1,2,1,0,0,0,4,7,2,0,0,4,1,7,5,0,2,0,0,18,0,0,0,0,1
LYZ,1,0,3,0,0,1,1,0,0,0,0,8,0,30,0,0,1,0,11,0,0,0,8,9,0,1,0,0,0,2,0,0,0,0,1,0,0,2,0,0,0,7,0,3,10,0,0,0,0,0,0,0,0,0,0,0,0,0,0,0,2,0,1,0,0,0,0,0,0,0,0,0,11,2,1,0,2,0,1,0,0,0,10,0,0,0,0,0,0,0,0,0,0,1,0,0,0,0,1,10,4,0,0,2,0,0,0,0,0,11,0,0,0,0,0,3,0,0,2,1,0,0,0,0,0,1,1,0,0,1,0,2,1,0,0,1,7,0,0,0,0,0,0,0,1,0,0,1,0,2,9,9,0,0,0,1,0,0,1,3,1,7,1,1,0,0,3,3,0,4,0,0,0,3,0,0,0,6,6,0,5,16,0,0,0,0,4,0,0,2,2,0,0,9,0,2,0,15,0,0,0,4,0,0,0,0,1,0,1,1,0,0,1,0,0,0,0,0,8,0,1,0,2,7,1,11,1,0,0,1,0,0,4,1,16,0,1,1,2,0,6,0,1,0,0,6,0,0,0,0,0,1,1,1,0,0,6,0,0,0,0,2,0,0,4,0,0,0,0,0,1,1,0,0,1,0,0,0,5,5,0,0,0,0,0,1,1,0,0,1,8,0,4,1,9,17,8,0,0,2,3,0,0,2,7,0,0,0,1,0,2,0,0,0,0,0,0,1,0,9,2,0,0,0,1,0,0,0,0,0,1,0,0,10,1,1,0,0,0,5,3,3,0,1,0,1,8,1,0,0,0,0,1,1,1,0,0,1,0,0,8,1,0,0,0,0,1,1,0,4,0,0,0,0,0,0,4,2,0,1,0,9,0,0,0,5,0,10,0,11,1,0,0,0,0,3,6,0,1,1,2,4,0,0,10,7,2,8,0,10,0,0,0,4,0,0,0,0,0,12,0,0,1,0,0,0,0,4,0,1,2,0,4,2,0,0,0,0,0,1,5,1,0,0,1,0,12,0,0,0,0,10,0,0,1,0,6,0,0,0,1,0,9,0,0,0,2,3,0,0,1,1,0,2,0,0,0,0,0,1,0,0,0,0,0,0,0,0,5,1,0,0,0,2,0,0,0,1,0,0,0,3,4,0,0,1,0,12,0,0,0,12,1,0,0,0,0,0,1,7,7,0,1,0,0,0,4,8,0,2,0,0,0,0,1,2,0,1,0,5,3,1,3,6,0,2,0,0,0,1,1,0,0,2,0,0,0,0,0,0,1,0,12,0,0,1,0,0,1,0,0,7,0,0,11,1,10,0,7,0,0,0,0,0,12,1,1,0,1,1,8,1,1,0,0,0,3,2,4,0
MAL,0,0,0,0,2,2,2,0,6,2,1,0,0,0,0,0,1,3,0,1,1,6,0,2,3,3,11,12,2,1,1,2,2,0,0,7,2,6,5,0,3,0,0,5,0,0,0,0,0,0,1,3,0,1,0,2,0,0,4,0,0,11,1,0,1,0,0,2,0,0,6,3,0,0,1,0,0,0,1,0,0,2,0,7,14,7,0,7,6,5,1,0,0,5,7,0,2,1,0,1,0,0,0,0,1,1,1,0,0,0,0,0,1,0,0,2,0,0,1,0,0,2,0,3,3,6,9,4,0,1,1,0,1,0,0,0,0,0,0,10,12,0,0,2,0,1,0,0,0,3,0,0,6,0,0,0,0,2,0,2,1,0,4,1,1,6,0,0,3,0,3,2,8,0,0,0,5,1,0,0,0,0,1,1,0,0,0,0,0,0,0,0,0,0,1,4,0,4,0,8,1,0,0,0,10,0,1,2,1,0,0,0,4,0,0,0,4,0,0,0,10,8,0,1,12,2,0,0,1,2,0,0,1,0,1,1,2,3,7,6,0,0,0,0,0,0,0,0,1,0,0,0,0,10,0,0,0,0,6,0,0,0,0,7,0,1,6,2,0,9,0,0,0,0,1,0,0,5,0,0,13,0,7,6,0,0,6,5,7,0,0,0,0,6,0,0,0,0,0,0,0,0,0,0,0,9,8,1,0,4,1,2,3,0,0,0,1,0,2,0,0,0,0,0,0,0,0,0,0,13,0,2,0,0,5,0,11,0,2,0,1,0,0,0,0,0,0,0,0,0,0,1,0,1,6,0,1,3,0,0,0,2,6,0,0,0,0,0,1,0,1,1,0,0,0,5,0,1,1,0,0,0,0,1,0,0,0,0,0,1,0,0,0,0,6,0,0,0,0,0,7,0,1,0,0,1,0,0,0,1,0,0,2,0,6,0,1,1,0,1,0,6,7,1,0,0,8,0,8,0,1,0,1,0,0,2,0,1,1,0,0,2,0,0,0,0,0,0,5,0,0,0,0,0,3,9,0,7,0,0,0,2,0,0,0,2,0,0,2,1,5,0,0,0,0,2,0,0,3,8,8,11,1,0,0,0,0,9,0,1,1,1,1,3,0,6,3,0,3,0,1,0,0,7,4,0,0,0,0,0,0,5,0,0,6,0,2,0,0,0,0,3,9,0,1,17,2,0,0,3,0,0,14,0,1,0,0,1,10,0,0,3,0,0,0,0,4,0,0,0,1,0,1,0,4,1,1,0,0,0,0,0,2,0,0,0,0,1,14,4,0,0,4,0,0,2,0,0,0,0,5,9,0,9,0,0,0,1,0,0,1,0,4,0,4,0,0,0,0,0
MKI67,0,0,0,0,0,0,0,0,1,0,1,1,1,1,3,3,0,0,0,0,3,0,0,1,0,0,0,1,1,0,1,0,1,0,0,0,0,0,0,0,0,0,1,1,0,1,3,0,0,0,0,0,1,0,0,0,0,0,0,0,0,0,0,0,1,1,0,0,0,0,0,0,0,3,0,2,2,0,0,0,0,0,0,0,0,0,3,0,0,0,1,0,1,0,1,1,0,0,1,0,0,0,0,0,0,0,0,0,0,0,0,1,0,1,0,0,2,1,0,0,0,0,0,1,0,0,0,0,0,0,2,2,0,0,0,0,0,0,1,0,0,0,0,0,1,2,0,0,0,0,0,0,0,0,0,0,0,1,0,1,0,0,1,0,0,0,0,0,0,1,0,0,0,0,0,0,0,0,0,0,2,1,0,0,0,0,0,0,0,0,0,0,0,0,1,0,0,0,0,0,1,1,0,0,0,0,0,0,0,1,0,0,0,0,0,0,0,0,1,0,4,0,0,0,2,0,0,0,0,0,0,0,0,1,0,0,0,0,0,1,2,0,0,0,0,0,0,0,0,0,0,1,1,0,0,0,1,0,0,0,0,0,1,0,0,0,0,0,0,0,0,0,0,0,0,6,1,1,0,3,0,0,0,0,0,2,1,0,0,0,0,0,0,0,0,0,0,0,0,0,0,0,1,0,0,1,0,0,0,0,0,0,0,0,0,1,0,0,1,3,0,0,0,1,0,0,1,1,0,0,0,0,0,0,0,0,0,0,0,0,2,1,0,0,3,0,0,0,4,0,0,0,2,0,0,0,0,0,0,1,3,0,2,0,0,2,1,3,0,1,1,0,0,0,0,0,0,1,1,2,1,1,0,1,0,0,0,0,0,0,0,0,0,2,0,0,1,1,0,0,0,0,0,0,1,0,0,0,0,2,0,2,0,0,0,0,0,1,0,0,0,0,1,0,0,0,0,0,0,0,0,0,0,0,0,2,0,0,0,0,0,0,0,0,0,2,0,2,0,0,1,1,0,0,0,0,0,0,1,0,0,0,0,3,0,2,0,0,0,0,2,0,0,1,0,0,1,0,0,3,0,0,0,0,0,1,0,0,0,3,0,0,1,1,2,0,0,0,0,3,0,0,0,0,0,0,0,0,0,0,3,0,3,0,0,0,0,0,0,2,0,0,1,0,0,0,1,0,0,0,1,0,4,0,0,0,4,0,1,0,0,1,0,0,0,1,0,0,1,1,1,0,0,1,0,0,1,0,0,0,0,0,0,1,0,0,0,0,0,0,1,1,0,0,0,1,0,0,0,1,0,0,0,1,0,1,1,0,0,0,0,1,0,1,4,0,0,4,0,1
MS4A1,20,0,0,3,1,0,8,2,1,0,0,0,2,2,0,0,0,0,0,1,5,0,0,0,7,0,0,0,0,1,3,0,0,0,0,0,0,0,0,0,0,0,1,0,0,5,1,1,0,0,1,0,18,0,7,8,0,0,0,1,0,0,1,10,0,0,0,1,0,0,0,0,2,0,1,1,0,0,0,6,0,0,0,0,0,0,6,0,0,0,0,4,0,0,2,1,0,0,0,3,0,3,0,0,5,16,3,0,3,0,0,0,0,0,0,0,12,9,0,0,0,0,0,0,0,1,0,2,2,0,0,0,0,0,0,0,1,3,2,1,0,0,0,0,0,0,0,1,0,0,0,0,1,0,0,0,0,0,9,9,0,0,0,0,1,1,0,8,0,0,0,1,0,1,0,0,0,2,0,6,0,0,0,0,4,1,0,0,9,0,0,0,0,0,0,0,0,0,0,1,8,1,1,0,5,0,0,0,0,0,9,0,0,5,7,6,1,0,2,4,0,0,0,0,0,2,0,0,0,0,0,0,0,1,1,5,0,6,0,0,0,4,1,0,4,0,0,0,0,0,0,0,2,0,0,6,0,0,0,0,0,0,0,0,0,0,0,1,0,1,0,0,0,0,0,1,2,0,0,0,2,0,0,0,4,0,1,0,1,0,2,1,1,0,0,3,0,4,4,0,8,0,0,0,0,1,0,0,1,0,0,0,0,0,0,0,0,0,0,0,0,0,0,0,0,0,14,2,0,2,12,1,4,0,0,0,2,4,0,1,1,0,11,0,7,7,0,0,1,0,1,0,1,0,0,0,2,5,0,0,0,0,0,0,0,1,9,0,0,0,3,0,2,0,0,1,0,2,0,11,0,0,4,0,0,2,12,0,0,0,0,0,0,0,1,1,0,1,0,1,0,0,6,1,1,0,0,2,0,4,0,1,0,0,0,0,0,6,1,0,0,0,0,0,2,2,0,0,0,10,0,4,18,0,1,1,0,1,12,0,0,0,1,0,0,4,0,0,0,1,0,0,7,0,0,0,0,0,6,0,0,1,0,2,0,7,0,0,0,0,0,0,0,0,0,1,0,0,0,0,0,0,0,0,0,0,0,0,0,2,9,0,1,3,1,2,0,0,0,0,5,0,0,0,0,6,0,0,0,0,0,5,0,0,0,0,0,7,0,0,0,0,1,0,0,1,0,0,9,0,0,14,0,0,0,0,2,0,0,2,1,0,0,2,0,0,2,3,9,0,0,1,0,0,0,1,0,0,0,0,0,0,0,3,0,1,3,0,0,0,1,1,0,5,0,0,2,0,0,0,0,0,2,0,0,0,0,0,0,0,1,1,1,0,0,0,9,0,0,0
MX1,0,0,0,1,0,0,0,0,1,0,0,0,0,0,1,0,0,1,0,0,0,2,1,0,2,8,2,3,2,1,0,0,4,0,0,0,0,1,0,0,2,1,0,0,0,0,1,0,0,2,2,0,1,0,0,1,0,1,0,2,0,0,0,2,2,0,0,1,0,1,0,1,0,0,5,2,0,0,0,0,0,1,1,0,0,0,0,0,1,1,0,1,0,0,2,2,0,1,1,0,0,0,1,0,2,0,0,2,1,0,3,0,4,1,1,0,1,0,2,1,0,0,3,0,1,0,2,0,1,1,0,2,0,4,1,2,1,1,0,0,3,0,1,1,0,2,0,3,0,1,0,0,0,4,0,0,0,0,0,0,2,0,1,0,0,1,0,0,2,0,5,1,0,0,2,0,3,0,2,0,0,0,0,1,0,0,2,0,0,1,1,3,0,0,0,0,1,0,0,2,0,0,0,0,0,0,0,2,1,4,1,0,0,1,1,0,4,0,0,1,2,2,1,1,0,1,1,2,0,1,0,0,0,1,0,2,0,0,1,0,0,0,3,0,0,0,1,2,1,0,0,0,0,0,6,2,0,0,0,3,1,0,0,0,0,1,2,1,1,0,2,0,0,0,3,0,0,0,0,0,0,0,0,0,0,2,0,0,0,0,0,0,0,0,1,0,3,0,0,3,0,0,0,0,0,2,0,0,1,1,0,0,2,1,0,0,1,0,2,0,1,1,0,1,0,1,0,1,0,1,0,1,0,2,1,0,1,1,0,0,0,0,0,1,0,0,0,0,2,0,0,0,3,3,0,0,0,0,2,1,0,0,0,1,3,0,1,2,3,0,0,0,0,1,1,0,0,2,1,0,0,0,0,0,1,0,0,1,3,1,0,3,0,0,2,1,0,3,0,3,0,0,0,0,1,0,0,0,0,0,2,0,2,0,0,0,1,0,0,0,0,0,5,0,1,0,0,0,0,0,0,0,3,0,0,1,0,4,0,0,0,0,0,2,0,0,0,1,2,9,0,1,1,2,0,1,0,4,0,0,1,6,0,2,6,1,0,0,0,3,1,2,0,2,1,2,0,0,1,0,3,2,1,1,0,0,0,0,2,0,3,7,4,0,0,0,0,1,0,0,0,0,1,1,0,0,5,0,0,0,0,0,1,3,1,2,0,0,0,0,0,2,1,0,2,2,1,0,0,0,1,2,3,0,1,1,0,0,0,0,0,2,0,0,0,5,1,1,0,1,1,1,0,0,2,2,0,0,1,0,0,1,0,3,1,1,0,0,0,0,0,0,0,0,0,0,0,0,0,1,0,1,0,2,0,0,0,0,0,0,0,2,0,3,0,0,0,1,0,7
NKG7,0,23,0,0,0,0,2,2,0,6,12,1,6,0,27,1,1,0,0,5,3,5,2,1,0,21,5,1,5,14,0,1,14,7,4,0,0,6,1,9,3,0,0,4,0,2,3,0,10,11,0,0,1,9,0,0,8,16,1,3,23,4,11,1,11,21,6,2,3,8,0,4,0,0,10,7,18,10,14,0,4,4,0,0,0,0,1,16,0,2,0,1,11,5,10,16,7,0,4,0,1,0,1,0,0,0,8,8,11,0,8,3,1,13,18,1,0,0,17,7,6,10,2,5,5,7,0,0,18,8,1,0,5,8,11,4,0,14,0,1,8,7,0,10,7,11,18,6,13,0,0,0,0,6,7,5,1,14,3,1,2,1,0,4,11,3,0,0,4,2,11,3,0,1,0,5,6,0,0,0,0,2,11,5,0,7,24,1,2,2,0,0,1,0,0,0,7,0,0,5,0,1,13,9,0,0,6,5,4,37,0,4,0,0,0,0,0,4,0,8,9,10,9,0,16,0,0,16,8,0,2,4,0,21,0,1,29,1,0,0,0,0,7,13,17,0,9,8,7,7,3,1,5,1,3,0,0,1,0,12,9,0,11,0,0,12,10,0,10,0,9,1,7,5,13,30,6,11,0,0,3,0,1,0,14,8,2,1,6,7,4,3,0,0,0,0,0,1,0,11,3,0,9,4,0,6,13,15,9,1,27,5,0,32,2,1,2,14,19,3,0,9,8,7,0,14,0,11,16,11,0,0,0,0,0,9,1,0,0,3,5,0,0,20,0,0,0,0,11,0,28,9,6,9,3,1,1,4,8,2,0,0,0,0,10,9,0,16,12,0,0,19,1,10,9,1,1,4,11,0,30,1,0,4,6,0,2,0,11,0,15,0,5,5,0,11,0,4,9,11,3,0,0,5,0,1,4,0,4,0,19,14,0,0,0,0,6,0,2,1,20,0,0,0,12,0,0,0,2,0,0,0,0,0,0,0,4,22,1,18,0,0,0,0,4,0,1,4,0,12,12,0,0,3,0,0,0,3,0,13,7,0,1,9,8,0,7,0,3,6,11,16,0,19,4,10,2,11,7,9,5,0,18,7,0,11,6,0,18,29,1,26,16,10,0,10,9,14,3,5,0,0,0,9,0,0,7,0,10,0,15,0,0,15,0,0,11,1,10,0,0,18,1,10,4,11,0,0,0,1,16,0,11,13,2,3,10,0,0,0,0,22,2,1,3,10,3,0,0,5,11,3,1,0,0,7,12,22,16,2,0,0,0,41,8,11,1,3,4,0,15,0,14,0,0,3,1,14,0,7,10,1,0,11,0,6,0,8,7,6,0,4,17,5,0,5,0,20,0,15
PDCD1,0,1,1,0,20,0,2,0,1,1,14,0,0,1,2,6,0,0,0,1,0,1,0,0,0,0,0,1,3,0,0,0,0,10,6,0,5,0,3,0,3,0,0,0,0,0,2,10,0,1,0,0,1,0,0,0,1,1,3,0,0,0,4,0,0,0,1,0,0,0,2,0,1,4,1,5,4,0,1,0,0,4,2,0,1,0,0,0,0,0,9,1,3,1,2,0,1,0,0,0,0,2,1,0,2,0,11,4,3,3,1,8,6,0,0,0,4,0,0,0,0,0,6,11,3,0,3,0,2,0,1,0,1,1,0,0,4,0,0,3,0,8,0,0,0,8,0,7,0,0,1,0,0,0,1,0,4,0,0,1,0,0,0,1,0,0,0,0,0,0,0,7,0,0,3,0,2,0,1,0,0,0,3,7,0,0,2,18,2,1,0,13,0,0,0,0,0,0,4,0,0,0,1,2,0,3,0,0,1,2,2,0,5,0,0,0,0,1,1,12,6,1,0,0,0,0,7,0,0,4,1,7,0,0,0,0,4,0,1,0,0,0,1,0,0,0,1,12,0,16,0,0,11,1,0,0,0,0,1,0,0,0,8,0,0,4,0,2,2,0,0,7,0,0,2,4,1,1,0,1,2,8,0,0,4,5,0,1,0,2,1,0,0,2,0,1,0,0,0,0,1,10,8,10,0,0,2,1,1,1,3,4,2,3,5,5,0,1,17,0,0,0,6,13,0,0,2,7,0,0,1,2,2,0,1,0,1,3,0,0,4,0,0,1,0,0,3,0,1,10,1,0,0,0,0,4,0,0,8,0,1,0,0,5,0,15,0,0,12,0,0,0,6,1,0,0,0,5,3,0,0,0,0,2,9,0,2,1,1,0,0,9,0,1,0,11,2,0,0,0,0,0,2,0,0,0,6,1,0,0,0,0,1,0,0,2,1,0,0,3,0,6,0,5,0,2,0,0,0,0,0,1,0,0,3,3,0,3,0,0,0,4,2,4,7,1,0,0,0,1,4,0,0,0,3,0,0,0,0,0,0,7,0,0,0,0,0,0,0,1,0,0,0,1,0,0,4,1,0,0,0,1,0,10,8,0,2,1,0,1,1,0,1,0,0,0,2,0,2,3,1,0,0,1,0,0,14,0,1,7,2,2,9,1,0,10,0,1,5,1,0,0,0,0,0,1,0,0,0,0,0,0,4,0,1,0,0,3,1,0,0,0,0,2,0,2,0,12,0,0,1,2,2,0,2,0,0,0,0,0,11,6,1,0,1,0,0,1,3,0,1,0,0,0,1,2,7,0,0,1,0,0,6,1,0,0,13,4,1,5,0,8,0,2,1,2,0,0,0,0
PRF1,0,10,0,0,0,1,0,0,0,0,0,0,4,0,11,0,5,0,1,8,0,0,1,0,0,12,0,0,3,12,0,1,0,0,3,1,0,0,0,13,0,0,0,0,0,0,0,0,2,6,0,0,0,15,0,0,0,20,1,6,24,0,14,0,11,10,9,0,2,5,0,0,1,0,6,1,0,9,13,2,5,0,0,0,0,0,0,0,0,1,0,0,8,0,0,19,5,0,6,1,0,0,0,0,0,0,0,0,4,1,9,0,0,9,12,1,1,0,10,5,5,9,0,0,7,2,0,0,6,16,0,0,10,5,5,3,0,1,0,0,0,0,0,5,6,1,11,1,16,0,1,0,0,12,12,11,0,7,0,1,4,2,0,2,2,0,0,0,0,0,0,0,0,0,0,1,0,0,0,0,1,0,0,0,0,5,6,3,1,1,0,1,3,0,0,0,11,0,1,0,1,0,7,2,0,0,2,10,5,22,0,4,0,0,0,0,1,4,1,0,0,0,12,0,0,1,1,14,10,0,4,1,0,3,1,0,10,0,0,0,0,0,4,5,18,1,5,1,6,0,11,0,0,0,11,0,0,1,0,5,5,0,1,0,0,2,0,0,12,0,4,0,5,4,23,13,0,0,0,0,0,0,2,0,22,0,0,0,0,4,0,7,1,0,0,0,0,1,0,10,0,0,0,1,0,1,0,23,2,0,11,0,0,18,0,0,0,10,1,0,0,1,0,0,0,14,0,2,19,0,0,0,0,0,0,9,0,0,0,0,7,0,0,18,0,0,0,0,15,0,12,8,21,16,0,0,0,1,2,15,0,1,0,0,9,0,0,12,0,0,0,5,0,3,8,0,0,0,0,0,22,2,0,12,0,0,0,0,6,0,15,1,5,9,0,0,0,8,6,5,1,0,0,16,0,0,0,0,4,0,24,16,0,0,0,0,3,0,9,0,18,1,2,0,13,1,0,1,0,0,0,0,0,3,0,0,8,12,0,14,0,0,0,0,0,0,0,3,0,23,8,0,0,4,0,0,0,0,2,10,13,0,0,5,17,0,2,0,6,4,0,4,0,5,0,6,0,7,16,0,0,1,17,1,0,4,3,0,4,25,1,28,13,6,0,0,0,12,0,1,0,0,0,0,0,0,3,0,11,0,16,0,0,8,0,1,4,0,6,0,1,7,0,7,3,1,0,0,0,0,10,1,0,8,3,7,4,0,0,0,1,13,1,1,2,15,0,1,0,3,5,1,7,0,1,8,6,7,8,0,0,1,2,27,9,7,3,1,0,0,7,0,0,0,1,1,0,8,1,9,11,0,0,2,0,12,0,4,5,6,0,1,5,24,1,5,0,20,1,14
RPLP0,4,2,1,1,9,1,6,2,4,1,3,3,2,12,4,0,1,11,2,4,2,3,10,4,3,10,5,5,4,2,1,2,2,3,0,5,3,2,2,0,2,2,1,0,7,2,1,2,3,6,1,4,8,1,3,0,1,5,3,4,3,2,4,6,2,7,0,1,1,2,1,5,4,1,2,4,4,4,3,11,0,0,0,3,5,4,4,3,5,8,7,2,3,2,0,2,0,0,1,9,7,5,3,1,2,7,7,0,3,5,0,5,3,1,2,3,3,6,8,3,3,0,5,5,4,2,3,7,6,3,7,4,2,2,3,4,3,5,1,3,7,3,1,2,7,2,2,0,8,1,5,4,3,1,5,3,3,1,2,2,4,1,6,4,3,3,1,3,1,4,1,5,1,2,7,2,2,6,3,2,1,6,5,7,1,1,10,6,5,0,2,3,2,3,6,1,2,7,6,7,3,4,2,1,4,1,2,2,4,10,2,1,1,1,0,4,2,4,6,3,3,2,5,2,3,10,0,1,1,3,2,2,1,3,7,8,8,3,3,2,1,3,3,2,6,1,1,3,3,1,2,3,3,2,1,4,3,3,1,3,1,3,1,3,2,6,3,7,5,3,5,1,10,3,3,6,2,9,0,4,6,4,3,2,2,7,2,8,3,0,2,3,6,4,5,0,7,3,0,2,3,1,0,5,1,7,3,2,1,4,5,5,3,6,5,3,3,1,7,4,2,0,1,7,2,4,5,3,5,3,9,2,1,5,0,1,3,5,3,5,2,2,4,1,3,3,3,3,1,4,3,6,4,3,4,3,2,1,4,2,3,1,5,2,5,3,4,7,11,3,2,2,1,5,3,6,12,2,1,2,2,7,5,0,3,2,2,4,1,7,2,0,1,3,2,3,7,1,2,3,0,2,7,18,6,8,3,2,4,6,0,8,3,4,5,0,3,0,2,1,8,6,3,4,7,4,2,4,2,1,1,1,5,0,3,1,3,1,9,5,1,6,3,5,5,0,0,3,7,2,7,3,2,4,2,3,4,2,2,8,1,6,1,4,6,5,3,3,2,4,4,4,2,0,0,0,3,2,7,0,3,4,2,5,4,2,1,5,3,10,3,7,11,1,2,4,5,2,1,4,4,4,1,2,4,6,7,4,4,0,5,4,3,4,0,5,2,2,7,1,2,3,2,5,0,3,6,7,1,0,2,6,8,5,3,3,3,4,6,2,3,3,1,0,2,1,3,1,3,2,0,1,4,0,1,2,3,2,4,4,8,0,6,7,2,5,4,0,5,3,5,7,4,5,3,1,3,0,2,1,8,3,1,4,0,7,0,2,7,1,0,6,7,1,3,1,10,3,1,8
S100A8,0,0,1,0,1,5,0,0,1,0,0,7,1,6,0,1,0,0,4,0,0,0,14,2,0,0,0,0,0,1,0,3,0,0,0,1,2,0,0,0,1,8,0,0,6,0,0,0,0,0,0,0,1,0,0,0,0,0,0,0,0,2,2,0,0,0,0,0,0,1,1,1,6,0,1,0,3,0,0,0,0,0,3,0,0,4,1,0,0,0,0,0,1,0,0,0,0,1,0,11,2,0,0,4,0,0,0,0,2,9,0,0,0,1,1,8,0,0,0,0,0,0,0,0,0,0,0,1,0,0,0,16,0,0,3,0,1,0,0,0,0,1,2,0,0,0,0,0,1,0,4,9,0,0,7,0,0,0,1,1,0,1,0,0,0,1,5,0,0,3,0,0,1,1,0,0,2,10,3,0,4,2,1,1,0,0,1,1,0,1,6,0,1,3,0,5,0,12,0,1,0,8,0,0,0,0,1,0,2,2,0,0,0,0,0,0,0,0,16,0,1,0,0,6,0,12,1,0,0,0,0,2,5,0,11,0,1,1,0,0,10,0,0,0,0,2,0,0,0,0,0,3,0,0,1,0,7,0,1,0,0,6,0,0,7,0,0,0,1,0,0,0,0,0,0,0,0,0,4,5,0,0,2,0,1,0,0,0,1,1,4,0,7,0,3,16,7,0,1,0,0,0,0,2,8,2,0,0,0,1,0,0,0,1,0,0,0,0,0,12,7,0,0,0,2,0,0,0,0,0,0,2,1,5,0,0,0,1,0,6,0,11,2,3,0,0,4,0,0,0,0,0,0,0,0,0,1,0,0,0,4,0,0,0,0,1,0,0,2,7,0,0,0,0,0,1,8,0,1,0,0,8,0,1,0,6,1,12,4,5,0,0,0,0,0,0,4,0,1,0,0,8,0,0,8,5,0,5,0,13,0,1,0,1,0,2,0,3,0,7,2,0,0,0,0,0,0,1,0,0,5,2,0,4,0,0,0,1,1,0,8,0,2,1,0,0,8,0,0,0,2,3,0,0,0,0,7,0,1,0,1,0,6,0,1,0,3,9,0,0,0,1,0,1,0,0,1,0,0,0,0,0,0,0,0,1,0,0,0,0,2,0,0,0,0,0,0,0,1,2,1,3,2,0,0,0,0,9,1,0,0,15,1,1,0,0,0,0,0,4,1,1,0,0,0,0,7,3,0,0,0,0,0,0,1,0,0,0,0,12,10,2,3,6,0,0,1,1,1,0,0,0,0,8,1,0,0,1,0,0,0,0,5,0,4,1,0,0,0,0,0,9,0,0,6,0,13,0,2,0,1,1,0,0,8,0,0,0,3,0,7,3,1,0,0,0,0,0,8,0
S100A9,2,0,9,0,0,5,0,0,0,0,0,6,1,15,0,0,0,0,2,0,2,0,9,16,0,0,1,0,0,0,0,1,0,0,1,0,1,0,1,0,1,5,0,0,12,0,0,2,1,0,1,1,0,0,0,0,0,0,0,0,2,0,0,1,0,0,0,0,0,0,1,0,10,1,0,4,1,0,0,1,0,0,6,0,1,0,0,0,1,0,0,1,0,0,0,0,0,0,3,10,0,0,0,2,0,0,0,0,0,4,0,1,0,0,1,12,0,0,0,0,0,0,0,0,0,0,0,0,1,1,0,7,0,2,0,0,2,0,0,0,0,0,6,0,0,0,0,0,0,0,8,9,0,0,1,0,0,0,1,0,1,4,1,0,0,1,2,0,0,5,0,0,1,5,1,0,1,8,3,0,2,7,0,0,0,0,0,0,0,0,2,2,0,8,2,0,0,12,0,1,0,6,0,0,0,0,0,0,2,1,0,0,0,2,0,2,0,0,6,3,0,0,0,3,1,3,0,0,0,0,0,0,10,0,27,0,0,0,0,1,5,0,0,0,0,1,0,1,0,0,0,4,0,0,0,0,4,0,0,0,1,4,0,0,6,0,0,5,0,0,1,0,0,0,0,0,0,0,7,4,0,0,0,0,0,0,3,1,0,0,8,0,6,0,5,9,2,0,0,0,0,0,1,0,10,0,0,0,0,0,1,1,0,1,0,0,1,1,0,10,2,0,1,0,2,0,2,0,1,1,0,0,0,7,0,1,2,0,1,6,0,8,0,0,0,1,8,0,0,1,0,0,0,0,0,1,0,0,3,0,7,0,0,0,0,1,0,2,0,2,0,0,0,0,0,0,2,0,0,0,0,2,0,0,0,7,0,16,0,5,0,0,1,0,1,0,8,0,0,1,1,4,0,0,5,9,1,5,1,3,2,0,0,3,1,1,0,0,0,9,1,0,2,0,0,3,0,3,0,2,0,0,3,8,0,1,0,2,2,0,4,0,0,0,0,1,6,2,1,0,0,7,0,0,0,0,12,0,0,1,0,0,3,0,0,0,0,3,0,0,0,0,2,0,2,0,0,0,0,0,0,0,0,1,0,0,0,0,0,0,0,0,0,0,0,0,1,0,0,1,0,8,3,0,0,0,0,1,3,0,0,16,0,0,0,0,0,0,0,11,6,0,0,1,0,1,15,6,3,1,0,0,0,1,0,0,0,0,0,6,4,1,9,3,0,0,1,0,0,0,0,0,0,0,1,1,0,0,0,0,0,1,12,1,0,1,0,1,0,0,0,5,0,0,8,0,20,0,4,0,1,1,1,0,6,0,1,1,0,0,2,0,0,0,0,0,0,0,6,1
STMN1,3,0,0,0,1,0,1,0,0,1,0,1,0,0,0,1,0,0,0,0,0,0,0,0,3,0,1,0,0,0,0,1,0,0,1,0,1,0,0,0,0,0,0,0,0,1,0,0,0,0,0,0,0,2,0,0,0,0,0,0,0,0,0,0,0,0,0,0,0,0,0,2,0,0,0,1,0,0,0,0,0,0,0,0,0,0,0,0,0,0,0,0,0,1,1,0,0,1,0,0,0,1,0,0,0,0,0,0,0,0,1,0,0,0,0,0,0,0,0,0,0,1,0,1,1,0,0,0,0,2,0,0,1,0,0,0,0,0,0,0,0,0,0,1,0,0,0,0,0,0,0,0,2,2,1,0,4,0,0,1,0,0,0,0,0,0,0,0,1,0,0,1,1,1,1,1,0,0,0,0,2,0,4,1,2,0,0,0,0,0,0,0,0,1,0,1,0,1,0,0,0,0,0,0,1,1,0,0,0,0,0,0,0,1,0,2,1,0,0,2,2,1,0,0,0,0,0,0,0,0,0,0,1,0,0,0,3,2,0,0,0,0,0,0,0,0,0,0,0,0,0,0,0,0,0,0,0,0,0,0,1,0,0,0,1,0,2,0,1,0,0,0,0,0,0,0,0,0,0,0,1,0,0,0,0,0,1,0,0,0,0,0,0,2,0,0,0,0,0,0,0,1,0,1,0,0,1,2,0,0,2,0,2,0,0,0,0,0,0,0,1,1,0,0,0,0,1,0,0,0,0,3,0,0,0,1,0,0,0,0,0,1,0,0,1,1,0,2,2,0,0,0,0,0,0,0,0,0,0,0,0,0,0,0,0,1,0,0,0,0,0,1,0,0,0,0,0,0,0,1,0,1,0,0,0,0,0,0,2,0,0,0,0,0,1,1,0,0,0,0,0,0,1,1,0,2,0,0,0,2,0,0,0,1,1,0,0,0,4,0,1,2,0,0,0,0,0,0,0,0,0,0,2,0,3,0,0,1,0,0,0,0,1,0,0,0,0,0,0,2,0,0,1,0,1,0,1,0,1,0,1,0,0,2,1,0,0,0,0,0,0,0,1,1,0,0,2,0,0,0,0,0,1,0,0,0,0,0,0,0,0,0,0,2,0,0,1,0,0,0,0,1,1,0,1,0,1,0,0,0,0,0,0,0,2,0,2,1,0,0,0,2,3,0,0,0,0,0,0,0,0,0,0,0,1,0,0,1,0,0,0,1,1,0,0,0,1,1,0,0,0,1,1,0,0,0,0,0,0,0,0,0,2,0,1,0,0,0,1,2,0,0,0,0,0,0,0,1,0,0,0,0,0,0,0,0,0,0,0,2,0,5,0,0,0,2,0,0,0,0
TCF7,0,1,0,0,19,0,0,0,16,7,0,0,1,0,0,6,0,25,0,0,1,8,1,0,0,19,12,20,3,0,0,1,0,0,0,5,10,6,19,1,6,0,0,0,1,1,0,0,0,4,11,6,0,1,0,1,0,0,10,6,1,4,0,2,0,0,0,1,3,0,4,6,0,10,11,0,0,0,0,0,0,0,1,6,31,1,0,4,14,5,12,1,0,4,6,0,0,2,7,5,0,0,3,1,0,2,1,0,12,0,0,4,0,0,12,1,0,1,0,0,0,0,7,0,10,5,2,26,19,0,7,1,0,2,3,4,0,0,0,9,7,0,0,0,1,0,0,0,0,18,1,0,12,0,24,0,1,0,0,0,1,0,9,6,0,7,1,0,1,2,2,1,9,1,6,1,4,0,0,0,1,2,1,1,0,0,0,10,3,4,0,14,10,0,15,9,0,0,9,9,1,0,1,9,17,5,8,0,8,0,0,1,14,0,0,1,5,2,0,0,1,3,4,0,9,0,8,0,0,11,2,0,0,0,0,0,1,0,11,9,1,0,5,0,0,2,0,0,0,0,0,0,0,22,8,0,0,6,14,0,14,0,0,20,1,4,1,11,12,42,8,6,3,0,0,0,0,4,1,0,12,10,4,6,0,2,9,7,6,8,0,3,0,6,0,0,0,1,0,0,0,4,0,0,0,8,5,0,0,8,0,0,11,0,0,0,3,0,0,0,0,2,0,0,2,0,1,0,0,12,0,27,0,0,8,1,18,0,8,0,5,0,0,1,0,0,0,6,0,4,0,2,0,0,3,1,0,0,0,0,0,2,6,4,0,0,0,0,0,1,0,0,1,0,5,15,0,1,11,0,0,1,0,1,0,0,0,0,10,0,0,5,0,0,17,0,1,0,0,0,3,0,0,14,0,0,0,0,5,2,0,0,8,1,15,4,7,2,1,0,0,7,22,10,0,2,9,0,9,0,0,0,0,0,8,21,1,1,0,1,0,6,0,1,0,0,0,0,10,0,14,0,0,10,13,11,0,3,2,0,0,14,0,0,0,0,0,2,9,0,4,0,11,11,2,0,0,0,0,3,3,7,2,0,5,0,0,14,2,1,0,0,2,6,0,5,1,0,5,0,1,1,0,5,1,0,1,0,0,1,17,0,5,0,1,6,1,0,11,2,0,0,8,0,4,10,0,1,1,3,0,1,8,0,5,4,1,5,14,1,0,0,2,0,1,0,5,6,0,0,0,5,7,0,8,6,1,0,0,2,8,4,0,2,0,3,0,4,13,4,1,0,2,0,0,1,0,0,0,0,0,4,10,7,0,0,8,1,9,3,0,0,0,0,14,0,1,0,1,3
TIGIT,0,0,0,0,11,0,0,0,0,0,13,0,0,0,3,5,1,0,0,0,0,0,0,0,0,3,2,1,0,1,0,1,0,5,1,0,3,1,1,2,0,0,0,0,1,1,14,9,2,2,0,1,0,0,0,1,0,0,2,3,0,0,0,1,0,0,0,0,1,0,0,0,0,7,0,4,2,0,0,0,0,4,0,2,1,0,0,0,0,3,7,0,5,0,4,0,0,0,2,1,0,4,0,0,1,1,2,9,1,0,1,15,3,1,0,2,0,1,0,1,1,0,7,8,2,0,3,0,7,1,1,2,1,1,0,1,0,4,0,0,0,7,0,0,0,4,1,0,7,2,0,0,0,0,1,1,2,0,1,0,6,1,0,1,0,0,0,0,0,0,0,5,1,1,7,0,1,2,0,2,0,0,0,4,1,0,2,8,3,0,1,12,0,0,1,0,0,0,7,2,0,1,2,4,2,2,0,0,1,0,0,0,2,0,0,0,0,1,1,2,1,1,0,0,0,0,5,0,1,1,0,4,1,0,0,2,11,0,0,3,0,1,0,0,1,1,0,6,0,6,0,0,7,0,0,0,0,0,0,0,0,0,5,0,2,2,1,0,1,0,0,3,3,0,0,1,2,0,0,1,4,7,0,0,0,9,0,0,0,3,0,0,0,2,0,0,2,3,0,0,0,10,13,11,0,1,5,0,1,0,6,8,2,0,5,6,0,0,21,1,0,0,6,10,0,0,0,10,0,1,0,5,0,0,0,0,0,0,0,0,1,0,2,0,0,1,0,0,0,5,0,0,0,0,0,9,0,0,2,0,0,0,1,9,0,3,0,0,7,0,0,2,6,1,0,0,0,3,1,0,0,0,0,3,4,0,1,0,3,0,1,5,1,1,0,5,0,0,1,0,0,0,0,0,1,0,9,1,0,0,0,2,1,0,0,4,0,0,3,1,0,0,2,8,0,0,0,0,0,0,2,0,0,0,6,2,0,5,1,2,0,9,0,5,13,0,2,0,3,1,2,0,3,0,2,5,0,1,1,0,0,5,0,2,0,0,0,0,1,1,1,0,1,1,0,0,7,0,0,0,0,0,0,10,4,0,2,1,0,0,0,1,1,1,0,0,2,2,0,4,0,0,0,2,1,0,9,0,5,7,1,0,11,1,0,18,3,0,7,1,0,1,3,0,0,0,0,2,1,3,0,2,0,0,0,4,0,5,3,0,0,0,0,0,0,1,1,13,0,0,3,1,4,0,0,0,0,1,0,0,4,2,0,4,0,0,0,0,4,1,1,0,0,0,0,4,0,0,0,4,0,0,4,0,1,0,6,2,3,3,0,8,2,1,0,4,0,0,0,0
TOP2A,0,0,0,1,0,0,0,0,0,0,2,0,0,0,4,0,0,0,1,0,2,0,0,0,0,4,0,0,0,1,1,0,3,0,0,0,1,0,1,0,0,0,0,0,2,0,0,0,0,2,0,0,0,1,1,0,0,2,0,0,4,0,0,2,0,1,0,0,0,2,0,0,0,0,0,1,0,0,0,0,0,0,1,1,0,1,0,0,0,1,0,0,4,0,0,0,0,0,1,0,0,3,0,2,1,1,0,0,0,1,0,0,0,0,0,0,1,1,2,0,0,0,0,0,1,0,0,0,0,0,0,0,0,0,0,2,0,0,0,0,0,0,0,1,0,1,0,0,0,0,4,0,0,0,0,0,0,1,1,1,0,0,1,1,0,0,0,0,0,0,0,0,0,0,0,0,1,1,2,0,0,0,0,0,0,0,1,0,0,0,0,0,0,1,0,1,0,0,0,0,0,0,0,0,0,0,0,0,0,0,0,0,0,0,0,0,0,0,0,0,0,1,0,1,1,0,1,2,0,1,0,0,0,0,0,0,0,0,2,0,1,0,0,0,1,1,0,0,0,0,0,0,1,0,1,0,0,3,2,0,0,0,0,2,0,0,0,1,0,0,0,0,0,0,0,2,0,0,1,0,0,0,2,0,0,2,0,1,0,0,1,1,1,0,0,0,1,1,0,0,0,0,0,0,0,1,0,0,0,0,0,0,0,2,0,0,0,1,0,1,1,0,0,0,0,0,0,0,0,0,0,0,0,0,0,0,0,2,0,0,0,0,0,0,0,1,0,0,0,1,0,0,0,0,0,0,0,0,1,0,1,0,0,0,0,0,1,0,0,0,1,1,0,0,0,0,1,1,0,0,0,0,1,0,0,0,2,0,0,0,0,0,0,0,0,0,1,1,0,0,1,0,0,0,0,0,0,0,1,0,0,0,0,0,0,1,0,0,0,3,1,0,0,1,0,0,0,0,0,0,0,0,0,2,1,0,0,0,0,1,0,2,1,0,0,3,0,0,1,1,0,0,0,0,0,1,0,0,0,0,0,0,3,0,0,0,1,0,0,0,1,0,0,2,0,0,0,0,0,0,0,0,0,2,0,0,0,0,1,12,0,0,1,0,0,0,0,1,0,0,0,0,0,0,0,1,0,0,0,0,0,1,1,0,0,0,0,1,0,0,0,0,1,0,0,0,0,0,1,0,0,1,1,1,0,0,0,0,0,0,0,0,0,0,0,0,1,0,0,0,0,0,0,0,0,3,1,1,0,0,0,1,0,0,1,0,1,0,0,1,0,0,0,1,2,0,0,0,0,0,0,0,0,0,0,0,1,0,0,0,1,0,0,0,0,0,0,0,0,0
TOX,0,0,0,0,12,2,0,0,0,0,13,1,0,4,2,7,0,0,0,0,0,0,0,0,0,0,0,0,3,0,1,0,0,4,1,0,6,0,3,0,0,1,1,0,1,0,6,6,0,0,3,0,0,0,0,1,7,0,0,3,1,0,0,1,0,2,0,0,1,2,0,0,1,8,0,6,3,0,0,0,1,4,0,1,2,1,2,0,0,2,4,0,0,0,1,1,0,1,2,1,1,1,0,0,0,0,2,1,2,0,0,6,6,2,0,2,1,0,0,0,0,0,8,12,2,0,1,2,2,0,1,1,1,2,0,2,0,0,0,0,2,6,1,0,0,5,0,5,0,0,0,0,0,0,0,3,8,0,0,0,1,0,1,0,0,1,0,0,2,0,0,8,2,0,4,0,0,0,0,0,0,1,0,12,0,1,2,20,1,2,1,19,0,0,1,0,1,0,8,1,0,0,2,3,0,4,2,2,2,0,3,0,1,0,0,0,0,3,3,16,2,0,0,0,0,0,5,0,0,1,2,7,0,5,0,0,4,0,4,2,0,0,4,0,0,0,0,4,1,10,0,1,3,1,1,0,2,1,0,0,0,0,4,1,3,2,2,2,2,0,0,6,0,0,2,0,3,0,0,0,0,7,0,2,2,6,0,0,0,0,0,0,0,2,0,0,0,0,0,0,0,6,8,13,0,0,1,0,0,0,4,4,3,0,3,1,0,0,18,0,0,0,9,16,1,0,0,8,0,4,0,2,0,0,0,0,0,2,0,0,2,0,6,0,0,0,0,0,0,9,0,4,0,0,0,8,0,0,7,0,0,0,0,7,0,9,0,0,4,1,0,0,3,2,0,0,0,5,2,0,1,1,2,3,9,0,1,0,3,0,0,9,0,4,0,17,2,0,0,0,0,0,2,0,0,0,11,2,0,0,0,0,1,0,0,6,2,0,1,0,0,2,1,10,0,0,0,0,0,0,0,0,2,2,8,1,0,2,1,3,1,7,2,5,6,0,0,0,0,1,5,0,0,2,3,0,0,2,1,0,0,9,1,0,0,0,0,0,0,0,2,2,1,1,0,0,10,0,2,0,2,1,0,8,14,0,2,0,0,1,0,0,0,0,0,0,1,0,4,8,0,0,0,1,0,0,14,0,4,4,3,2,13,1,0,12,1,0,4,1,0,0,2,2,0,0,0,0,0,1,0,1,0,1,1,0,0,5,0,0,0,1,0,0,2,7,3,8,1,0,3,0,2,0,0,0,0,1,0,0,5,8,0,0,1,0,0,0,5,1,0,0,0,2,0,2,1,0,0,1,1,0,2,0,0,0,4,2,1,0,0,6,6,0,0,1,0,1,0,0
TRAC,0,12,0,0,10,0,1,0,3,3,13,1,0,2,12,3,2,11,1,0,0,11,0,0,0,15,7,10,1,0,0,0,6,10,5,10,4,7,10,2,16,0,0,6,0,0,4,2,0,4,16,2,0,0,0,0,4,0,9,3,0,2,0,0,0,0,0,2,4,8,4,6,3,14,7,1,8,0,0,0,0,5,0,4,13,2,0,4,8,2,4,0,12,6,9,0,8,3,15,0,1,0,2,0,0,1,4,6,2,0,3,7,4,0,9,1,0,0,9,0,0,1,1,6,8,16,6,6,16,0,3,2,1,11,0,8,2,3,0,2,7,2,0,1,4,9,7,7,8,4,2,3,4,0,11,1,2,0,0,1,4,0,7,2,0,8,0,2,9,0,3,10,4,0,5,8,4,1,2,0,0,1,5,11,0,0,5,11,0,2,0,12,9,0,9,1,0,0,0,9,0,1,10,3,1,4,6,0,8,21,0,0,7,1,0,0,4,9,0,13,6,14,2,0,5,1,6,2,0,5,9,3,0,0,3,0,18,0,5,6,0,0,9,6,0,0,0,10,13,7,0,0,7,9,4,0,1,5,12,0,6,0,7,8,0,13,6,6,9,16,7,5,12,0,0,15,2,10,0,1,11,9,7,2,0,5,4,8,1,5,0,3,0,3,0,0,0,1,0,0,0,10,4,16,0,16,10,0,9,3,17,11,9,17,5,6,3,0,12,0,1,4,6,9,0,0,0,5,0,9,2,9,0,0,8,0,7,0,1,1,11,0,0,3,1,0,0,7,0,6,0,6,1,0,4,4,0,1,0,0,0,4,7,9,0,12,0,1,12,1,0,7,3,8,14,9,1,7,2,0,0,0,6,7,6,0,0,1,14,0,0,6,0,0,5,7,0,6,1,7,2,0,0,9,0,0,6,0,7,0,0,0,9,0,8,0,5,0,4,2,0,9,8,5,0,1,5,0,4,0,0,0,0,0,3,13,4,8,1,5,0,6,0,5,2,1,0,0,4,0,8,1,0,6,3,3,0,4,0,0,1,7,0,2,0,0,0,1,1,8,11,21,3,2,4,9,7,1,0,7,5,5,0,9,4,13,3,3,0,0,0,2,0,3,0,4,3,0,6,0,0,0,0,5,3,0,30,0,11,2,11,0,7,10,4,9,7,0,20,0,0,8,9,0,0,2,0,0,0,2,1,0,6,0,4,2,4,8,1,0,0,4,0,0,6,17,6,15,0,2,3,5,4,1,3,3,9,6,0,4,7,4,1,0,0,0,0,1,16,3,11,0,1,0,0,9,0,1,1,10,4,7,5,7,1,0,3,5,10,5,0,5,17,1,6,9,1,0,0,0
TUBA1B,0,0,0,0,0,0,0,1,0,0,0,0,0,2,0,1,0,0,0,1,0,0,0,0,0,3,1,0,0,0,0,0,0,0,0,0,1,0,1,0,0,2,0,1,0,1,0,0,0,0,0,2,0,0,0,0,0,0,3,0,1,0,0,0,0,0,2,0,0,0,0,0,0,0,0,1,2,0,0,1,0,0,0,0,4,1,0,1,0,0,0,0,0,0,0,0,0,0,0,6,0,1,0,0,0,0,1,0,0,2,0,0,0,2,1,0,1,0,0,0,1,0,0,0,0,0,0,0,0,0,0,0,0,0,0,0,0,1,0,0,0,0,0,0,0,1,0,0,0,0,0,0,1,0,0,0,0,0,0,0,0,1,0,0,0,0,0,0,0,0,0,0,0,0,0,1,2,0,0,0,0,0,0,0,0,0,1,0,1,0,0,0,0,0,1,0,0,0,0,0,0,1,0,0,0,0,0,0,0,0,1,0,0,0,0,0,0,0,1,0,0,0,1,0,0,2,0,0,0,0,0,0,0,0,2,1,0,0,0,0,0,0,0,0,1,1,0,0,0,0,0,0,0,0,0,1,1,2,1,1,3,1,2,0,0,1,0,4,1,0,0,1,0,0,5,0,0,1,0,0,0,1,0,1,1,0,0,0,0,0,1,4,1,1,0,0,2,0,0,2,0,2,0,0,0,0,0,0,0,0,1,0,0,1,0,0,0,2,0,1,0,0,0,0,0,0,1,1,0,0,0,0,0,1,1,0,0,0,0,0,0,0,0,1,0,1,1,0,0,2,0,0,0,0,0,0,0,0,0,0,0,0,0,0,0,0,0,0,0,0,0,0,0,0,0,0,0,0,0,0,0,2,0,0,0,0,0,0,0,0,0,1,0,0,0,0,2,0,0,0,2,0,0,0,0,0,1,1,0,0,1,0,0,0,0,0,1,0,1,0,0,0,0,1,1,0,2,0,0,0,1,0,0,1,2,0,1,0,1,1,0,0,0,0,0,0,0,0,0,0,0,0,0,1,0,1,1,0,0,0,0,0,1,0,0,0,0,0,0,0,0,0,1,0,0,0,0,0,0,1,0,0,0,0,2,1,1,0,0,0,1,0,0,0,0,0,0,0,0,0,1,2,0,0,0,0,2,1,0,4,3,0,0,0,0,0,0,0,0,0,0,1,1,1,0,0,1,0,0,0,1,1,0,0,0,0,0,0,0,0,0,0,0,0,0,0,0,0,0,0,0,0,0,0,0,0,3,0,0,0,0,0,0,4,0,0,0,0,0,0,0,0,1,0,0,0,3,0,3,1,0,0,0,0,1,0,0,1,0,4,0,0,0,0,4,1,0,0,0,0
TYROBP,0,1,3,0,0,3,2,1,0,0,0,5,0,11,0,1,0,0,3,0,0,1,7,8,0,0,0,1,0,0,0,2,0,0,0,0,0,0,2,0,0,11,1,0,11,0,0,0,0,0,0,1,0,0,1,0,0,0,1,0,0,0,0,0,0,0,0,0,0,0,0,0,10,1,0,0,0,0,0,0,0,0,7,0,0,0,0,1,0,0,1,0,2,0,0,2,0,0,1,5,5,0,1,5,1,1,0,0,0,4,0,0,0,0,0,11,0,0,1,0,0,0,1,0,1,2,0,0,0,0,0,11,0,0,0,0,5,1,0,0,0,1,5,0,0,0,1,0,1,0,7,8,2,0,1,0,0,0,0,0,0,4,1,0,0,0,10,0,0,9,0,0,0,7,0,0,0,12,4,0,1,12,0,0,0,2,0,0,0,0,4,0,0,3,1,0,0,7,0,1,0,4,0,2,0,0,0,0,0,1,0,0,0,3,0,0,0,0,7,0,0,0,0,0,2,11,0,4,0,0,0,0,4,0,15,0,0,0,2,0,3,1,0,0,0,3,0,0,0,0,0,4,0,0,0,0,2,1,0,0,0,0,0,0,3,0,0,0,1,1,0,0,0,0,1,0,0,1,4,9,0,0,0,0,0,0,1,0,0,0,8,0,7,0,4,10,15,0,0,1,0,0,1,0,9,0,0,0,0,0,0,0,0,0,0,0,0,0,0,7,7,0,1,3,6,0,0,0,0,1,0,0,0,7,0,0,1,0,0,3,0,9,0,0,0,1,8,0,0,0,2,1,0,0,0,0,1,0,0,0,5,0,4,0,0,3,0,1,1,3,0,1,0,0,0,0,10,0,1,0,0,9,0,1,1,1,0,11,0,8,0,0,0,0,0,0,6,0,0,0,3,0,0,1,3,13,0,4,0,6,1,2,1,2,0,0,0,0,0,6,0,0,0,0,0,0,0,2,0,0,5,0,0,4,4,3,0,1,1,0,5,0,0,0,0,0,4,0,0,1,0,5,1,0,0,0,5,0,0,0,0,0,12,2,0,0,0,5,1,1,1,0,0,1,0,0,0,0,1,0,1,0,1,0,0,0,1,0,0,2,0,1,0,0,0,0,0,2,1,0,0,3,6,0,0,3,4,9,0,0,0,15,0,0,0,1,1,0,0,11,3,0,2,0,0,1,7,8,0,0,0,0,0,0,0,0,0,2,0,4,3,0,14,4,0,1,0,4,0,0,1,0,0,2,0,0,0,0,0,1,1,0,15,1,1,0,2,0,0,0,0,5,0,0,14,0,11,0,10,0,0,0,0,1,6,0,0,2,0,1,1,0,1,0,0,0,0,0,11,0
GENE001,0,2,0,0,0,0,0,0,0,1,0,0,0,2,0,0,0,0,0,0,0,3,1,0,0,0,0,1,0,1,0,0,0,0,0,0,0,0,0,0,0,0,0,0,0,0,0,0,0,0,0,0,0,1,0,0,0,0,0,0,1,0,0,2,0,0,0,2,0,0,1,1,0,0,0,0,0,0,0,0,0,0,0,3,0,0,0,0,0,1,1,0,0,0,1,0,0,0,0,0,1,0,0,0,0,0,0,0,0,1,0,0,0,0,0,1,0,0,0,0,1,0,0,2,0,0,0,0,0,1,0,0,0,1,0,0,0,0,1,1,0,0,0,0,4,1,0,1,0,0,0,1,1,0,0,0,0,0,0,6,1,0,1,0,0,2,0,0,0,0,1,0,0,0,0,0,0,0,0,0,1,0,0,0,0,0,0,0,3,0,0,0,0,0,2,0,0,1,0,0,1,0,0,0,0,0,0,0,0,0,0,0,0,1,0,0,0,0,0,2,0,1,0,0,2,1,0,1,0,0,0,0,0,0,1,1,0,1,0,0,1,0,2,0,0,0,0,0,0,0,0,0,0,0,0,0,0,0,0,0,1,0,1,0,0,1,0,0,0,1,0,0,0,0,0,0,0,0,1,0,0,0,2,0,3,0,0,0,0,0,0,0,0,0,0,0,0,0,1,0,0,0,0,0,0,0,0,1,0,2,0,0,2,0,0,0,0,1,1,0,0,1,0,0,0,0,0,0,3,0,0,0,0,0,0,1,1,0,0,0,0,0,0,0,0,0,0,0,0,0,0,0,0,0,0,1,0,0,0,1,0,0,0,0,0,0,0,1,0,0,0,0,0,0,4,0,0,0,0,0,1,0,1,0,0,0,4,0,1,4,0,0,0,0,0,0,0,0,1,0,0,0,2,0,0,0,0,0,0,0,1,1,2,0,0,0,0,2,0,0,0,0,0,0,0,0,0,0,0,0,0,0,0,0,0,1,0,0,0,0,0,0,0,0,0,0,0,0,0,0,0,1,1,1,1,0,0,0,0,0,0,0,0,0,0,0,0,0,1,0,0,0,1,0,0,1,0,1,0,0,0,0,0,1,0,0,0,1,1,0,0,0,0,2,0,1,0,0,1,0,0,0,0,0,0,0,0,0,0,0,2,0,1,0,0,0,0,0,0,0,0,0,0,0,0,0,0,0,0,0,0,0,0,0,0,0,0,1,0,0,0,1,0,0,0,0,1,0,0,0,0,0,0,0,0,0,0,1,1,0,0,0,0,4,3,0,0,0,1,0,0,0,0,0,0,0,0,0,0,0,0,0,0,3,0,0,0,0,0,2,0,1,0,1,0,0,0,2,0,0
GENE002,0,0,0,1,3,0,0,1,0,0,0,0,1,2,0,0,0,1,0,0,0,0,1,0,0,4,1,0,0,0,1,0,0,0,0,0,0,0,0,3,0,0,1,1,0,0,0,0,0,0,0,0,0,0,0,0,1,1,0,0,0,0,1,0,0,0,1,0,0,0,0,0,0,0,1,1,0,0,0,1,0,0,0,1,0,0,0,1,0,0,2,1,0,0,1,1,0,0,1,0,0,0,0,0,0,0,0,0,0,0,0,2,0,3,0,0,0,0,0,0,0,1,1,2,0,1,0,0,0,2,0,1,0,0,0,0,0,1,0,1,3,0,0,0,0,0,0,0,0,1,1,0,0,0,3,0,0,0,0,0,0,1,0,0,0,0,0,1,0,1,2,0,0,1,0,0,0,1,0,1,1,0,0,0,1,0,3,1,1,0,1,0,0,2,0,0,0,2,0,0,0,0,0,0,1,0,0,0,2,3,2,0,0,0,0,1,0,0,0,0,0,0,0,0,1,0,2,0,1,0,0,1,0,0,0,0,2,0,0,0,0,0,0,1,1,0,1,0,1,0,0,0,0,0,0,0,0,0,2,0,1,0,0,0,0,1,1,0,0,1,2,0,0,0,1,0,0,1,0,0,0,5,0,0,0,0,4,1,0,0,0,1,0,0,0,0,0,1,0,0,0,0,0,0,0,0,0,0,0,0,2,0,0,0,0,0,0,0,0,0,2,0,0,0,0,0,0,0,5,1,1,1,0,0,0,1,0,0,0,0,0,0,0,1,0,1,0,0,3,0,1,0,1,1,0,0,0,0,1,0,1,0,0,1,0,1,0,0,0,1,0,1,0,0,0,1,1,0,0,0,1,0,0,1,0,1,4,0,1,0,0,0,0,0,0,0,0,0,0,1,0,1,0,0,1,0,0,0,0,1,0,1,0,0,0,0,0,0,0,2,0,6,0,0,0,0,0,0,0,0,0,0,0,0,0,0,0,0,4,1,0,1,0,0,0,0,2,0,0,1,2,0,0,0,0,0,0,0,0,1,0,1,0,0,0,0,0,0,0,0,0,0,0,0,0,1,0,3,0,3,0,1,0,0,0,1,0,0,0,0,0,1,0,1,2,0,0,2,0,1,3,0,1,0,3,0,0,0,0,0,2,0,0,0,0,0,0,0,0,0,0,0,0,3,0,2,0,0,0,0,0,0,0,0,1,0,0,0,0,4,0,0,0,0,0,1,0,0,0,0,0,0,0,0,0,0,0,0,0,0,0,1,1,0,1,1,0,0,1,1,0,0,0,1,0,0,0,2,0,0,1,1,0,0,0,0,0,0,0,0,0,0,0,0,0,3,0,0,0,0
GENE003,0,0,0,0,0,0,0,1,0,0,1,0,1,0,1,0,0,0,0,0,0,3,0,0,0,1,1,1,0,1,0,0,2,0,0,5,0,0,0,0,0,3,0,0,0,0,0,0,0,0,0,0,0,0,0,0,0,1,1,1,0,1,2,0,0,0,1,0,0,0,0,0,0,0,0,0,0,0,0,2,0,0,0,0,0,0,0,0,0,1,0,0,0,0,0,0,0,0,1,0,0,0,0,0,2,0,0,1,0,1,0,0,0,0,2,0,1,0,0,0,0,1,1,0,0,0,1,0,0,0,1,0,0,0,0,0,1,1,1,0,1,0,0,0,0,0,0,0,0,0,3,0,0,0,0,0,0,0,0,0,1,0,0,0,0,0,0,1,0,0,0,0,0,0,1,0,0,0,0,0,0,2,2,0,0,0,0,0,0,0,0,0,1,0,0,2,0,1,0,1,0,1,0,0,1,0,0,0,0,0,0,2,0,0,0,0,0,0,0,0,0,0,0,0,0,0,0,1,2,0,0,1,0,3,0,2,1,1,0,1,0,0,2,0,1,0,0,0,0,1,0,0,0,1,0,0,0,2,0,3,0,0,0,1,0,0,3,0,0,3,0,0,0,0,1,0,0,0,2,0,0,1,0,0,1,3,0,0,0,0,0,0,1,0,0,0,0,0,0,0,0,0,1,0,0,0,0,0,0,0,2,0,0,0,0,0,0,0,0,1,0,0,0,0,0,0,0,0,0,1,0,0,0,0,1,0,0,0,0,0,1,1,0,0,1,0,0,0,3,0,0,0,0,0,0,0,0,0,0,1,1,0,1,0,0,0,0,1,0,1,0,0,0,0,1,0,0,0,1,0,1,0,0,0,0,0,0,1,4,1,1,0,0,1,0,1,0,1,0,0,0,0,0,0,1,2,0,0,0,2,0,0,1,0,0,0,0,0,4,0,3,1,0,1,0,3,0,1,0,0,1,0,0,0,0,0,0,2,0,0,1,0,0,0,0,0,0,0,1,0,0,0,2,0,0,0,1,0,0,0,0,0,1,0,3,0,0,0,0,0,0,0,0,0,0,1,0,1,1,0,0,0,0,0,0,1,0,0,2,0,0,0,1,0,0,0,0,1,0,0,2,1,0,0,0,0,0,1,0,0,1,0,0,0,0,0,0,0,3,0,0,0,2,0,0,0,1,0,1,0,1,0,6,1,0,0,0,1,0,0,0,0,0,0,0,0,0,3,0,0,3,0,0,0,0,0,0,0,0,0,0,0,0,0,1,0,0,0,0,2,1,0,0,0,1,0,0,0,0,0,0,2,0,0,0,0,1,0,0,0,2,1,1,0,0,0,0,3,0,0
GENE004,0,0,0,0,0,0,5,0,0,0,0,0,0,0,0,1,0,2,0,1,0,0,0,0,0,0,0,1,0,0,0,0,0,0,0,0,0,0,0,0,0,0,0,0,1,0,0,0,0,0,0,0,1,0,0,0,0,0,0,0,1,0,0,0,0,0,0,0,1,0,0,1,0,0,0,4,0,2,0,0,2,1,2,0,8,0,0,1,0,0,0,0,0,0,0,0,0,1,1,0,0,0,0,0,0,0,0,1,0,1,0,1,0,0,0,0,0,0,0,0,0,0,0,2,0,0,0,0,0,0,0,0,0,0,0,0,0,0,0,0,0,1,0,0,0,0,1,0,1,0,0,0,0,0,2,0,0,0,0,0,0,0,1,0,0,4,0,0,0,0,0,0,2,0,0,0,1,0,0,0,0,0,0,0,0,0,0,3,1,1,0,0,0,0,0,0,0,0,0,2,0,0,0,0,0,0,0,0,1,0,0,0,0,0,0,0,0,1,1,0,0,0,0,0,1,0,0,0,1,0,0,0,0,0,4,0,0,0,0,0,1,0,1,1,0,0,0,0,0,1,0,0,0,0,0,0,0,0,0,0,2,3,0,0,0,0,0,0,0,0,0,0,1,0,0,0,1,0,0,0,0,0,0,0,0,0,0,0,0,0,0,0,0,0,0,0,0,0,0,0,0,0,0,0,0,4,0,0,2,1,0,0,0,5,2,0,0,0,1,1,0,1,0,0,0,0,1,3,0,1,3,0,0,0,0,0,0,0,1,0,0,0,0,1,0,0,0,0,0,0,0,0,0,0,1,0,0,0,2,0,0,0,0,0,0,0,0,0,0,0,0,0,0,2,1,0,0,0,0,0,1,0,0,0,0,0,1,0,0,0,0,1,0,0,0,2,2,0,1,0,0,0,0,0,0,0,0,0,0,1,0,0,0,0,0,0,0,0,4,0,0,0,2,0,0,0,0,0,0,1,0,0,0,0,0,0,3,0,0,0,0,0,0,1,1,1,0,0,0,0,0,2,2,0,0,0,0,0,1,0,0,0,0,0,0,0,0,0,0,0,0,0,0,3,0,0,0,0,0,1,0,0,0,0,0,1,0,0,0,2,0,3,0,0,1,0,0,0,0,0,0,1,0,0,0,0,2,0,0,0,0,1,0,0,0,0,0,0,0,0,0,1,0,2,0,0,1,0,0,0,1,2,0,0,0,0,0,1,0,0,0,0,0,0,1,0,0,0,0,0,0,0,0,0,0,0,1,0,0,0,1,0,0,1,1,4,0,0,0,1,1,1,0,0,0,0,0,0,0,0,0,0,0,0,0,0,0,0,4,0,1,3,3,0,0,0,0,0,0,0
GENE005,0,0,0,0,0,1,1,0,1,1,1,1,0,1,2,1,0,0,0,0,1,0,0,0,0,0,0,0,0,0,0,0,0,0,0,0,0,0,0,0,0,1,0,0,1,0,0,0,0,0,0,0,2,0,0,0,0,1,0,1,1,1,0,0,0,1,0,0,0,0,0,0,0,0,3,0,0,0,0,0,0,0,2,0,1,0,0,0,0,0,0,0,0,0,0,0,0,0,2,0,0,0,0,3,0,1,0,0,0,1,3,0,0,0,0,0,0,0,1,0,0,0,0,1,0,0,0,0,5,1,0,3,0,0,0,0,1,1,1,0,0,0,1,0,0,0,0,0,0,0,0,0,0,0,0,0,0,0,0,0,0,0,0,0,0,0,1,0,0,0,0,1,0,0,0,0,0,1,0,0,0,2,0,0,0,2,1,0,0,0,0,0,0,0,0,0,0,0,0,1,2,0,2,0,1,0,1,0,0,0,0,0,0,0,0,0,0,1,0,0,0,1,0,0,1,0,0,0,0,0,1,2,0,0,1,0,0,0,0,0,0,0,1,2,1,0,0,0,0,0,0,0,1,0,0,0,0,0,0,0,0,0,0,0,0,0,0,5,0,2,1,0,4,0,0,0,0,0,0,0,2,0,0,0,0,0,0,1,0,0,1,1,0,0,2,0,0,0,0,0,1,0,0,0,1,0,0,1,0,0,1,0,0,0,0,1,0,0,1,1,0,0,1,2,0,1,0,0,0,0,2,4,0,1,0,0,0,0,0,0,0,0,0,0,1,0,0,0,0,0,0,0,0,1,0,0,0,0,1,0,3,0,0,0,0,0,0,0,1,0,0,0,0,0,0,1,0,0,0,0,0,1,1,1,0,0,0,0,0,1,0,0,0,1,0,1,0,0,0,0,0,0,0,1,0,0,0,0,0,0,0,0,0,0,1,0,0,0,0,0,0,0,0,1,0,2,1,0,0,0,1,0,0,0,1,0,0,1,0,2,0,0,0,0,0,0,0,0,0,0,0,0,0,0,0,0,0,0,1,0,0,0,0,2,0,1,0,0,0,2,2,0,0,0,1,0,0,0,0,0,0,0,3,0,0,1,1,0,0,0,1,1,0,3,0,0,0,0,0,0,0,0,0,0,1,0,2,0,0,0,0,0,0,1,0,0,0,0,0,0,0,1,0,0,0,0,1,0,0,0,0,0,1,0,0,0,0,0,0,0,0,0,0,0,0,0,0,2,0,0,0,0,0,0,0,0,1,0,0,0,2,1,0,0,1,7,0,0,0,0,0,1,0,1,0,0,0,0,0,0,0,3,0,0,1,0,0,1,1,0,0,0,1,0,0,0,0,0,0,1
GENE006,3,0,0,0,0,0,0,0,0,0,0,1,0,1,0,0,1,0,0,0,0,0,0,0,0,0,0,3,1,1,0,0,0,0,1,0,0,0,0,0,0,0,0,0,0,1,0,0,0,0,0,0,0,0,0,0,0,1,0,0,0,0,0,0,0,0,0,0,0,1,0,0,0,0,0,0,0,0,0,0,0,0,0,1,0,0,0,0,0,1,1,0,1,0,0,0,0,0,0,1,0,0,2,0,0,0,0,2,2,1,1,0,0,0,9,0,3,1,1,0,0,0,0,0,0,0,0,0,0,0,0,0,0,0,1,0,0,1,0,2,0,0,0,0,0,0,0,0,2,0,0,0,1,1,0,0,0,0,0,1,0,0,0,1,0,0,2,1,0,1,0,0,0,0,0,0,1,0,0,0,0,1,1,0,0,0,1,1,2,0,0,0,0,3,0,0,0,0,0,0,0,0,0,0,0,0,0,1,1,0,0,0,1,0,1,0,0,1,0,1,1,0,0,0,0,0,2,0,0,0,1,0,1,0,0,0,0,0,0,0,0,0,1,0,0,0,1,2,0,0,0,1,0,0,0,0,0,1,0,0,0,2,0,0,2,0,0,0,0,0,0,1,0,0,0,2,1,0,0,0,0,0,0,0,0,1,0,1,0,0,0,0,1,0,0,0,0,2,0,0,1,0,0,0,0,1,0,0,0,0,0,0,1,0,0,1,0,0,6,0,1,0,2,0,0,0,1,0,2,1,0,0,0,0,2,0,1,0,0,2,0,0,0,2,2,0,1,0,1,0,0,3,1,1,0,0,0,0,0,0,1,0,0,0,0,0,0,2,0,0,1,0,0,1,1,0,0,0,0,0,2,0,1,2,0,0,0,0,1,0,1,0,0,0,0,1,0,0,0,0,0,0,1,0,1,2,0,0,0,1,1,0,0,0,2,0,0,0,3,0,0,0,1,0,0,0,0,0,2,1,0,0,0,3,0,0,0,1,0,0,0,0,0,1,2,2,0,0,0,0,0,0,1,0,0,0,0,0,0,0,0,0,0,0,0,0,0,0,3,1,0,0,1,0,0,0,1,0,0,7,0,1,0,1,0,1,0,0,0,0,0,0,0,1,0,0,1,0,0,1,2,0,1,0,0,0,0,1,0,0,2,0,0,0,0,1,1,0,0,1,0,0,2,0,3,0,0,0,0,2,0,1,0,0,0,1,0,0,0,0,3,0,0,0,0,0,0,1,0,0,0,2,0,0,0,0,0,0,0,1,0,1,1,0,3,0,0,0,1,0,0,0,3,0,1,1,1,0,0,0,0,0,0,0,0,1,0,0,0,0,0,0,0,0,0,1,0,2,0,1
GENE007,0,0,0,0,2,1,0,0,0,0,0,0,0,0,0,0,0,0,1,0,1,0,0,0,1,0,0,1,1,1,0,0,1,1,0,0,0,2,0,0,0,0,0,0,0,0,1,1,0,1,0,0,0,0,0,1,0,0,0,0,0,0,0,0,0,0,0,0,0,0,0,1,0,0,0,1,0,0,0,0,0,0,0,0,6,0,0,0,0,0,0,0,0,0,0,0,0,1,1,1,1,0,1,1,1,0,0,0,0,1,0,0,1,0,1,0,0,0,0,1,0,0,0,0,0,1,0,0,0,0,0,2,0,0,2,0,0,0,0,0,0,0,0,0,0,0,0,0,0,0,0,0,0,0,0,0,1,0,0,0,0,0,0,0,0,0,0,0,0,0,0,0,0,1,0,1,0,1,0,0,0,0,0,0,0,0,0,0,1,0,0,0,0,0,0,0,0,0,0,0,0,0,0,0,1,0,2,0,1,3,0,0,0,0,0,0,0,0,2,0,0,0,0,0,1,0,0,1,0,0,1,0,1,4,0,0,0,0,0,1,3,0,0,0,0,0,2,0,0,1,0,1,3,0,0,0,2,1,0,0,1,0,1,0,0,0,1,0,0,1,0,0,0,0,1,0,1,0,0,0,0,0,0,1,0,0,0,0,0,0,0,0,0,0,0,0,0,0,0,0,0,0,0,0,0,2,0,0,0,0,1,1,0,1,0,1,0,0,2,0,0,0,0,0,1,0,0,3,1,0,0,3,0,0,0,1,0,0,0,1,1,0,0,1,0,2,1,0,1,2,1,0,0,1,0,0,0,0,0,0,0,0,1,0,0,0,2,0,1,0,0,0,0,0,0,0,0,0,0,0,0,0,0,0,0,0,0,4,0,0,0,0,0,0,0,1,0,0,1,0,0,0,0,0,0,0,1,0,0,0,0,0,0,0,0,0,0,0,0,0,0,0,1,0,2,0,0,0,0,0,0,1,0,0,0,1,1,0,0,0,0,0,0,1,0,0,0,0,0,1,1,0,0,0,0,0,0,0,3,0,0,0,0,0,0,1,2,0,0,0,0,0,0,0,0,0,0,0,0,0,0,1,2,0,0,0,0,1,0,0,0,0,0,0,2,0,0,1,1,2,0,0,0,0,0,0,2,0,0,0,0,0,3,1,3,0,0,0,2,0,0,0,0,2,1,0,1,0,0,0,0,0,0,0,0,0,0,0,0,1,0,2,0,1,0,0,0,0,0,0,0,0,2,0,0,0,3,0,0,4,0,0,0,1,1,1,0,0,0,0,0,2,1,0,1,1,0,0,0,0,0,2,0,0,1,0,0,0,2,0,1,0,0,0,0,0,0,0,0,0
GENE008,3,0,0,0,0,0,1,1,0,0,2,0,0,1,1,0,0,0,1,0,1,0,0,0,0,0,0,1,0,2,0,0,0,0,0,0,0,0,4,0,0,0,1,0,0,0,0,1,2,1,0,1,0,0,0,0,0,0,0,0,2,0,0,0,0,0,0,0,0,1,0,0,1,0,0,0,0,0,1,0,0,0,0,0,0,1,0,0,0,0,0,1,0,0,0,1,0,0,0,0,0,1,0,0,0,0,1,0,0,0,0,2,0,0,0,0,0,0,0,1,0,0,4,0,1,0,5,0,0,1,0,0,0,0,0,0,0,0,1,0,0,0,1,0,0,0,1,1,0,0,0,0,0,2,0,0,0,1,3,0,0,0,1,0,0,1,0,0,1,0,2,0,0,0,0,0,0,0,0,0,0,0,0,0,3,0,1,0,0,0,0,4,0,1,0,0,0,1,0,0,0,0,2,1,0,0,0,0,0,0,0,0,0,0,0,0,0,0,0,5,2,0,1,0,0,0,0,0,0,0,0,0,0,0,0,0,1,0,0,0,0,0,0,0,0,0,1,0,0,0,0,0,0,0,2,0,0,2,2,1,0,0,2,0,0,1,0,5,0,0,2,0,1,1,0,0,0,0,1,0,1,1,0,0,0,0,0,0,0,0,1,1,0,0,0,0,0,0,0,0,2,0,0,0,0,0,0,0,0,0,1,2,0,0,0,0,0,0,2,0,0,0,1,0,0,0,0,0,0,0,0,0,0,0,1,1,0,0,1,0,0,0,1,0,2,0,0,0,0,0,0,0,1,0,1,0,0,1,0,2,0,0,0,0,0,0,2,0,0,2,0,0,2,0,0,0,1,0,1,0,1,4,0,0,0,1,1,1,1,0,0,0,0,0,0,0,0,0,1,0,0,0,0,0,0,0,1,0,2,1,0,0,1,0,0,0,0,0,1,0,0,1,0,0,0,0,1,0,0,0,1,1,0,0,0,2,0,0,0,0,1,1,0,0,0,0,0,0,0,0,0,0,2,0,1,0,0,0,0,0,0,3,0,0,0,0,0,0,0,0,0,0,0,1,0,0,0,0,0,0,0,0,2,3,0,0,0,0,0,0,0,0,1,0,2,0,0,0,1,1,3,0,0,0,0,0,0,0,0,0,0,0,1,0,0,0,0,1,4,0,0,1,0,2,0,0,0,1,0,0,0,0,3,0,0,1,1,0,0,1,0,0,0,1,0,0,0,1,0,1,0,0,0,0,0,1,0,0,1,0,0,0,3,1,0,0,4,0,0,0,0,1,0,1,0,0,1,0,0,0,0,0,0,0,1,0,1,0,0,0,1,0,0,1,0,1,0,1,1,0
GENE009,4,0,2,0,1,0,0,3,0,0,0,0,0,0,3,0,0,2,0,1,0,0,3,2,2,0,1,0,0,0,0,0,0,0,1,1,1,0,1,0,1,0,0,0,0,0,0,0,0,0,0,0,0,0,0,0,0,0,0,0,0,2,1,4,0,2,0,1,0,0,0,0,0,0,0,2,1,0,0,0,0,0,0,0,0,0,1,0,0,0,0,0,0,0,1,1,0,0,0,0,0,0,0,0,1,0,2,1,0,0,0,2,0,0,0,0,0,0,1,0,0,0,0,0,0,0,0,0,0,0,0,0,0,0,0,0,0,0,0,0,0,2,0,0,0,2,1,0,1,0,0,1,0,1,0,0,1,0,0,0,0,0,0,0,0,0,1,0,0,1,0,0,0,0,0,0,0,0,1,0,0,1,0,0,0,1,1,1,1,0,0,2,0,0,0,0,0,0,0,1,0,0,3,0,0,0,0,1,0,2,0,0,0,0,0,1,0,0,1,2,0,0,0,1,1,0,0,0,0,0,0,0,0,0,1,0,0,0,1,2,0,1,0,0,0,0,0,0,0,0,0,0,0,0,1,0,0,0,3,0,0,0,0,0,1,0,0,0,0,1,0,0,2,0,0,0,1,0,0,0,1,0,0,0,0,0,0,1,2,0,0,1,0,0,1,0,0,1,0,0,0,0,0,0,1,0,0,0,0,0,0,0,0,0,2,0,0,0,0,0,0,0,0,0,0,1,0,0,0,0,1,0,0,0,0,0,0,0,0,0,0,3,0,1,0,0,0,0,0,1,0,0,1,0,0,0,0,0,0,0,0,0,0,0,1,1,0,0,2,0,0,0,0,0,0,3,1,0,2,0,0,0,1,0,1,1,1,0,0,2,0,0,0,0,0,0,0,0,0,0,1,0,0,0,0,0,0,2,0,0,2,1,0,0,0,0,0,4,0,4,1,0,0,1,0,0,1,0,0,1,0,1,0,0,0,5,0,1,0,0,1,0,1,0,0,0,0,0,0,0,0,1,1,0,0,0,3,0,0,0,0,0,0,0,1,0,0,1,0,0,2,0,0,0,0,0,0,0,0,0,0,0,0,0,0,0,0,1,0,0,0,0,0,0,0,0,0,0,0,0,0,1,0,0,0,1,0,1,0,0,0,0,0,0,0,0,0,1,3,0,0,0,0,0,0,1,2,0,1,0,1,1,2,2,1,0,0,1,0,0,1,0,0,1,0,1,0,0,0,0,0,0,0,0,0,0,2,0,1,0,0,0,0,0,0,0,0,0,1,0,1,0,0,0,1,0,0,0,1,0,2,0,0,0,0,0,0,0,0,0,0,1,0,0,1,0,0,0,0,2
GENE010,0,0,0,0,0,0,0,0,0,0,0,2,0,0,0,1,0,0,0,0,0,0,0,1,0,2,0,0,0,0,0,0,1,1,1,3,0,0,1,0,0,0,0,2,1,0,0,0,0,1,0,1,1,0,1,0,0,0,0,0,1,0,0,2,1,3,2,0,0,0,1,0,0,0,0,0,0,0,0,1,0,0,0,1,0,0,0,0,0,0,0,0,0,2,0,0,2,0,0,0,0,0,0,0,0,4,0,1,0,0,0,0,2,4,1,0,1,0,1,0,1,0,0,0,0,2,0,2,0,0,0,1,0,0,1,0,0,0,0,0,0,0,0,0,0,0,0,0,0,0,0,0,0,1,0,0,0,0,1,0,0,1,1,0,0,0,1,0,0,1,0,0,0,1,0,1,0,0,1,1,0,0,1,3,0,0,3,0,0,0,0,0,0,0,0,0,0,0,0,1,1,0,0,0,1,2,0,0,3,1,0,0,0,0,0,0,0,0,1,0,0,0,1,1,1,0,2,0,1,0,0,0,0,1,0,0,0,1,0,2,0,0,0,0,0,1,0,0,0,0,1,1,1,0,1,0,1,0,0,0,1,0,1,0,0,2,0,0,0,1,0,0,0,0,0,0,2,0,0,0,0,1,0,0,1,0,0,0,0,0,2,0,0,0,0,0,0,0,0,0,0,0,0,9,0,0,2,1,1,0,1,0,2,0,0,1,0,0,0,1,0,0,0,0,0,0,1,0,0,1,0,0,0,0,0,1,3,0,0,0,1,0,0,0,0,1,0,2,2,0,1,3,0,0,0,0,0,0,0,0,0,0,0,1,1,0,0,0,0,0,0,0,1,0,0,0,0,0,0,1,2,0,2,0,0,0,0,0,0,2,0,1,0,0,0,0,0,0,0,0,0,1,0,1,1,0,1,0,0,2,0,1,0,0,0,0,0,0,0,0,0,0,1,0,0,0,1,0,2,0,0,0,0,0,0,1,0,0,1,0,0,0,0,0,0,0,0,0,0,0,0,0,1,0,1,0,0,0,0,0,1,0,0,1,0,1,0,0,2,0,0,0,0,1,0,0,0,1,0,1,1,0,0,0,0,2,0,0,0,1,2,0,0,1,0,0,0,0,0,0,0,0,1,0,0,0,0,0,0,0,0,0,0,0,0,0,0,0,2,0,2,0,2,0,0,0,0,0,0,0,0,0,1,0,0,1,0,3,0,0,0,1,0,0,0,0,0,0,0,0,0,0,1,0,0,0,2,1,0,0,0,0,2,0,0,0,0,0,0,0,0,0,0,0,0,0,0,0,0,1,0,0,0,0,0,0,0,2,1,1,0,2,0,0,0,0,1,0,0,0
GENE011,0,0,2,0,0,0,0,0,0,0,0,0,0,0,0,0,0,3,0,0,1,0,0,0,0,1,0,0,2,0,0,0,0,1,0,0,0,0,1,0,0,0,0,0,1,0,0,0,0,0,0,0,0,0,0,0,0,0,0,0,1,0,0,0,0,0,1,0,0,0,1,0,0,0,0,0,0,0,0,0,0,0,0,0,1,0,0,0,0,0,3,0,0,0,0,1,0,1,0,0,0,0,0,0,0,1,1,1,0,0,1,0,0,0,0,1,0,3,1,0,1,2,1,0,0,0,0,0,5,0,0,1,2,0,0,0,1,2,0,0,3,0,0,0,4,0,0,0,0,0,0,0,0,0,2,0,0,0,1,1,0,0,0,0,0,0,0,0,0,0,1,0,1,0,0,0,1,0,0,0,0,0,1,0,1,0,0,0,0,0,0,0,1,1,0,0,0,0,0,0,0,0,0,0,0,0,0,0,0,0,0,0,0,0,0,0,1,5,0,1,0,1,0,0,1,0,0,0,0,0,0,0,0,0,0,0,0,0,0,0,0,0,2,0,0,0,0,4,0,0,0,0,1,1,0,1,0,0,0,0,0,0,3,0,0,0,0,0,0,1,0,0,0,0,0,0,0,0,0,0,0,1,0,0,0,0,0,0,0,0,0,0,0,0,0,2,0,0,0,0,1,0,0,0,2,0,1,0,0,0,1,0,0,0,0,0,1,0,0,0,0,1,0,0,0,2,0,0,1,2,0,0,0,0,1,0,0,0,0,1,0,0,0,0,1,0,0,0,0,0,0,0,0,0,0,0,0,0,2,0,0,0,0,2,0,0,0,0,1,0,0,0,0,0,0,2,1,0,0,0,0,0,0,2,0,0,0,0,1,1,1,0,0,0,0,1,1,0,0,0,0,0,0,0,1,0,0,0,0,0,2,0,0,0,0,0,3,0,2,0,1,0,0,0,0,0,0,0,0,0,0,0,0,0,0,0,0,0,3,0,1,0,1,0,0,0,1,0,2,2,0,3,0,0,0,0,0,0,0,0,0,0,0,1,0,0,0,0,0,0,0,2,0,0,0,0,0,1,0,0,1,0,1,0,0,0,0,1,0,0,0,0,0,0,0,0,1,0,1,0,0,0,0,0,0,0,0,0,0,0,0,0,0,1,0,0,0,1,2,0,0,0,0,0,1,0,1,0,0,0,0,0,1,0,0,0,1,0,0,0,0,0,0,0,1,1,2,1,2,0,0,0,0,0,1,0,0,0,1,0,0,0,0,0,0,0,0,0,0,0,0,0,3,0,0,0,0,1,0,1,0,0,0,0,1,1,0,0,0,0,0,1,0,1,0,0,0,2,0,0
GENE012,0,1,1,0,1,0,0,0,0,1,0,0,0,0,0,3,0,0,0,0,1,0,0,0,0,0,0,0,1,3,0,1,0,0,0,0,0,0,0,1,0,0,0,0,0,0,0,0,0,0,0,0,0,1,0,0,0,0,0,0,2,0,1,0,0,0,0,0,0,0,2,2,0,0,0,0,0,1,0,0,0,0,0,0,1,2,0,0,0,0,0,0,0,0,0,0,0,0,0,0,0,0,0,0,0,0,0,0,0,0,0,2,0,0,0,7,0,0,0,1,0,1,0,0,0,0,0,2,2,0,0,0,0,0,0,0,1,0,0,0,0,1,0,0,0,0,0,0,0,0,0,1,0,0,0,0,0,2,0,0,0,0,0,0,0,0,0,0,0,1,0,0,0,0,0,0,0,2,0,0,1,0,0,0,1,1,2,0,0,0,0,1,0,0,0,0,0,1,0,0,0,0,0,0,1,1,2,0,2,0,1,0,0,1,0,0,0,0,0,1,0,0,0,0,0,2,0,2,1,0,0,0,0,1,0,0,0,0,0,0,1,1,0,0,0,0,0,1,0,0,0,0,1,0,0,0,0,0,1,0,0,0,0,0,0,0,1,1,2,0,2,1,0,0,0,1,0,0,0,0,3,0,0,0,0,0,0,0,0,0,1,0,0,0,0,1,0,0,0,0,0,0,0,0,0,0,0,1,0,1,0,0,0,0,1,0,0,0,1,1,0,1,0,0,0,1,0,0,2,3,0,0,1,0,0,0,0,0,0,0,0,1,0,1,0,0,0,0,0,0,0,2,0,0,0,0,1,0,0,1,0,2,0,0,3,0,0,0,0,0,0,4,1,0,0,0,0,2,0,0,0,0,0,0,1,0,0,0,0,0,0,0,1,0,0,0,0,0,0,2,0,0,1,1,2,0,1,1,0,0,0,2,0,0,0,1,1,0,0,1,1,0,1,0,0,0,0,0,0,0,0,0,1,0,0,0,0,0,0,0,0,0,0,0,0,1,0,0,0,0,0,0,0,0,0,0,1,0,0,0,0,0,0,0,0,0,1,0,0,0,0,0,1,0,0,0,1,0,0,0,2,0,0,2,0,0,1,0,0,0,0,0,1,0,2,0,0,0,0,1,1,0,0,2,0,1,2,0,0,0,1,2,0,0,0,0,0,0,0,0,0,1,0,0,0,0,0,2,0,1,0,0,0,1,0,0,0,0,2,0,0,0,0,0,0,0,0,0,0,1,0,0,0,0,0,0,0,3,0,0,0,0,1,0,0,1,0,0,0,0,0,0,0,0,1,0,0,0,0,0,0,0,0,1,0,0,0,0,0,0,0,0,0,0,0,2,0,0,2,0
GENE013,0,2,0,0,1,0,0,0,0,0,0,1,0,0,0,1,0,4,2,0,1,1,0,0,1,4,2,0,0,1,0,0,0,0,0,0,0,1,0,0,0,0,0,0,1,0,0,2,1,0,2,3,0,0,0,0,0,1,0,0,0,0,1,0,2,1,0,0,0,0,0,0,0,2,0,0,0,0,0,1,0,0,0,2,0,0,1,1,0,0,0,0,0,0,0,0,0,0,0,0,0,0,0,0,0,2,0,0,1,1,0,1,1,0,1,0,0,0,0,0,0,1,0,0,2,0,0,0,0,0,0,0,0,1,0,0,0,0,3,0,0,0,0,0,0,0,0,1,2,1,0,0,0,0,0,0,0,1,0,0,0,0,0,0,0,0,0,1,0,0,0,0,0,1,0,0,0,0,1,0,0,0,0,0,1,1,0,0,0,0,0,0,0,0,0,0,0,0,0,0,0,0,0,3,0,1,0,0,0,0,0,0,0,0,0,1,1,0,0,2,0,0,0,0,4,0,0,0,0,0,0,0,0,3,0,0,0,0,0,0,2,0,0,2,1,1,0,0,2,0,1,0,0,0,0,1,2,0,0,0,2,1,1,0,0,3,0,2,0,2,0,0,1,0,0,1,0,0,0,0,0,0,0,0,0,3,0,0,1,0,2,1,2,0,0,0,0,0,0,1,0,0,1,0,1,1,0,0,0,0,0,0,0,1,0,0,0,0,0,0,0,2,0,2,0,0,2,0,0,0,0,0,1,1,0,0,0,0,1,0,0,0,1,0,0,0,0,1,0,0,0,0,0,0,2,0,1,0,2,1,1,0,0,0,0,1,0,0,0,0,0,0,0,0,0,0,2,0,1,0,0,0,0,0,0,0,0,0,1,2,0,0,0,0,0,0,0,0,0,0,0,0,0,0,0,0,0,1,0,0,0,0,0,0,1,0,0,0,0,5,0,2,10,1,0,0,1,0,2,0,0,0,2,0,1,0,0,1,1,0,0,0,0,0,0,2,1,1,0,0,1,0,1,0,0,0,0,0,0,3,0,0,0,0,0,0,0,0,0,0,1,1,0,0,0,0,0,2,0,0,0,0,0,0,0,0,1,1,1,1,0,0,0,0,0,0,0,0,0,0,0,0,0,1,0,0,0,1,0,0,0,0,0,0,1,0,0,1,0,0,0,2,0,0,1,0,0,0,0,0,0,3,1,0,0,0,0,0,0,1,0,2,0,0,1,2,1,1,1,0,0,0,0,0,1,0,1,0,0,1,0,0,0,0,0,0,2,0,2,0,0,0,0,1,0,0,0,1,0,0,0,0,0,2,0,1,0,0,0,0,0,0,0,2,0,0,0,1,0,0
GENE014,0,0,1,1,0,0,3,0,0,1,1,0,1,5,0,0,0,0,0,0,4,0,1,0,0,1,0,0,0,0,0,0,0,0,1,0,0,0,0,2,0,0,0,1,0,0,0,0,0,0,0,0,2,1,0,0,0,0,0,0,0,0,0,0,0,1,0,0,0,0,0,0,4,0,0,0,0,0,0,0,0,0,0,0,0,0,0,0,0,0,1,0,0,0,1,0,1,0,0,0,0,0,0,0,0,0,1,0,0,0,0,0,0,0,0,0,0,0,0,0,0,3,0,0,0,1,0,0,0,0,0,1,0,0,0,1,0,0,0,0,1,0,0,2,0,0,1,3,0,0,1,2,0,0,0,0,0,1,0,0,0,1,0,0,0,0,0,1,0,0,0,0,0,0,0,0,2,1,0,0,0,0,0,0,0,0,1,1,0,0,0,4,1,0,1,0,0,1,1,6,0,0,0,0,0,0,0,0,0,2,0,0,0,1,0,1,2,4,0,2,1,0,0,0,1,0,0,3,0,1,1,0,0,6,0,0,0,1,0,0,1,0,0,0,1,0,0,0,0,0,0,0,0,0,0,1,0,0,0,0,0,0,2,0,0,0,0,0,0,0,0,0,0,0,0,0,0,1,1,1,0,1,0,0,0,1,0,3,0,0,0,1,0,0,0,0,1,0,0,0,0,0,0,0,0,0,1,0,0,0,2,0,0,0,1,0,0,0,5,0,0,3,2,0,1,0,3,0,1,3,0,1,1,0,0,0,0,1,0,0,1,0,0,0,0,0,0,0,0,0,0,0,0,0,0,0,0,0,0,0,0,0,1,0,0,1,0,0,0,1,0,0,0,0,0,0,1,0,0,3,1,0,0,0,0,0,0,0,0,0,0,0,0,1,0,0,0,0,1,0,0,0,0,0,0,0,0,0,0,1,1,0,1,0,0,0,0,1,0,1,0,0,1,0,0,0,0,1,1,0,1,0,0,0,0,1,0,0,0,0,0,0,0,2,0,2,0,0,0,0,0,0,0,0,0,0,0,0,0,0,0,0,0,0,0,0,0,0,0,0,0,0,0,2,0,0,3,0,0,0,0,0,0,1,0,1,0,0,0,2,1,0,0,0,0,0,0,0,0,0,0,1,0,0,0,0,1,3,0,0,3,0,0,1,0,0,0,0,0,1,0,0,0,0,0,0,0,0,0,0,0,0,2,0,0,0,0,1,0,0,0,1,1,0,0,0,0,1,0,0,2,1,0,0,0,1,0,0,1,0,2,0,0,0,0,0,0,0,2,0,0,0,0,1,2,0,0,3,0,1,0,0,0,0,1,0,1,1,1,0,0,0,0,0,0,0,1,3,0,1
GENE015,1,0,0,0,0,0,3,0,1,0,0,0,0,0,0,2,0,1,0,0,0,0,1,1,1,0,1,0,0,1,0,0,0,2,0,0,0,1,0,2,3,1,0,0,0,1,0,0,0,0,0,0,0,0,0,1,1,0,1,1,0,0,0,0,0,0,1,0,0,0,0,1,0,0,0,1,0,0,1,0,0,0,2,0,0,0,1,0,0,0,0,0,0,0,0,0,0,0,0,1,0,0,0,0,0,0,0,0,0,0,0,0,0,0,2,1,0,1,0,0,0,0,1,2,2,0,2,0,0,1,0,3,0,0,4,0,0,0,2,0,0,0,0,0,0,2,0,0,1,2,1,1,2,1,0,0,0,0,0,1,0,0,0,1,1,0,0,0,0,0,0,0,0,0,0,2,1,0,1,1,0,1,0,0,0,0,0,2,0,0,0,1,0,1,0,0,0,1,0,2,0,0,0,0,0,0,1,0,1,0,0,0,1,0,0,1,0,0,0,0,0,0,0,0,1,0,0,0,0,1,0,1,0,1,0,2,1,0,0,1,0,0,2,0,0,0,0,0,0,0,0,0,1,1,0,0,0,0,0,0,0,0,0,1,1,1,0,0,0,0,1,0,0,0,1,0,0,0,0,0,6,0,0,0,0,0,1,0,0,0,0,0,0,0,0,3,0,0,0,0,0,0,0,2,1,1,0,0,0,0,1,1,2,0,0,0,0,0,1,0,0,0,0,0,0,0,0,0,0,4,0,0,0,0,0,0,1,1,0,0,0,4,0,0,0,0,0,0,0,0,0,0,1,0,0,0,0,0,0,0,0,0,2,0,0,0,0,0,0,0,1,0,1,0,0,0,0,0,0,1,0,0,1,1,0,0,0,0,0,0,0,0,0,0,0,0,0,0,0,0,0,0,0,0,0,1,0,0,1,1,0,1,0,0,0,0,0,0,0,0,0,0,1,0,0,0,0,0,0,1,0,0,2,1,0,0,0,2,0,0,0,0,0,0,0,0,0,0,0,3,0,0,2,2,2,0,0,0,0,0,0,1,2,0,0,0,1,0,2,0,2,0,0,0,0,1,1,0,4,0,1,0,0,0,1,0,0,3,0,1,0,0,0,0,0,0,0,0,0,0,1,0,0,0,0,1,0,0,2,1,0,0,0,0,1,0,0,1,1,0,0,1,0,0,0,2,0,3,1,0,0,0,0,2,2,0,4,0,0,0,1,2,0,1,0,0,2,0,0,0,0,0,0,0,0,0,0,1,2,0,0,3,0,0,0,0,0,0,2,0,0,0,1,0,0,0,1,1,0,2,0,0,4,0,0,0,0,0,0,0,0,1,4,0,0,0,1,1,1,0
GENE016,1,0,1,1,0,0,1,0,0,0,2,0,0,3,0,0,0,0,0,0,0,2,0,1,0,0,0,0,0,0,0,1,0,0,0,0,0,0,0,0,0,0,0,0,0,0,1,0,0,0,1,0,0,0,1,0,0,0,0,0,2,0,0,1,0,0,0,1,0,0,0,0,0,0,0,0,0,0,0,0,0,0,0,0,3,0,0,0,0,0,1,0,0,1,1,1,1,1,0,1,0,0,0,0,0,2,0,0,0,0,0,1,0,0,2,0,0,0,0,0,1,0,1,0,0,0,0,0,1,0,0,1,0,0,0,1,0,1,0,2,0,0,0,0,1,0,0,0,0,0,1,0,1,0,0,0,1,0,0,0,0,0,1,0,0,0,0,0,1,0,0,0,0,0,0,0,0,0,0,2,0,0,0,0,0,0,0,0,1,4,0,2,0,0,0,0,0,0,1,0,0,0,0,0,0,0,0,1,0,0,0,0,0,2,0,1,0,0,0,4,0,0,0,1,0,0,0,0,0,0,1,0,0,0,0,0,0,0,1,0,1,0,0,0,0,0,0,0,1,1,0,0,0,0,0,1,0,0,0,0,0,0,1,0,0,1,1,0,0,1,2,0,0,1,0,0,0,1,0,0,0,1,0,0,0,0,0,1,0,0,0,0,0,0,0,0,2,0,0,0,0,0,0,0,2,0,0,0,0,1,0,1,0,0,0,0,0,0,0,0,0,1,0,0,0,0,0,1,0,0,2,0,1,0,1,0,0,0,0,0,0,0,1,0,0,0,0,0,0,0,2,0,1,0,0,0,0,0,0,3,0,1,0,0,0,0,0,0,0,0,0,1,0,0,0,0,0,0,0,0,2,0,4,0,0,0,1,0,0,0,0,0,1,1,1,0,1,0,0,0,0,1,0,1,0,0,0,0,0,0,0,0,0,1,0,0,1,0,0,2,2,0,0,0,0,0,0,0,0,0,0,0,1,0,0,1,0,1,3,1,0,0,0,1,0,0,0,0,0,2,0,1,1,0,1,0,0,0,0,0,0,0,0,0,0,1,0,4,0,1,0,0,0,0,0,0,0,0,0,0,0,0,0,0,0,0,0,0,0,0,0,0,0,0,0,0,1,0,0,1,0,0,0,0,0,0,0,0,0,0,2,0,0,0,0,1,0,0,1,0,0,0,2,1,0,3,1,0,0,0,2,0,0,0,1,0,0,0,0,1,1,0,0,3,0,0,0,1,1,0,0,1,1,0,0,0,0,0,0,0,0,0,5,0,0,0,0,0,3,2,0,1,0,1,0,1,0,0,1,0,1,0,0,1,0,0,0,0,0,1,0,0,0,2,0,0,0,0,0,0
GENE017,0,0,0,0,0,0,0,0,2,0,0,0,1,0,1,2,0,1,0,0,0,0,0,1,1,1,0,1,1,1,0,1,0,0,0,0,0,1,0,1,3,1,0,0,0,1,0,1,0,1,0,2,0,0,0,0,0,0,0,0,0,2,0,0,1,1,0,0,0,0,0,1,1,0,0,0,0,0,0,2,1,0,1,0,0,0,0,2,0,0,0,0,0,0,0,2,0,0,0,1,1,0,0,0,0,0,0,0,0,0,0,1,0,3,0,1,1,3,0,0,0,3,1,3,0,0,1,0,0,0,0,0,0,0,0,1,0,0,0,0,2,2,2,0,0,0,0,0,0,0,1,0,1,1,0,1,0,0,0,0,0,2,0,1,0,0,1,0,1,0,0,1,0,0,0,0,1,0,0,0,0,0,0,1,0,0,0,2,1,1,1,0,0,0,0,0,0,0,1,0,0,0,0,0,2,0,0,0,0,1,0,0,0,0,1,0,0,0,1,0,0,0,0,2,1,0,0,0,1,0,0,1,0,0,0,0,1,0,0,0,2,0,0,0,0,0,0,0,0,0,0,0,2,6,0,0,2,0,1,0,0,0,0,0,0,0,1,0,2,0,0,0,3,0,0,0,1,0,0,0,0,0,0,0,0,0,1,0,1,0,1,3,0,0,0,0,0,0,1,0,1,0,0,0,0,0,0,0,0,0,0,1,0,1,0,1,0,0,0,0,1,0,0,0,0,0,0,0,0,0,0,0,0,0,0,1,0,0,0,0,3,0,0,0,0,0,4,0,1,3,2,1,0,0,0,0,0,3,0,0,1,0,0,0,1,0,1,2,1,0,0,4,0,0,0,1,1,0,0,0,0,1,1,1,0,0,2,0,1,0,0,0,0,0,0,0,1,0,0,0,0,0,0,2,1,0,1,1,1,0,1,0,0,1,0,0,0,0,0,3,0,0,0,0,0,0,0,0,0,0,0,1,0,1,0,0,2,0,0,0,0,0,0,0,0,0,0,0,1,1,1,0,0,0,0,0,0,0,0,3,0,0,0,0,1,1,0,0,2,1,0,0,0,0,0,1,0,0,0,0,1,0,0,0,0,3,0,0,0,1,0,2,0,0,0,0,1,0,0,0,0,0,0,0,0,0,0,0,0,0,0,0,1,0,0,0,0,0,1,2,1,1,0,0,1,0,1,0,0,0,0,0,2,0,0,0,0,0,0,0,0,0,0,0,0,0,0,0,0,0,0,0,0,0,1,1,1,0,0,0,0,0,0,4,0,1,0,0,3,0,0,0,0,0,1,0,0,0,0,0,1,0,0,0,0,0,0,0,0,0,0,0,1,1,0,0,4,0,0,0
GENE018,0,1,0,0,1,0,0,0,1,2,0,0,0,0,2,1,0,1,0,0,0,0,0,0,0,0,0,2,0,0,0,0,0,2,0,0,0,0,0,1,1,0,0,0,0,0,0,0,0,0,1,2,0,1,1,0,1,0,0,0,0,0,0,0,0,0,0,1,0,0,0,0,2,1,0,2,0,0,1,0,0,0,0,0,0,1,0,0,3,0,0,2,1,0,0,1,0,0,0,2,0,0,0,0,0,0,0,1,2,0,0,1,3,1,4,0,1,0,0,0,0,0,0,0,2,0,0,0,0,0,2,1,0,0,0,0,0,0,0,0,0,0,0,0,0,0,0,0,1,0,1,0,1,0,0,0,1,0,0,0,2,0,1,1,0,0,0,0,0,0,0,0,0,0,1,0,1,0,0,0,0,0,0,0,0,0,2,0,1,1,0,0,0,0,0,1,0,0,0,1,0,0,0,0,1,0,0,2,0,0,1,0,0,0,2,0,0,0,0,1,0,1,0,0,0,0,0,2,2,1,0,0,0,0,0,1,1,0,0,0,0,0,3,0,1,0,1,0,0,2,0,0,2,1,0,1,0,0,0,0,0,0,0,0,0,0,0,0,0,3,2,0,0,0,0,0,0,0,0,0,1,0,0,0,0,0,1,0,0,1,0,0,0,0,0,0,0,0,0,0,0,0,0,0,0,4,1,2,0,0,0,1,0,0,0,1,0,2,0,1,0,0,0,3,2,0,0,0,0,1,1,2,0,0,0,1,0,1,1,0,2,0,2,0,0,2,1,0,0,0,0,0,0,0,0,0,0,0,0,0,0,0,0,0,0,1,0,0,1,2,0,1,0,0,0,0,0,0,1,0,0,0,0,0,1,0,1,1,2,0,0,1,0,0,0,4,0,0,0,1,0,0,0,0,2,2,0,0,0,0,1,0,0,0,0,0,0,1,0,0,1,1,2,1,0,0,0,0,0,0,0,1,0,0,0,1,0,0,0,1,0,1,1,0,0,1,0,0,0,1,0,0,0,0,0,1,0,0,0,0,1,0,0,0,2,0,0,0,0,0,2,0,0,1,0,0,0,1,1,1,0,0,1,0,0,0,1,2,2,2,0,1,0,0,0,0,0,0,0,1,0,0,0,0,0,0,0,2,2,0,3,0,0,1,0,0,2,0,0,0,0,0,0,0,0,0,0,0,0,0,1,1,2,0,1,0,0,2,2,0,0,0,0,1,0,0,2,0,1,0,0,0,0,0,1,0,0,2,1,0,1,0,0,0,0,0,0,0,3,0,0,0,2,0,0,0,0,0,0,0,0,1,0,0,0,0,0,0,1,0,0,0,1,0,0,0,0,0,0,0
GENE019,0,0,0,0,2,0,1,0,0,1,0,0,0,1,4,0,0,0,0,1,0,0,0,0,0,0,0,0,1,0,0,0,0,0,0,0,0,0,0,0,0,0,0,0,0,0,0,0,0,0,0,1,0,0,0,1,1,0,2,0,0,0,1,0,0,1,0,0,0,0,0,0,2,1,0,0,4,0,0,0,1,0,0,0,0,0,3,1,0,0,1,0,0,2,0,0,1,0,0,0,0,1,1,0,0,2,0,0,0,0,0,1,0,1,1,0,0,0,0,0,0,0,0,3,0,0,0,0,0,0,0,0,0,0,1,4,1,0,0,2,2,0,0,1,1,3,0,0,0,0,2,0,0,0,0,2,0,0,0,0,0,0,1,0,0,0,0,0,1,0,0,1,0,0,0,0,1,2,1,0,0,0,0,0,2,1,2,0,3,0,1,2,4,1,0,0,0,0,0,0,0,0,0,0,2,0,0,0,1,0,1,0,0,0,2,0,0,0,0,1,0,0,0,0,0,0,0,0,0,0,0,1,0,0,0,0,0,0,0,0,0,0,1,0,0,0,0,0,0,0,0,1,0,0,0,0,2,0,0,0,0,1,3,0,0,1,0,0,0,0,0,0,0,0,2,0,0,1,0,0,0,0,0,1,0,1,0,0,1,0,0,0,0,1,1,0,0,0,0,1,0,0,0,0,0,0,2,1,0,1,2,0,0,4,0,0,1,0,3,0,0,0,0,0,0,3,0,0,0,4,1,0,0,0,0,0,4,0,0,0,0,0,0,0,0,0,0,1,1,0,0,0,0,0,0,0,0,0,0,0,1,0,0,0,1,0,0,0,0,0,1,1,0,0,0,0,0,0,0,0,0,0,0,0,1,0,0,2,2,3,0,1,0,0,0,0,0,0,0,0,0,2,1,3,0,1,1,0,0,0,0,0,0,0,1,0,0,0,0,0,1,2,2,0,1,0,0,1,0,0,0,0,0,0,0,5,0,0,2,0,0,0,0,0,0,0,1,0,0,0,0,0,0,0,0,1,1,1,0,0,0,0,0,2,0,0,0,0,1,0,0,0,0,0,0,0,0,0,0,0,0,1,0,0,0,1,0,0,0,0,0,6,2,0,0,1,1,2,0,0,2,0,0,0,0,1,0,0,0,0,1,0,0,1,0,0,0,2,0,0,1,0,1,0,0,0,0,1,0,0,2,0,1,0,1,0,0,0,0,0,0,0,0,0,0,0,2,0,0,0,1,0,1,2,0,1,0,1,0,0,0,0,0,0,1,0,0,1,0,0,0,0,0,0,0,0,0,0,0,0,0,0,1,0,0,1,4,0,0,0,0,0,0,0,0,1,0,0,0,0
GENE020,0,0,4,0,0,0,2,2,0,0,0,0,0,2,1,0,1,0,0,0,0,0,0,0,0,0,0,5,0,0,0,0,0,0,1,1,0,4,0,0,0,0,0,1,0,0,0,0,0,0,0,0,0,0,0,0,0,0,0,0,0,0,0,0,0,0,0,0,0,0,0,0,3,0,0,0,0,0,0,0,3,0,0,0,0,0,0,0,0,0,1,0,2,0,0,0,1,0,1,1,0,0,0,0,2,0,0,2,0,0,1,0,0,0,1,3,0,1,1,1,0,0,0,7,0,1,0,0,1,1,0,0,1,0,0,0,0,0,0,0,0,0,0,0,1,0,0,0,0,1,0,0,1,0,3,0,1,0,3,0,0,0,0,0,1,0,0,2,1,0,0,0,0,0,0,1,0,1,3,0,0,0,2,0,0,0,0,1,1,0,1,0,1,3,0,1,0,0,0,0,0,0,0,1,0,0,0,1,0,0,0,3,1,1,0,2,0,1,3,3,0,0,0,1,0,2,0,0,1,0,0,0,0,2,1,1,0,0,0,0,0,0,0,1,0,1,0,0,2,4,1,0,0,0,0,1,0,0,0,0,0,0,0,0,0,2,1,1,1,0,0,0,0,0,0,0,0,0,1,0,2,0,0,0,3,1,0,1,0,0,0,0,0,0,1,0,2,0,0,0,1,1,1,0,0,0,0,0,0,0,1,0,0,0,0,0,1,0,0,1,0,0,0,0,0,1,0,0,0,0,3,4,0,0,0,0,0,2,0,0,0,0,0,5,0,0,0,1,0,0,5,1,3,0,0,0,0,0,0,0,1,0,0,0,0,0,0,0,1,0,0,0,0,0,1,0,0,1,1,0,1,0,0,0,2,0,0,0,0,0,0,0,0,0,0,0,2,0,0,0,0,0,0,1,0,2,0,0,0,0,0,1,2,0,0,1,2,0,0,0,0,0,0,0,0,0,0,0,0,0,0,1,0,0,1,1,0,0,0,0,0,1,1,0,0,0,0,0,0,0,1,1,0,1,0,0,0,0,0,2,1,1,0,1,0,1,0,0,0,2,1,0,0,0,0,2,0,0,0,2,0,0,1,2,0,1,0,0,0,0,0,1,0,0,0,0,1,0,0,0,0,1,0,0,0,0,1,0,0,0,1,3,1,0,0,0,4,0,1,0,0,2,0,0,0,2,1,0,0,0,1,0,0,0,1,0,0,0,0,0,0,0,0,0,0,0,0,0,0,0,0,1,1,1,0,0,0,0,0,2,2,0,0,0,1,0,0,0,1,0,0,0,0,0,0,1,0,0,1,0,0,2,0,4,0,0,0,1,0,0,0,0,1,1,0,1,0,0,1,0
GENE021,0,0,0,0,0,0,4,0,0,0,0,0,0,0,0,0,0,0,1,0,0,0,0,2,0,2,1,1,0,0,0,0,0,1,0,3,0,0,0,0,0,0,0,0,0,0,0,0,0,1,0,0,1,0,0,1,0,0,0,1,0,0,0,0,0,0,0,0,1,0,0,1,0,1,0,1,0,0,0,0,1,0,0,0,0,0,0,0,0,0,0,0,1,0,0,0,0,0,0,0,0,0,0,0,0,0,0,2,1,0,0,0,0,1,0,6,0,0,2,0,0,0,0,1,0,0,0,0,0,2,0,0,0,0,1,0,1,0,1,1,1,0,0,0,0,0,0,0,0,0,0,0,0,0,1,0,1,0,1,0,0,1,0,0,0,0,2,0,1,0,0,0,0,0,1,0,0,0,0,0,1,1,2,0,0,0,0,0,1,0,0,0,0,0,1,1,0,0,0,1,0,0,1,1,0,1,0,0,0,1,0,0,0,0,0,4,0,0,0,0,0,0,0,0,0,0,0,0,0,1,1,0,0,0,0,0,0,1,2,0,0,0,0,0,1,0,0,1,0,0,0,0,0,0,0,0,0,0,2,0,0,1,2,0,0,0,0,0,0,0,0,0,1,2,1,0,0,0,0,0,0,1,0,0,0,1,0,4,1,0,1,2,0,2,0,2,0,0,0,0,2,0,0,0,0,2,0,2,0,0,0,0,0,0,0,0,0,1,6,1,0,1,1,2,0,0,0,1,3,0,0,0,0,0,1,0,0,0,0,0,0,0,0,0,0,0,0,0,0,0,0,0,1,1,0,0,1,0,1,0,1,0,0,0,3,0,0,1,1,0,0,0,0,1,0,0,0,0,0,1,1,1,0,0,0,0,0,0,0,1,0,1,0,0,4,0,1,1,0,0,0,0,0,0,0,1,0,0,0,0,0,0,1,0,0,0,0,1,0,1,0,1,0,1,0,0,0,0,1,0,0,0,0,0,0,0,0,0,2,0,0,0,0,0,0,0,0,0,1,0,0,0,3,0,0,0,0,1,2,0,1,0,2,0,0,0,0,0,0,0,0,0,0,0,0,0,0,0,2,0,1,0,0,0,0,0,0,0,0,0,0,0,0,0,0,0,0,0,0,1,0,1,0,0,0,0,4,0,0,1,2,1,0,2,0,0,0,0,0,0,2,0,0,0,0,0,2,0,0,0,0,0,0,0,0,0,0,0,0,0,0,0,0,0,0,0,1,1,0,0,0,0,0,0,2,1,0,0,0,1,0,0,5,0,0,0,0,0,2,0,0,1,1,0,0,1,4,0,0,0,0,0,1,0,1,0,0,1,0,0,0,0,0,0,0,1,0,0,0,0
GENE022,1,0,0,0,0,0,0,0,0,0,0,0,0,0,0,0,0,0,0,0,0,0,0,0,0,0,0,0,0,0,0,0,0,0,0,1,1,0,2,0,0,0,0,1,0,1,1,0,1,0,0,0,0,0,0,1,1,0,0,0,0,0,1,0,0,1,0,0,0,1,0,0,0,0,1,0,0,0,2,0,0,0,0,0,0,1,0,0,0,0,1,1,0,1,0,0,0,2,1,1,1,0,1,1,0,0,0,0,0,0,1,0,0,0,4,0,0,0,3,0,1,0,0,0,2,0,0,0,0,1,0,0,1,0,0,0,0,0,0,0,0,0,0,0,0,1,0,0,0,0,0,0,1,0,4,2,0,0,0,0,0,0,0,1,0,0,1,0,4,1,0,0,1,1,0,0,1,2,1,0,0,0,2,1,0,0,0,0,3,0,1,0,0,0,0,0,1,0,0,0,0,0,2,0,0,1,0,1,1,0,1,0,0,0,0,0,0,0,0,0,0,0,0,0,0,0,0,2,1,0,0,0,0,0,0,1,3,0,0,2,1,0,0,0,1,0,2,0,0,0,0,1,1,0,0,1,0,0,0,0,0,0,0,0,0,0,0,0,0,0,0,0,0,0,0,0,0,1,1,0,0,1,1,0,0,0,0,0,0,0,0,0,2,0,1,0,0,0,0,0,0,0,0,0,1,0,1,0,0,0,1,0,0,0,0,0,0,0,0,1,0,0,3,1,0,0,0,3,0,2,1,0,0,0,1,0,4,0,0,1,0,0,0,0,0,0,1,1,1,0,0,0,0,0,1,0,0,0,0,2,1,1,0,0,0,0,0,0,0,0,0,0,0,0,0,1,0,0,0,0,3,0,0,0,0,0,0,0,2,0,0,0,0,0,1,0,1,1,0,0,1,0,0,0,0,0,0,1,1,0,2,0,1,0,0,0,0,4,0,0,0,0,1,1,1,0,0,0,1,0,0,0,2,0,0,0,0,0,1,0,0,0,0,0,0,1,2,0,0,0,1,0,0,1,0,0,0,0,0,0,0,0,0,0,1,0,0,0,1,0,0,0,0,0,0,0,1,2,0,0,0,0,0,0,0,0,0,0,0,1,0,0,1,0,0,1,0,0,0,0,0,0,0,1,0,0,0,1,1,0,0,0,1,0,0,0,0,2,1,0,0,1,0,0,1,0,0,0,0,0,3,3,0,0,0,0,0,0,0,0,0,1,1,1,0,0,0,1,0,1,0,0,1,0,0,0,0,0,0,0,0,0,0,2,1,1,0,0,0,0,0,0,0,1,0,0,1,2,1,0,0,1,0,0,0,0,1,0,2,0,1,4,0,2,0,1,0,0,0,1
GENE023,0,0,0,0,0,0,0,0,2,1,0,1,0,0,0,0,2,1,0,0,0,0,0,0,0,0,0,2,0,0,0,1,1,2,2,0,2,0,0,0,0,0,0,0,0,0,0,0,1,0,0,1,0,0,0,0,0,0,0,0,0,1,0,0,0,0,2,1,0,0,0,0,0,1,0,3,0,0,0,0,0,0,0,0,1,0,0,0,1,0,0,2,0,3,0,0,0,0,0,1,0,0,0,0,0,0,0,0,0,0,2,0,0,0,2,0,1,0,1,3,0,1,0,1,0,0,0,0,0,0,0,0,0,0,0,0,0,0,0,1,0,1,2,0,0,0,0,0,0,0,0,0,0,0,0,0,0,0,0,0,0,0,0,0,0,1,0,0,0,0,0,1,0,1,0,2,0,2,0,0,0,0,0,0,1,0,1,0,2,0,0,0,0,0,0,1,0,0,0,0,0,0,1,2,0,0,0,0,2,0,1,0,0,0,0,0,0,0,0,0,0,0,0,0,1,0,0,0,2,0,0,1,2,0,0,0,0,0,0,0,5,0,0,0,0,0,0,1,1,0,0,0,0,0,0,1,0,0,0,0,0,0,0,1,0,0,1,0,2,0,0,0,0,1,0,2,0,1,0,1,0,0,0,0,2,0,2,0,0,1,0,0,1,0,0,1,0,1,0,1,1,0,0,1,1,0,0,0,0,0,0,2,1,3,0,0,0,0,0,0,0,0,0,0,0,0,0,0,0,0,0,0,2,0,0,0,0,1,0,0,0,4,0,0,0,0,0,2,0,0,1,0,0,0,0,1,1,0,0,0,0,0,0,1,0,0,0,0,0,0,0,0,0,0,1,1,0,0,0,3,3,0,1,0,0,0,0,0,0,1,0,0,0,0,1,0,0,0,3,0,0,0,0,2,0,0,0,1,0,0,0,0,0,0,0,0,0,1,0,1,0,0,0,0,0,0,0,0,0,0,0,0,0,0,0,1,0,1,0,0,0,0,0,0,0,0,1,0,2,2,0,0,1,0,1,0,0,0,0,0,0,1,0,0,1,0,0,0,0,0,1,0,0,0,0,1,0,0,0,1,2,0,0,0,0,1,0,0,0,0,0,0,1,0,0,0,1,0,0,1,0,0,1,0,0,0,0,0,1,1,0,2,0,0,0,0,0,0,0,3,0,0,0,0,0,0,1,0,3,0,0,2,0,0,0,0,0,0,2,0,0,1,1,0,0,0,0,0,0,0,0,0,0,0,0,0,0,0,0,0,0,0,0,1,1,0,0,0,1,0,0,0,0,0,0,0,0,1,1,0,0,0,0,0,0,0,1,0,0,1,0,1,1,0,0,0,2,1,1,0
GENE024,0,0,0,0,0,0,0,0,1,0,0,0,0,0,0,0,1,1,0,0,0,0,2,0,1,0,0,0,0,0,1,0,0,0,0,1,0,0,0,0,0,0,0,0,1,1,0,0,1,0,2,0,0,0,1,0,0,0,0,1,0,0,0,0,0,1,0,0,1,0,1,0,0,1,0,0,0,0,0,0,0,0,0,0,1,0,0,0,1,0,0,0,0,0,0,0,0,0,0,0,0,0,0,0,0,0,0,0,1,0,1,0,0,0,0,1,1,0,0,0,0,0,0,0,3,2,0,0,0,0,1,1,0,0,0,0,0,0,0,0,0,0,1,0,0,0,0,2,0,0,0,0,0,0,4,1,0,1,0,0,1,0,0,0,0,0,1,0,1,0,0,0,0,0,0,0,0,0,0,0,0,0,0,0,0,1,0,0,0,2,1,1,0,1,1,0,0,1,1,0,0,0,0,1,0,0,0,1,0,0,0,0,0,0,0,0,0,0,1,0,0,1,1,0,1,0,0,0,0,1,0,0,0,0,1,0,3,0,0,0,0,0,0,0,0,1,0,0,0,0,0,0,2,0,0,0,0,0,0,1,4,0,1,0,0,0,1,0,0,0,0,0,1,0,1,0,2,0,0,0,1,0,0,0,1,0,0,1,0,0,0,1,0,0,1,0,0,0,0,0,1,1,1,0,0,1,1,1,1,0,1,0,0,1,0,0,0,0,1,0,2,0,0,0,0,0,0,1,0,0,1,7,0,0,0,0,0,0,0,0,0,0,0,0,0,0,0,1,0,1,1,1,0,0,1,0,0,0,0,0,0,1,0,0,0,0,0,0,0,0,2,2,0,0,0,0,0,0,0,0,0,0,0,1,0,0,1,3,0,0,0,0,0,0,0,0,0,0,0,0,0,0,0,1,0,1,3,0,0,0,0,0,0,0,0,0,1,0,1,1,0,0,2,0,1,0,0,0,2,1,0,0,1,0,0,0,1,1,7,0,0,0,0,0,0,0,0,0,0,2,1,0,0,0,0,0,0,0,1,0,0,0,1,0,0,0,0,0,0,0,0,0,0,2,0,0,0,0,1,1,0,0,0,0,0,0,1,0,0,1,0,1,2,0,0,0,0,0,1,0,0,0,1,0,0,0,0,0,1,0,0,0,0,0,0,0,0,0,0,0,0,0,0,0,3,0,0,1,0,0,0,0,2,0,0,0,0,0,0,0,0,0,0,1,0,0,0,1,1,0,0,0,0,0,0,0,0,1,1,0,1,0,0,0,0,0,0,0,0,0,0,0,0,0,0,0,0,0,0,0,0,1,0,0,0,1,0,1,2,0,0,0,0,0,2,0,0,0,0,2
GENE025,0,0,1,0,0,1,0,0,0,0,0,0,1,1,0,0,0,2,0,0,1,0,1,0,0,0,0,0,0,0,0,0,1,0,0,1,1,0,1,0,2,1,0,0,0,0,0,0,0,1,0,0,0,0,0,0,0,1,0,0,0,0,2,1,0,0,0,0,0,1,1,0,0,2,0,1,1,0,0,0,0,1,0,0,5,0,1,0,0,1,0,1,0,0,1,0,0,0,0,0,0,0,0,0,0,2,0,2,0,0,0,0,0,0,0,0,1,1,2,1,0,0,0,1,1,0,0,0,0,2,0,0,0,0,2,1,0,1,0,0,0,0,0,1,1,0,0,0,0,0,0,0,1,0,1,0,0,0,1,1,0,0,0,0,0,0,0,0,0,1,0,2,0,0,0,0,0,0,0,0,0,1,0,0,0,1,1,0,0,0,0,2,2,0,0,0,0,1,0,0,0,1,1,1,1,0,0,0,0,0,0,0,0,1,0,0,0,0,0,0,0,0,1,0,0,1,1,0,0,1,0,0,0,0,0,1,0,1,0,0,2,0,1,0,0,3,0,0,0,5,0,0,0,0,0,0,0,1,1,0,0,0,0,0,0,0,0,0,2,0,0,0,0,0,0,0,0,1,0,3,0,0,1,0,1,1,0,0,1,0,0,0,0,1,1,1,0,0,2,0,1,3,0,2,0,0,0,1,1,0,4,1,5,0,0,1,0,0,0,0,1,1,0,0,0,0,0,0,0,2,0,2,0,0,0,0,1,1,0,0,0,0,0,0,0,1,2,2,1,0,0,1,0,0,1,0,0,0,0,0,0,0,1,0,1,0,1,0,5,0,0,1,0,0,0,0,0,0,0,0,0,0,1,1,1,0,1,0,1,0,0,0,1,0,0,0,2,0,1,0,0,0,3,0,0,0,1,0,0,1,1,1,0,0,2,0,0,0,0,3,0,0,1,0,1,0,0,0,0,0,0,1,1,0,0,0,0,2,0,1,0,0,0,0,0,1,0,1,1,0,1,0,1,0,0,0,0,0,0,0,1,0,0,0,0,0,0,0,0,1,0,1,0,0,0,0,0,0,1,0,0,0,0,0,1,0,0,0,0,0,0,0,0,0,0,0,0,2,0,0,0,0,0,1,0,0,0,0,0,0,1,0,1,2,1,2,0,0,0,1,0,0,1,0,0,1,0,0,1,0,0,0,0,0,0,0,0,0,1,0,0,0,0,0,0,0,2,2,0,0,3,0,0,0,0,0,0,0,0,0,0,0,0,0,0,0,0,0,0,1,0,0,0,0,0,1,1,0,0,0,0,0,0,0,1,2,0,0,0,0,0,0,1,1,1,0,0,0,1,0
GENE026,1,0,0,0,0,0,0,0,0,0,1,0,1,0,2,0,0,3,0,0,0,1,0,0,0,0,0,0,2,3,0,0,0,1,0,3,0,1,1,0,8,0,0,0,1,0,0,0,1,0,1,0,0,0,0,0,0,0,0,0,0,0,0,0,0,0,0,0,0,0,0,0,0,0,1,0,0,0,0,0,0,0,0,0,4,0,1,0,0,0,0,0,1,0,0,0,0,0,0,0,0,0,0,0,1,1,0,0,0,0,0,0,0,0,0,0,0,0,0,0,0,0,0,0,0,1,0,0,0,0,0,0,0,0,0,3,0,0,0,0,2,0,0,0,0,0,0,2,0,0,0,0,0,0,0,0,0,0,0,0,0,0,0,1,0,0,0,0,1,0,0,0,1,0,0,0,0,1,0,0,0,0,1,0,0,0,0,0,0,0,1,0,0,0,2,0,0,0,0,0,0,0,1,0,0,0,0,1,0,0,0,0,1,0,0,0,0,4,0,0,0,1,0,0,0,1,0,0,0,2,1,0,0,0,0,0,0,0,0,0,0,0,0,0,0,0,1,0,0,1,0,1,0,0,0,0,2,1,0,1,0,0,0,0,0,0,0,0,0,0,0,0,0,0,0,0,0,0,0,0,0,1,0,0,1,0,0,1,0,0,0,1,0,0,1,0,1,0,0,2,0,0,0,0,0,0,0,0,1,0,5,2,1,0,0,0,0,1,0,0,0,0,0,0,0,0,0,0,0,0,0,1,0,0,0,0,0,0,0,0,0,0,1,0,0,1,2,0,0,1,0,0,0,0,0,0,0,0,0,0,1,0,1,0,1,0,2,0,0,0,0,0,0,2,1,0,0,0,0,0,0,0,3,0,1,1,0,1,0,0,0,0,0,0,0,0,0,0,0,0,2,0,0,0,0,2,0,0,0,2,0,0,0,0,0,0,0,0,1,0,1,1,0,0,0,0,0,0,0,1,1,0,0,0,0,0,2,5,0,0,0,0,0,2,0,0,0,1,0,0,4,0,0,0,0,0,1,0,0,2,0,0,0,1,0,0,0,0,0,0,1,1,0,0,0,0,0,0,0,0,0,0,1,2,0,0,1,0,0,0,0,0,1,0,0,0,0,0,0,0,0,0,0,0,1,0,0,0,0,0,2,0,0,0,0,1,0,1,2,0,0,0,3,0,0,0,0,0,0,0,1,4,0,0,0,0,0,0,3,0,1,0,0,0,0,1,0,0,0,0,1,0,0,0,0,0,1,0,0,2,0,0,0,1,0,1,3,0,1,1,0,0,0,2,0,5,1,0,0,0,0,0,1,1,0,0,0,0,1,0,0,1,0,0,0,0,0,0,0,0
GENE027,0,0,2,0,0,0,0,0,0,0,1,0,0,0,0,0,0,1,0,0,0,0,0,0,1,1,1,0,1,0,2,0,0,0,0,1,0,0,0,0,0,0,0,0,0,0,0,0,0,0,0,1,2,0,0,0,1,4,0,0,0,0,0,3,0,0,0,0,0,0,0,0,0,0,0,0,0,0,3,0,0,0,0,0,1,0,0,2,0,1,0,0,0,0,0,0,0,0,1,1,2,0,0,0,0,0,0,0,0,0,0,0,0,0,0,0,0,0,0,2,0,2,1,0,0,0,0,0,0,0,1,0,0,0,0,0,1,0,0,0,2,0,0,1,1,4,0,0,2,0,2,1,0,0,0,0,0,0,0,0,0,0,0,1,0,0,1,1,0,0,0,2,0,0,0,1,0,1,0,1,0,0,0,0,0,0,0,0,1,2,0,1,0,0,1,0,0,0,0,0,0,0,0,1,0,0,1,0,1,0,0,0,0,0,0,0,2,1,0,0,0,1,2,1,0,0,1,1,0,1,0,2,0,1,0,0,0,1,0,1,0,0,0,2,2,0,2,0,2,0,0,0,1,2,0,1,0,0,0,0,0,0,0,0,0,0,0,0,0,0,0,0,0,0,2,0,1,1,0,0,1,0,2,0,0,0,0,0,1,0,1,0,0,0,0,0,1,0,0,0,0,0,0,0,0,0,0,0,0,0,0,0,2,1,0,0,0,0,2,0,0,0,0,0,2,0,1,0,0,0,0,0,0,0,0,2,0,0,0,0,0,0,1,0,0,0,1,0,0,1,0,0,0,0,0,0,0,0,0,0,2,0,1,0,0,0,1,0,0,0,0,1,1,0,0,0,0,1,2,0,0,7,0,0,0,0,1,0,0,3,1,0,0,0,1,0,0,0,0,1,0,0,0,0,0,0,0,0,0,0,2,1,0,0,1,0,0,0,0,3,1,2,2,1,0,0,0,0,0,0,0,0,0,0,0,2,0,0,1,1,1,0,1,0,0,1,0,0,1,1,0,0,1,0,0,0,0,0,0,0,0,0,0,1,0,0,1,0,0,0,0,0,0,1,0,0,2,0,0,0,0,0,0,2,0,0,0,1,0,1,0,1,0,0,0,1,0,0,0,0,0,1,0,0,0,0,2,3,1,0,0,0,0,1,0,0,3,1,2,0,1,0,0,0,0,0,0,0,0,0,0,0,1,0,0,0,0,0,0,1,0,0,0,0,0,0,1,1,0,0,0,0,1,0,0,0,0,0,0,0,0,2,0,1,0,0,0,0,1,2,0,0,1,0,2,0,0,0,0,0,0,0,0,1,0,0,0,0,2,0,0,1,0,0,0,0,1,1,0,1
GENE028,0,0,0,0,0,0,0,0,0,0,0,0,0,0,0,0,1,0,1,0,0,4,0,1,0,0,0,0,0,0,1,0,0,0,0,0,0,0,2,1,0,1,0,0,1,0,0,0,0,0,1,0,0,0,0,0,0,1,0,0,4,0,0,0,0,0,0,0,0,0,0,0,0,0,3,0,0,0,0,0,0,0,0,0,0,0,0,0,1,0,0,0,2,0,0,0,0,1,0,0,0,0,1,0,1,0,0,1,0,1,3,0,0,0,1,0,0,0,1,0,0,1,0,0,1,0,1,0,0,0,1,0,0,0,1,0,0,0,0,0,0,2,0,0,0,0,0,0,0,1,0,0,0,0,2,1,0,1,0,4,0,0,0,0,0,0,0,0,0,1,0,0,0,1,0,0,2,0,0,0,0,0,0,0,0,0,3,0,1,1,0,0,3,0,0,0,1,2,0,3,0,1,0,0,0,0,1,0,0,4,0,0,0,0,0,1,1,0,0,3,4,0,0,0,1,0,0,0,0,0,0,0,0,2,1,0,0,0,0,0,0,0,1,0,0,0,0,0,0,1,2,0,0,4,0,0,0,0,0,1,0,1,1,0,0,0,0,0,0,0,0,0,0,0,0,0,1,0,0,1,0,0,1,0,0,3,0,0,0,3,2,0,0,0,0,0,0,0,0,0,0,0,0,1,0,1,0,0,2,2,0,0,0,0,0,0,0,0,0,0,0,0,0,0,1,0,2,0,0,1,0,1,0,0,0,0,0,0,0,1,0,0,4,0,1,0,0,0,0,0,2,0,0,0,0,0,1,0,0,0,1,0,0,0,0,0,0,0,0,0,0,0,0,0,0,0,1,0,0,0,0,0,0,2,0,0,0,3,0,0,0,0,0,0,0,1,0,0,0,0,0,1,0,0,0,0,0,1,0,0,1,0,0,0,0,0,0,0,0,0,0,0,2,0,1,0,0,0,0,0,0,0,2,0,0,0,0,0,0,0,0,0,0,0,0,0,2,0,1,1,0,0,0,0,0,3,1,0,0,0,1,1,1,0,0,0,0,0,1,3,6,0,0,2,0,2,0,0,2,0,1,0,0,0,0,1,0,0,1,0,0,1,0,0,0,0,0,0,0,0,0,0,0,0,0,0,0,0,0,1,0,0,0,0,0,0,0,0,0,0,0,1,2,1,0,2,0,0,0,2,0,1,0,1,0,1,1,1,0,2,0,1,0,0,0,1,0,3,0,0,0,0,2,0,0,0,0,0,0,2,0,0,0,0,1,0,0,0,1,0,0,0,0,0,1,3,0,0,0,0,0,0,0,0,0,0,0,0,0,0,0,1,0,0,0,0,0,0,0,0
GENE029,0,4,0,0,0,0,1,0,0,0,1,1,0,0,0,1,0,0,0,0,0,1,0,0,1,0,0,1,0,0,1,0,0,1,0,0,0,0,1,0,0,0,0,0,0,0,0,2,0,0,0,0,0,0,2,0,1,6,0,0,1,0,0,0,1,0,0,0,0,0,0,0,0,0,0,2,0,3,0,3,0,1,0,0,2,0,0,1,0,0,0,0,0,0,0,1,0,0,0,1,0,0,0,0,0,0,0,2,1,0,2,0,0,0,3,1,1,0,0,0,0,1,0,0,1,0,0,0,0,0,0,2,0,0,0,0,0,0,0,0,2,0,0,0,0,0,0,0,0,0,0,0,0,0,4,2,0,0,1,0,0,0,0,0,0,0,0,0,0,4,0,0,0,0,0,0,0,1,0,0,1,0,0,1,0,1,0,0,0,0,1,0,1,0,0,0,0,0,0,1,0,0,0,0,5,0,1,0,0,0,0,0,0,0,0,1,0,0,0,3,0,0,0,1,1,0,0,1,0,1,1,0,0,0,0,0,0,2,0,0,0,0,0,0,0,1,0,1,1,0,0,1,0,0,1,0,2,0,1,1,0,4,1,2,0,0,0,2,0,0,0,0,0,0,0,1,0,1,0,1,0,0,0,0,2,0,2,1,0,0,1,0,1,0,0,0,0,1,0,0,0,0,2,1,1,0,0,0,0,2,0,2,0,0,0,0,0,2,1,0,0,0,0,0,0,0,0,1,0,3,0,0,0,1,2,0,0,0,0,0,0,0,1,0,0,0,0,0,0,0,1,0,0,0,1,0,0,3,0,1,0,0,0,0,2,1,0,0,1,0,0,0,0,0,0,0,2,0,0,1,0,0,0,0,0,2,0,0,0,1,0,0,0,0,0,0,0,0,0,0,0,0,0,0,1,2,0,1,0,1,3,1,0,0,0,0,1,0,1,0,0,0,0,0,1,0,0,0,0,0,0,0,2,0,0,0,1,0,0,1,1,0,0,1,0,0,1,0,0,0,1,0,1,0,1,0,0,1,1,0,0,0,0,0,0,0,0,0,0,0,0,0,1,2,0,0,4,2,0,0,0,0,0,0,0,1,0,0,0,1,0,1,0,1,0,1,0,0,0,2,0,0,0,0,0,0,0,1,0,0,1,3,0,0,0,0,0,0,0,0,0,0,0,0,0,1,0,0,0,0,0,1,0,0,0,0,2,1,0,2,0,0,1,0,0,5,4,0,0,0,0,0,0,0,0,0,0,1,0,0,0,0,0,1,2,0,0,0,1,0,0,0,0,0,0,1,0,0,1,0,0,3,0,0,0,0,0,0,0,0,0,3,0,0,0,1,1,0,0,0
GENE030,0,0,0,1,2,0,0,1,0,0,1,0,0,0,0,0,1,0,0,0,0,0,0,0,0,0,1,0,0,0,0,0,1,0,1,0,0,0,2,1,0,0,0,0,0,0,1,0,2,1,1,0,0,0,0,0,1,1,0,1,0,0,3,0,0,0,1,1,0,0,0,0,1,0,0,0,1,0,1,0,1,0,0,0,1,1,0,0,0,0,0,0,0,2,0,0,0,0,0,1,0,0,0,0,0,0,2,2,0,0,0,0,0,1,0,0,0,0,0,0,0,0,0,0,1,1,1,1,0,0,0,0,0,0,0,0,0,0,1,1,1,0,0,3,1,0,1,0,0,0,0,2,1,0,3,0,0,0,0,0,0,1,4,0,0,0,0,0,1,1,1,0,0,0,0,0,0,0,0,0,0,0,2,0,0,0,0,0,0,0,0,1,0,0,1,0,0,0,0,0,0,2,1,1,0,0,0,0,0,0,1,0,0,0,0,0,0,1,0,0,0,0,1,0,1,1,0,0,0,1,0,0,0,1,0,0,5,0,0,1,0,0,0,0,1,0,1,1,0,0,0,0,1,0,0,2,1,0,0,0,0,0,2,0,0,3,0,0,0,0,1,0,0,0,0,0,0,0,0,0,0,0,0,1,5,1,0,0,0,0,2,0,0,0,0,0,0,0,0,0,0,0,1,1,0,1,1,0,0,0,0,0,0,1,0,0,0,1,0,0,1,1,0,1,0,1,0,0,0,1,0,1,0,0,0,0,1,0,0,0,0,0,1,2,0,0,0,0,0,0,0,1,1,0,0,0,0,0,0,0,1,0,0,0,0,0,0,1,0,0,0,0,0,0,0,2,0,0,0,0,0,0,0,3,1,1,0,0,0,0,1,1,0,0,0,0,1,0,0,1,0,0,0,5,0,0,2,0,0,0,1,1,0,0,0,0,0,2,0,0,0,2,0,0,0,1,0,0,2,0,0,1,0,0,0,0,0,0,2,0,1,0,1,0,0,0,0,0,1,0,1,0,1,1,0,0,0,0,2,0,0,0,0,0,1,5,0,0,0,1,0,0,0,1,0,0,0,1,1,0,0,0,0,1,0,1,0,0,0,0,0,1,4,0,1,0,0,1,1,0,0,0,0,1,1,0,2,0,2,0,1,0,0,0,1,1,0,1,0,1,1,0,0,0,0,0,0,1,0,0,0,1,0,0,1,0,1,0,1,0,6,0,0,1,0,0,0,1,0,0,0,0,0,1,0,0,0,1,0,0,0,0,1,1,1,1,0,0,2,1,1,0,4,1,0,0,0,0,0,0,0,0,0,1,0,1,1,0,0,0,0,0,4,0,0,0,1,0,0,0
GENE031,2,0,0,0,1,0,0,0,0,0,1,1,0,0,0,0,0,0,0,0,0,0,2,0,0,1,7,0,0,0,0,0,0,0,0,1,0,1,0,0,4,0,0,0,1,0,0,0,0,0,2,0,1,1,0,0,0,1,1,1,0,0,0,0,0,0,1,0,0,0,0,0,1,0,2,0,0,0,0,0,0,0,0,0,0,0,0,0,0,0,2,0,0,0,0,0,0,0,0,0,0,0,0,0,0,0,0,1,0,0,0,0,0,0,0,2,2,0,0,1,0,0,0,1,0,0,0,2,0,0,0,1,0,1,0,0,0,1,2,1,0,0,0,0,0,0,0,2,0,1,0,0,1,2,0,0,0,0,2,0,0,0,0,0,0,0,1,0,0,0,3,0,0,0,0,0,1,1,1,0,1,0,0,1,0,1,0,1,1,0,0,0,0,0,0,4,0,1,0,1,0,0,0,0,0,1,0,0,0,0,0,1,0,0,0,2,0,0,1,0,2,0,0,0,2,0,0,1,1,0,1,0,0,0,0,0,0,0,0,0,0,0,0,0,0,1,0,0,1,2,0,1,1,0,1,0,1,0,0,5,0,3,0,0,3,0,0,1,0,0,0,0,0,0,0,1,0,0,0,0,0,0,0,0,0,5,0,0,0,0,0,0,0,0,0,0,0,1,0,0,0,0,0,0,0,0,0,0,0,1,4,0,3,1,0,0,0,2,0,0,0,0,1,0,0,0,1,0,0,1,0,1,0,0,2,0,1,0,0,0,0,0,0,1,0,0,0,0,0,0,0,1,1,1,0,0,0,0,0,0,0,1,0,1,2,1,3,3,1,0,0,1,0,1,0,0,0,0,0,0,0,0,0,1,0,0,0,0,2,0,0,0,0,0,1,1,1,0,1,0,0,0,1,3,0,0,0,0,0,0,0,0,2,0,0,1,0,0,0,0,0,0,0,0,0,1,0,0,0,0,2,0,4,0,0,1,0,0,0,1,3,0,0,0,0,1,0,0,0,0,1,0,0,0,0,1,0,0,0,0,0,0,1,1,0,1,0,0,0,0,0,2,0,1,0,0,0,0,1,0,0,0,0,0,0,0,0,0,0,0,1,1,0,0,0,1,0,0,0,0,0,0,0,1,0,1,0,0,0,0,0,0,2,0,0,0,0,0,0,0,1,0,0,1,0,0,0,1,1,1,1,0,0,0,0,0,0,0,0,0,0,0,0,0,0,0,0,1,2,0,2,0,0,0,0,0,2,0,1,1,0,1,0,0,0,0,1,0,1,1,0,0,0,0,1,0,0,0,0,0,3,0,2,0,0,0,0,0,0,0,0,0,0,6,0,0,1,0,0,0
GENE032,0,1,0,0,1,0,0,0,0,2,1,0,0,0,1,0,0,0,0,0,1,0,0,1,0,1,1,0,0,0,0,0,1,0,0,0,0,0,1,0,0,0,0,0,0,0,0,0,0,0,1,0,1,1,0,0,0,0,0,0,0,0,0,0,0,1,0,0,0,0,2,0,1,0,0,0,0,0,1,0,0,0,0,0,0,0,2,1,0,0,0,0,1,0,2,0,0,0,0,0,0,0,0,1,0,1,1,0,0,2,0,0,0,0,0,0,0,0,3,0,0,0,2,0,1,0,0,0,0,1,0,0,0,0,0,1,1,2,0,0,2,0,0,0,0,3,0,0,1,0,0,0,0,0,1,0,0,0,0,1,0,0,0,2,1,0,0,2,0,0,0,0,0,0,0,0,0,0,0,0,1,1,0,0,0,0,0,1,4,0,0,0,0,1,0,0,0,0,0,0,0,0,0,0,0,2,0,0,0,0,1,0,1,0,0,0,2,0,0,3,1,1,0,0,1,0,1,1,0,0,0,0,0,0,2,0,0,0,1,0,2,1,0,0,1,0,0,3,0,0,0,0,0,0,0,0,0,1,0,0,0,0,0,0,3,0,2,0,1,0,0,0,0,0,0,4,0,1,0,0,0,0,2,0,0,2,1,0,1,0,0,0,0,0,0,2,1,0,0,0,0,0,0,0,0,0,0,0,0,0,0,0,0,0,0,1,0,0,0,1,0,0,0,0,0,1,0,0,0,0,0,1,2,0,0,0,0,0,1,0,2,0,0,0,0,1,0,0,1,0,1,0,0,1,0,1,0,0,1,0,0,0,1,0,0,0,0,0,1,0,1,2,0,4,0,0,2,0,0,0,0,1,0,0,1,1,0,0,0,0,0,0,0,0,1,0,0,0,0,1,0,0,0,0,0,0,0,0,0,0,0,0,0,0,1,0,0,1,0,0,1,2,0,0,0,0,1,0,0,0,0,0,0,0,0,0,0,1,0,1,0,0,0,0,0,0,0,1,0,2,0,3,0,1,0,0,0,0,0,1,1,0,0,0,0,0,0,0,0,0,0,1,0,0,0,0,0,0,0,2,2,0,0,0,0,0,1,0,0,1,0,0,1,0,0,0,0,0,2,0,0,0,0,0,0,0,0,0,0,0,0,1,0,0,0,1,0,0,0,1,0,0,0,0,1,1,0,0,0,1,1,0,0,0,0,0,0,0,0,0,0,1,0,0,0,0,1,6,0,0,0,0,0,1,0,0,0,0,0,0,1,0,0,1,0,0,0,0,4,0,0,2,0,2,0,0,0,0,0,1,0,0,0,0,2,0,0,0,1,0,0,0,0,0,0,0,1,0,0,0
GENE033,0,0,0,0,0,1,0,1,0,0,0,0,0,0,0,0,1,1,1,1,0,0,0,5,0,0,0,0,0,2,0,1,0,0,0,0,0,0,0,0,1,0,0,1,0,0,1,0,0,1,0,0,1,0,0,0,1,0,0,2,2,1,0,0,1,1,0,0,0,0,0,0,0,1,0,1,0,0,0,0,0,0,0,0,0,0,0,1,0,0,0,0,0,0,0,0,0,0,1,1,0,1,0,0,0,1,0,0,0,0,0,1,0,0,0,2,0,2,1,0,0,0,0,0,0,1,0,0,1,0,1,0,0,0,0,0,0,0,1,1,0,1,0,0,0,0,0,1,1,0,0,0,0,0,0,0,0,0,1,1,0,0,0,0,0,0,0,0,0,1,1,0,0,0,2,1,3,0,0,0,0,0,0,1,0,0,0,0,0,0,0,4,0,0,0,0,0,0,0,0,0,0,1,1,0,0,0,0,0,0,0,1,0,0,1,0,2,0,0,6,0,0,0,3,0,0,0,1,0,0,0,0,0,0,1,0,1,0,0,0,0,1,0,1,0,0,0,0,0,0,0,0,1,0,0,3,3,2,0,1,0,0,0,0,1,0,0,1,0,5,0,0,0,0,0,0,0,0,0,1,0,0,0,0,0,0,0,0,0,1,0,0,0,0,0,1,1,2,0,1,0,0,0,3,0,0,0,0,1,0,0,0,0,2,0,0,0,2,0,0,0,0,1,1,0,0,0,0,0,0,1,1,1,0,0,0,0,0,2,0,0,0,1,0,0,0,1,0,7,0,0,0,0,2,0,0,0,0,2,0,0,0,0,0,0,0,1,0,0,0,0,0,0,1,1,0,0,0,0,0,1,0,0,0,0,0,0,1,0,0,0,0,0,0,0,0,1,0,0,0,0,0,0,0,0,0,0,1,0,0,0,3,1,0,0,0,0,0,0,2,1,0,0,0,0,0,1,0,0,1,0,0,0,0,0,1,0,0,0,0,0,0,0,0,0,0,0,0,1,1,1,0,1,0,0,0,1,0,1,0,0,0,0,0,0,0,0,0,1,0,0,0,0,2,0,2,3,0,0,0,0,1,0,0,0,0,0,0,0,0,0,2,0,0,0,0,0,0,0,0,0,0,0,1,0,0,0,0,0,0,0,0,0,0,0,0,0,0,0,0,2,0,0,0,1,1,0,3,0,0,0,0,0,1,0,2,0,0,0,0,1,0,0,1,0,0,1,2,0,0,1,0,0,0,2,0,1,1,0,0,0,1,0,1,1,0,0,1,2,0,0,0,0,0,0,0,0,0,0,0,0,1,1,1,0,0,0,0,0,0,1,0,1,0,1,0,0,0,0,0
GENE034,1,0,1,0,1,1,1,0,0,1,0,0,0,1,1,0,0,0,0,0,0,0,0,2,0,2,0,1,0,1,0,0,1,1,0,0,0,0,0,0,0,0,0,0,0,0,0,0,0,0,1,0,0,1,0,1,0,0,0,0,0,0,1,1,0,0,0,0,0,0,0,0,0,0,1,0,0,0,1,0,0,0,0,0,0,1,0,3,0,0,0,0,1,0,0,0,0,0,0,0,2,0,0,0,0,0,0,0,0,0,0,0,0,0,1,0,1,0,3,0,0,0,0,1,0,0,2,0,1,0,0,0,0,0,0,1,0,0,0,0,0,0,0,0,0,1,1,1,1,1,0,0,0,1,0,0,0,0,0,1,0,0,0,0,0,0,0,0,0,0,0,0,1,1,0,0,0,0,0,1,0,1,0,0,1,1,0,0,0,1,0,0,0,0,1,0,0,0,2,2,0,1,0,0,0,0,0,0,0,0,0,0,1,0,0,1,0,0,0,0,0,1,0,0,0,0,0,3,0,0,0,0,0,0,0,0,2,1,1,0,0,2,0,0,1,1,0,0,0,0,0,0,0,0,0,2,0,0,1,0,0,0,0,0,1,0,0,0,0,0,0,0,0,0,1,0,1,0,0,0,0,2,0,0,0,0,0,0,0,0,0,0,0,0,0,0,0,0,1,0,0,1,0,1,0,1,0,0,0,0,1,0,0,0,0,1,0,0,1,0,2,0,1,0,1,0,0,4,2,1,0,2,0,1,0,0,1,1,2,0,0,0,0,0,0,0,0,0,1,0,1,0,1,0,1,0,0,0,0,1,0,0,1,0,0,1,0,0,3,0,0,0,0,0,1,0,0,0,0,5,0,1,0,0,0,0,0,0,0,0,0,2,0,0,0,0,0,0,1,0,0,0,1,0,1,0,0,2,0,0,0,0,0,0,0,0,1,0,0,0,0,3,0,0,0,0,0,0,1,0,0,0,0,0,1,0,0,1,0,0,0,0,0,0,1,0,0,0,0,3,0,0,0,2,0,0,0,2,0,0,0,0,0,0,0,1,3,0,0,1,1,1,0,0,1,1,1,0,0,0,0,0,0,0,0,0,0,0,0,1,1,0,0,0,1,1,0,0,0,0,0,0,0,1,1,0,0,0,0,0,0,0,1,0,1,0,0,0,0,0,0,0,0,0,0,0,0,1,1,0,0,0,0,1,0,1,2,1,0,1,0,0,0,0,0,3,1,1,1,2,1,1,0,0,1,0,0,0,0,0,0,0,0,0,1,0,0,0,0,0,0,1,0,0,0,0,0,0,1,0,1,0,0,0,0,0,0,0,0,0,0,0,0,0,0,0,5,0,0,0
GENE035,0,1,0,0,0,0,3,0,0,0,0,1,1,4,0,0,0,0,0,2,0,0,0,0,0,0,0,2,0,0,0,1,0,1,1,0,1,0,1,2,3,0,0,0,0,1,0,0,1,0,0,1,2,0,0,0,0,0,1,0,0,1,0,0,0,0,0,0,0,0,1,0,0,1,0,0,0,1,0,0,0,0,0,0,0,0,0,1,0,1,1,2,2,0,0,0,0,0,0,0,1,0,1,0,0,1,0,1,0,2,0,3,0,0,2,0,0,0,1,0,1,0,0,0,0,0,0,0,1,0,0,2,0,0,0,0,0,3,0,0,0,0,0,0,0,0,1,0,0,0,1,0,0,2,1,0,0,0,0,1,0,1,0,0,0,0,0,1,1,1,0,0,0,0,0,0,1,0,0,0,1,0,0,0,0,0,0,1,1,0,0,0,0,0,0,0,0,0,0,1,2,4,0,0,0,2,0,0,0,0,3,1,0,0,0,2,4,1,0,1,0,0,0,0,0,0,1,0,0,0,0,0,5,0,0,0,0,0,0,0,0,0,0,0,0,0,0,1,0,0,0,0,0,0,0,0,0,0,2,1,0,1,0,0,0,0,0,0,0,0,0,1,0,0,0,1,0,0,0,0,1,0,0,0,0,0,2,1,0,1,0,0,1,0,0,3,0,0,0,1,0,0,0,0,0,3,0,0,0,0,1,0,0,0,0,0,0,0,0,0,0,1,0,0,0,0,0,0,0,2,0,2,0,0,0,0,0,0,0,1,0,0,0,0,0,0,0,0,0,0,0,0,0,0,0,0,0,0,0,1,0,0,0,0,0,0,1,0,0,0,0,1,0,0,0,0,0,0,0,1,0,0,1,0,0,0,1,0,0,0,0,0,0,0,0,1,0,0,0,0,0,0,1,0,0,0,1,0,0,1,0,1,0,0,0,0,0,0,0,2,1,0,0,0,2,0,3,2,1,0,0,0,0,0,4,0,0,1,0,1,0,0,0,0,0,0,0,0,0,0,1,0,0,1,0,0,0,0,0,0,1,0,0,0,0,0,0,2,0,0,0,0,0,0,0,0,0,1,2,0,6,0,0,0,0,0,0,0,0,2,0,0,0,0,0,0,0,0,0,0,0,1,0,1,0,0,1,0,0,0,0,3,0,0,0,0,4,0,0,0,0,1,0,0,2,0,0,0,0,0,0,1,0,0,0,0,0,0,0,2,1,0,3,0,0,0,0,2,0,1,0,4,1,0,0,0,0,1,0,0,0,0,0,2,0,1,0,0,0,0,3,0,0,0,1,0,2,0,0,0,0,0,1,0,0,0,0,2,0,0,0,1,0,0,0,0,0,0,0,0
GENE036,0,0,0,0,0,1,0,0,0,1,0,0,0,0,0,0,0,0,0,0,1,0,2,1,1,0,0,2,0,0,0,0,0,0,1,1,0,0,0,0,2,0,0,0,0,0,0,0,0,0,0,0,1,0,1,0,0,3,1,0,4,0,1,1,0,0,0,2,1,0,0,1,0,0,0,0,0,1,0,0,0,0,1,0,0,0,1,0,1,1,1,1,1,0,0,0,0,0,0,0,0,1,0,0,0,2,0,1,0,0,0,0,1,0,0,0,0,2,0,2,0,1,0,0,0,1,0,0,0,0,0,0,0,0,0,0,0,0,0,0,0,1,0,0,0,0,0,2,1,3,0,1,0,0,4,0,0,0,0,0,0,1,2,0,0,0,1,1,0,0,0,0,2,1,1,0,0,0,0,0,2,0,1,2,0,1,2,0,2,1,0,1,0,1,0,0,1,0,0,0,0,0,2,0,0,2,0,0,0,0,0,0,0,0,1,3,0,0,0,0,1,0,0,0,0,0,0,0,0,0,1,0,2,0,0,2,0,0,0,0,0,0,0,0,0,0,0,0,1,1,0,0,0,0,0,0,0,0,0,1,0,0,0,0,0,1,1,0,1,0,0,0,0,0,2,1,0,2,0,1,0,1,0,0,0,0,1,0,0,0,0,0,2,0,3,1,0,0,0,0,0,1,0,0,0,0,0,0,1,1,0,1,1,0,0,0,0,0,1,3,0,0,0,0,0,0,0,0,0,0,0,0,0,0,0,0,0,1,2,1,0,0,0,0,0,0,4,1,0,0,0,0,0,0,0,0,0,0,0,0,0,0,1,1,0,0,0,1,1,0,0,0,0,0,0,0,0,0,0,1,0,0,0,0,0,0,0,0,0,1,1,0,0,0,0,0,0,0,0,0,0,0,0,0,1,0,1,1,1,0,0,0,0,0,0,0,0,0,1,0,1,3,2,0,0,0,0,0,1,1,0,0,1,0,0,0,0,0,0,0,0,0,0,2,1,0,0,0,0,0,0,0,2,0,0,0,0,0,0,0,0,1,0,0,0,0,0,0,0,0,0,0,1,0,0,1,0,0,0,0,0,0,0,0,0,1,0,0,0,4,0,1,0,0,1,0,0,0,0,0,0,0,0,0,0,0,0,0,0,0,0,0,0,0,0,2,0,0,0,0,0,1,0,1,0,0,0,0,2,0,1,2,0,0,0,0,0,0,0,0,0,0,0,1,0,1,1,0,0,0,0,0,0,0,0,1,0,0,0,0,0,2,0,3,1,3,0,0,0,0,0,0,0,0,0,0,0,0,2,0,0,0,0,1,0,3,2,0,3,2,0,0,1,1,0,0,0,0,0,0
GENE037,0,1,0,2,0,0,0,0,1,0,0,0,0,0,1,0,1,0,1,1,1,0,0,0,0,1,0,0,0,0,0,0,0,0,0,0,0,0,0,0,2,0,0,0,0,2,0,1,0,0,2,0,0,0,0,0,3,0,0,0,0,0,1,0,0,0,1,0,1,1,0,0,0,0,0,1,1,0,1,0,0,0,0,2,0,0,0,2,0,2,0,0,0,0,0,1,0,0,0,0,0,0,0,0,0,0,0,1,0,1,0,0,0,1,0,0,0,0,0,0,0,2,1,0,1,0,0,0,0,1,0,0,0,0,0,0,1,1,0,0,3,2,0,0,0,0,0,0,0,0,0,0,0,0,0,0,0,0,0,0,0,0,0,0,0,0,0,0,0,0,0,0,1,0,0,1,4,0,0,0,0,1,0,0,0,0,0,0,0,0,0,0,0,0,0,0,0,0,0,0,2,0,0,1,0,0,2,0,1,0,1,0,0,0,2,0,1,0,0,0,0,1,1,0,0,0,0,3,0,1,0,0,0,0,1,0,0,1,0,0,0,0,0,0,1,3,1,1,0,1,1,0,0,0,1,0,0,0,0,2,0,1,1,0,0,0,1,0,0,0,1,1,4,0,0,0,0,2,0,0,0,0,0,0,0,0,0,0,0,0,0,0,0,1,0,1,2,0,0,2,0,0,0,0,0,0,1,0,0,0,0,1,0,0,0,2,0,0,3,0,0,0,0,2,0,0,0,0,0,0,1,0,2,0,0,1,0,0,0,0,0,0,0,0,0,0,0,1,1,0,0,0,0,0,1,0,0,0,0,3,0,0,0,0,0,0,0,1,0,3,0,1,0,0,2,0,0,1,2,0,0,0,2,0,0,1,0,0,0,1,2,0,1,1,5,0,0,0,0,1,0,1,1,0,0,0,0,0,0,0,0,0,0,0,0,0,2,0,0,0,1,0,6,0,1,0,2,0,0,0,0,1,0,0,0,1,2,0,0,0,0,1,1,0,1,1,1,0,0,0,0,0,0,0,0,0,0,0,0,0,0,0,0,0,0,0,1,0,3,0,1,3,0,3,0,0,0,0,0,0,0,1,0,0,0,0,0,0,1,0,0,0,0,1,0,0,0,0,1,0,0,0,0,0,0,0,2,0,1,0,0,0,0,0,0,1,0,0,1,0,0,0,1,0,0,0,0,1,0,0,0,1,0,0,3,0,0,0,0,0,0,0,0,0,0,0,1,1,0,0,0,0,1,1,0,0,0,0,0,0,0,1,0,1,1,1,0,0,0,0,0,0,0,0,0,0,0,0,0,0,0,2,0,0,0,0,0,0,0,1,0,1,0,0,1,0,0,1,0,0
GENE038,0,0,0,0,0,1,2,1,0,0,1,0,0,0,1,0,1,0,0,0,1,0,0,0,0,0,0,4,0,0,0,0,0,0,0,0,0,0,3,0,0,0,0,0,2,0,1,0,0,0,1,1,1,1,0,0,0,1,0,0,0,0,2,1,0,1,0,0,0,0,0,3,0,0,0,0,0,1,0,2,0,0,0,0,0,0,0,0,0,0,2,0,0,0,1,3,1,0,0,1,0,0,0,0,0,0,0,1,0,0,0,2,0,0,0,0,0,1,1,0,2,0,0,0,0,0,0,0,1,1,0,0,0,0,0,0,2,0,0,0,0,0,0,0,0,0,2,0,0,0,0,0,3,1,0,0,0,0,0,0,0,1,0,2,0,0,0,0,0,0,0,0,0,0,1,0,0,0,0,0,0,0,0,2,0,0,0,1,1,4,0,2,2,0,2,1,0,0,1,0,0,0,0,0,0,0,0,0,0,0,0,0,1,0,0,0,2,0,0,0,0,0,0,1,0,0,0,0,0,0,0,0,0,3,5,2,0,0,0,0,1,0,0,0,2,1,0,0,0,2,0,0,3,0,0,0,0,0,0,0,1,0,0,0,0,2,1,0,1,2,1,0,0,0,0,0,0,0,0,0,0,0,0,0,0,0,0,0,0,0,1,0,1,0,1,0,1,0,0,0,1,4,0,0,0,0,1,0,0,0,0,0,1,0,0,0,0,0,0,0,0,0,0,0,0,0,0,0,0,0,2,0,0,0,0,0,0,1,0,0,0,0,0,0,0,0,2,0,0,0,0,2,0,0,0,0,1,0,0,0,0,1,0,0,0,0,0,0,0,0,1,0,1,0,0,0,5,1,0,1,0,0,0,0,0,0,0,0,0,1,0,0,0,0,0,0,0,0,0,0,1,0,1,5,0,0,0,0,1,1,1,0,0,0,0,0,1,0,0,6,0,1,0,0,0,0,2,0,0,0,0,0,0,0,2,0,0,0,0,0,1,1,1,0,0,0,0,0,0,0,0,1,0,0,0,1,1,0,0,2,0,0,0,0,0,1,1,0,0,0,1,0,0,0,0,0,0,0,0,0,1,0,4,0,0,0,0,3,0,0,0,0,0,0,3,0,0,0,0,2,1,1,1,0,0,0,1,0,0,0,0,1,0,2,0,1,2,0,1,0,0,0,0,0,0,1,1,0,1,0,0,1,0,0,0,0,0,0,0,1,0,2,0,0,0,0,1,1,0,0,0,0,0,2,0,0,0,0,0,1,0,0,0,1,1,0,0,0,1,0,0,0,0,1,0,0,0,0,0,0,1,3,1,1,0,0,0,0,1,1,0,1,0,0,0,0,0,0,3,3
GENE039,0,0,0,0,1,1,0,0,0,0,1,0,0,0,1,0,0,0,0,0,0,1,0,0,0,2,0,0,0,1,0,0,0,0,0,0,2,0,0,0,0,0,0,0,0,0,0,0,0,0,0,0,4,0,0,0,2,5,1,0,0,1,0,0,0,0,0,0,0,1,0,0,0,0,0,0,1,1,0,0,0,0,0,0,0,0,0,0,0,0,0,0,0,0,3,0,0,0,1,3,0,0,0,0,0,0,2,0,0,0,0,0,0,0,0,0,1,2,0,0,0,1,0,0,0,0,0,0,0,1,2,0,0,0,4,1,1,0,0,1,1,0,0,0,0,0,0,0,0,0,0,0,2,3,3,1,0,1,1,0,0,1,0,0,0,0,0,0,0,0,0,2,1,0,0,0,0,0,0,0,0,0,0,0,0,0,0,1,4,1,1,1,1,0,0,0,0,0,0,0,1,0,0,0,0,0,0,0,0,1,0,0,0,0,0,0,0,1,2,0,0,0,0,1,1,2,0,1,0,0,0,1,0,0,0,0,1,1,0,1,0,1,0,0,0,0,0,0,0,1,1,0,0,0,0,0,0,0,0,0,2,0,0,1,0,0,1,0,0,0,1,0,0,0,0,4,0,1,0,0,0,0,0,2,1,0,0,0,0,0,0,0,0,1,0,0,0,0,1,0,0,0,0,0,0,0,0,1,0,0,0,1,0,0,0,0,0,0,0,0,0,0,0,0,0,2,0,0,0,2,0,0,0,0,0,0,0,0,2,0,1,0,0,0,0,0,0,0,0,0,0,0,0,0,0,1,0,0,0,0,0,0,0,0,0,1,0,0,0,0,0,0,0,0,0,0,0,0,0,0,0,0,0,0,1,1,2,0,0,0,0,0,3,0,0,0,0,0,1,0,0,0,0,0,0,0,0,0,1,1,0,1,0,0,0,0,3,0,0,0,0,0,0,0,0,0,1,0,0,3,0,0,0,0,2,0,0,1,1,0,2,0,0,0,0,0,0,0,0,0,0,1,0,0,1,0,0,0,0,1,0,5,0,0,0,0,1,2,0,0,0,2,0,0,1,0,3,0,0,0,1,1,0,0,1,0,0,0,1,0,0,4,1,0,1,0,0,2,0,0,0,0,0,1,0,0,0,2,0,0,2,0,1,0,0,0,1,1,0,0,0,0,0,1,0,0,0,1,1,0,0,0,0,0,0,0,0,0,0,5,2,0,0,0,0,1,2,4,1,2,1,0,0,1,0,0,1,0,0,0,2,0,3,0,1,0,0,0,2,1,0,1,1,0,5,0,3,0,0,0,0,0,0,1,0,0,0,1,0,0,1,0,0,0,1,0,0,0,0,0
GENE040,0,0,0,0,0,0,0,0,0,1,0,1,0,7,1,0,0,1,0,0,0,0,0,1,2,0,0,0,0,0,0,0,2,0,0,2,0,0,0,0,0,0,0,0,1,0,0,0,0,0,0,0,1,1,0,0,0,1,0,0,0,0,0,1,0,3,2,0,0,2,0,0,0,0,2,0,0,0,0,0,0,0,0,0,2,0,1,0,0,0,0,0,3,0,0,0,0,0,0,2,0,2,0,0,0,1,0,0,0,2,0,0,0,0,0,0,0,0,0,0,0,1,0,0,0,0,0,0,0,0,0,1,0,0,0,0,6,0,0,1,1,0,0,1,0,0,0,0,0,0,0,1,1,0,0,0,0,0,0,0,1,0,0,1,0,0,0,0,0,0,0,0,0,1,0,0,0,0,0,0,0,1,0,0,0,0,0,1,0,4,1,0,1,0,0,0,0,1,0,0,0,0,0,0,1,0,0,1,0,0,1,0,0,0,2,2,0,0,0,1,0,0,0,1,1,0,0,1,0,0,0,0,0,0,0,0,1,0,0,0,0,0,1,0,0,1,0,0,0,0,0,0,0,0,0,0,0,2,0,0,0,1,0,1,0,0,0,1,0,1,5,0,2,0,1,1,0,0,0,0,0,0,0,0,0,0,0,0,0,2,1,1,0,0,0,0,0,4,0,0,1,1,0,2,0,0,0,0,1,0,0,0,0,0,0,0,0,0,0,0,1,0,0,3,0,0,0,0,0,0,0,0,0,0,0,0,2,0,0,0,0,0,2,1,1,0,0,0,0,2,1,1,0,0,0,0,0,1,4,1,0,0,1,0,0,0,0,0,0,0,1,2,0,0,0,0,0,2,1,0,0,0,0,0,0,0,0,0,0,1,1,0,0,0,0,0,0,0,0,0,0,1,0,0,0,0,0,1,0,1,0,1,0,0,0,0,0,1,0,2,0,0,0,0,0,0,0,0,1,0,0,0,1,0,0,0,0,0,0,0,0,0,5,0,0,0,0,0,0,1,0,0,4,0,0,0,0,0,1,0,0,0,0,0,0,0,0,0,1,0,0,0,0,0,0,0,0,0,0,0,2,0,1,0,0,2,0,0,0,2,0,0,0,0,2,0,0,0,0,0,0,1,0,1,0,0,0,0,0,0,1,1,0,0,0,3,0,1,1,0,0,0,0,0,1,0,0,0,0,0,0,0,0,0,0,0,0,0,0,0,0,0,0,0,0,0,3,7,0,0,0,0,0,0,1,0,1,0,0,0,0,3,0,1,0,0,0,1,0,0,0,0,0,0,0,0,4,0,0,0,1,1,0,1,0,0,0,1,2,0,1,0,1,0,0,0,0,1,1,1
GENE041,1,0,0,1,0,0,0,0,0,0,1,0,0,0,2,0,0,0,0,1,1,2,0,0,0,1,0,1,0,0,0,0,0,0,0,0,3,0,0,0,1,0,0,0,2,0,0,0,0,1,2,0,0,0,0,0,0,2,1,0,2,1,0,0,1,2,1,0,0,0,0,0,1,0,0,0,0,0,0,0,0,1,1,0,6,0,0,0,2,0,0,1,0,1,0,0,0,1,1,1,0,0,0,0,0,0,1,0,0,0,0,0,1,0,1,0,0,0,0,0,0,0,0,1,0,1,2,0,0,2,0,1,0,0,0,0,0,0,0,0,0,0,0,2,0,0,0,0,0,0,2,0,0,0,0,0,0,0,1,1,0,0,0,2,0,0,2,0,1,0,0,0,1,0,0,3,0,0,0,0,0,0,0,2,0,1,0,0,0,0,0,0,0,0,0,0,0,0,0,0,0,1,1,1,0,0,0,0,1,1,0,0,0,0,0,0,0,2,0,0,3,0,1,0,0,0,0,1,0,0,0,0,0,1,0,0,0,0,0,0,2,1,0,0,0,2,0,0,0,0,0,0,0,0,0,0,0,0,0,0,0,0,2,0,0,0,0,0,2,0,1,0,0,1,0,1,2,0,2,0,3,0,2,0,0,0,0,0,2,4,0,0,0,0,0,0,2,3,0,0,0,0,0,2,0,0,0,0,0,1,0,1,0,0,0,0,1,0,0,0,0,0,0,0,0,0,0,0,1,5,0,0,0,0,1,0,2,1,1,0,0,0,1,0,0,0,0,0,0,0,0,0,0,1,0,0,0,1,0,0,0,1,0,0,0,0,1,0,0,0,0,0,0,0,2,0,1,0,0,0,0,1,0,1,0,0,0,0,1,0,1,0,0,0,1,0,0,1,0,0,0,0,0,0,0,2,0,0,0,0,0,0,0,0,0,0,0,0,0,0,0,0,2,1,0,3,0,0,0,1,0,0,0,0,0,0,0,2,1,0,0,0,1,0,0,0,0,0,0,0,0,0,1,0,0,0,0,0,0,0,0,0,0,1,3,0,0,0,0,0,0,3,0,0,0,0,1,0,0,1,0,0,0,0,2,3,0,1,0,0,0,0,0,1,0,0,0,1,0,0,0,0,0,0,0,1,0,0,1,0,0,0,0,0,2,0,1,1,0,0,0,0,2,0,0,0,0,0,0,0,1,1,0,1,0,1,0,1,0,0,0,0,0,1,1,0,0,0,0,0,0,0,0,0,0,0,0,0,0,0,0,0,1,0,0,0,0,0,1,0,0,0,0,0,0,2,1,3,0,0,0,0,1,0,0,0,1,0,0,2,0,0,0,0,1,0,0,0,4,0
GENE042,1,0,0,0,1,0,1,0,0,1,0,0,0,2,0,0,0,1,1,0,0,0,0,2,0,0,2,0,0,0,0,0,1,0,0,0,1,0,0,2,0,0,1,0,0,0,0,0,0,0,0,1,0,0,0,0,0,0,1,0,0,1,0,1,0,3,0,0,0,0,0,0,1,0,1,0,0,0,0,0,0,0,0,0,0,0,0,3,1,0,0,0,0,0,0,0,0,0,0,3,0,0,0,0,0,0,0,1,0,0,0,3,1,0,2,2,1,1,0,0,0,0,0,0,0,1,0,0,0,0,0,0,0,0,4,0,0,2,1,0,0,0,0,0,0,0,0,0,0,0,1,2,0,0,0,0,0,1,0,0,0,0,0,0,0,0,0,0,0,0,2,0,0,0,0,0,1,2,0,0,0,0,0,0,4,0,0,0,0,0,0,1,0,0,1,0,0,1,0,0,0,1,3,0,1,0,0,0,0,1,0,0,0,0,0,0,0,0,0,0,0,1,0,0,0,1,0,0,0,0,0,1,0,0,0,2,3,0,1,0,3,0,0,0,0,1,0,0,0,0,0,0,0,2,1,1,0,0,0,1,0,0,1,0,0,0,0,0,0,0,0,0,0,1,4,0,1,0,0,0,0,0,0,0,0,0,1,0,1,0,0,1,0,0,0,0,0,0,0,0,0,0,0,0,0,0,0,0,0,0,0,0,0,0,0,1,0,0,0,0,0,2,0,0,0,0,6,1,0,0,0,0,0,0,0,2,0,0,0,0,0,0,0,0,0,0,0,0,2,0,0,0,0,0,0,1,0,0,0,0,0,0,0,0,0,1,0,0,1,0,0,0,1,0,1,0,0,0,0,0,3,0,1,1,0,1,1,4,0,1,0,0,0,0,0,0,0,0,0,0,0,1,0,0,0,1,0,0,0,1,0,0,0,0,0,1,0,1,0,1,0,0,0,0,0,0,0,0,0,0,0,1,0,0,0,0,0,0,0,0,0,1,0,0,0,0,0,1,0,1,0,0,1,0,0,0,2,0,1,1,0,0,0,0,0,1,0,1,1,0,2,0,0,0,0,0,0,0,0,0,1,0,0,0,0,0,1,0,0,4,0,0,0,0,0,0,0,0,0,0,0,0,0,0,0,0,0,0,2,0,0,0,0,1,0,0,0,0,1,0,0,0,0,0,0,3,0,0,0,2,1,0,1,0,0,2,0,1,0,5,0,0,0,0,0,1,1,0,0,0,0,1,0,1,0,0,0,0,0,1,1,0,0,0,0,0,0,1,0,0,1,1,0,0,0,0,0,0,0,1,1,0,4,0,0,0,0,0,0,0,0,0,4,0,1,0,1,0,0,0
GENE043,1,0,0,0,0,1,0,1,0,0,0,0,1,0,0,0,0,0,0,0,0,0,0,0,0,2,0,0,0,1,0,1,0,0,0,0,0,0,0,0,0,0,0,1,0,0,0,0,0,0,2,0,0,0,0,0,0,0,0,0,0,0,2,0,0,1,0,0,1,0,0,0,0,0,0,0,0,1,0,0,0,0,3,0,1,0,4,1,0,0,0,0,0,0,0,0,0,0,0,0,0,0,0,0,0,0,0,0,0,0,0,1,0,0,1,0,0,0,0,0,0,0,0,1,0,0,0,0,0,1,0,0,0,1,0,0,0,1,0,0,0,0,0,0,0,0,0,0,0,0,0,0,0,0,0,0,0,0,0,3,0,0,0,0,1,0,0,0,0,0,0,0,0,0,1,0,0,0,0,0,3,0,0,0,2,1,0,0,1,1,0,0,1,0,0,4,1,0,1,1,0,0,0,0,0,0,1,0,0,3,0,0,0,0,0,1,0,2,0,0,0,0,0,0,0,0,1,0,0,0,0,0,0,1,0,0,2,0,0,0,3,0,0,0,0,0,0,0,0,0,0,0,0,0,0,0,1,0,0,1,0,1,0,0,0,1,0,0,0,0,0,0,0,0,0,0,0,1,0,0,0,0,0,1,0,2,0,0,0,0,1,0,0,1,0,0,0,0,0,0,1,1,0,0,0,0,0,2,1,2,1,0,0,0,0,0,0,1,0,0,0,0,1,0,0,0,0,1,0,2,0,2,1,0,0,0,0,0,0,1,0,0,0,1,0,0,3,4,0,0,0,2,0,1,0,1,0,0,1,0,0,0,0,0,0,1,0,0,2,0,0,1,0,0,0,0,0,0,0,0,0,0,0,0,0,0,1,1,1,0,2,0,0,0,0,0,2,0,0,0,1,1,0,0,0,0,1,1,1,1,1,0,0,0,0,0,0,0,1,0,0,0,1,0,1,0,0,0,0,0,0,0,0,0,0,0,0,0,1,0,0,2,4,0,0,0,0,0,0,1,0,0,0,0,0,0,0,1,0,2,0,2,0,3,0,1,1,1,0,1,1,0,0,0,0,0,0,0,0,0,0,0,2,0,0,0,0,0,0,0,0,1,0,0,0,0,0,0,0,0,0,1,1,0,1,0,1,0,0,0,0,3,0,2,1,0,0,0,0,0,0,3,0,0,0,0,3,1,0,0,1,0,0,0,0,0,0,0,0,0,0,1,0,0,0,0,0,2,0,0,0,0,0,0,0,3,0,1,0,0,0,0,3,2,0,0,1,0,0,1,0,0,0,0,0,0,0,0,0,0,0,0,0,0,0,0,0,0,0,0,0,0,0,0,0,0,0,0,0,0
GENE044,0,0,0,0,0,0,0,1,0,1,0,0,0,2,0,0,0,0,0,0,0,1,0,0,0,1,0,0,0,0,0,0,0,0,0,0,0,0,0,1,0,0,0,0,1,0,2,0,0,0,0,0,1,1,0,0,0,2,0,0,0,0,0,0,0,5,0,0,0,0,1,0,0,0,0,0,1,0,0,0,0,0,0,0,0,1,0,2,0,0,0,0,0,0,0,4,0,0,0,0,0,1,0,0,0,0,1,2,2,0,0,0,0,0,2,0,0,0,2,0,0,0,1,0,0,0,1,0,1,2,1,0,0,0,0,0,0,0,0,0,2,3,0,0,0,1,0,1,0,1,1,0,0,0,0,0,0,0,0,2,0,0,0,0,0,0,0,0,0,0,0,0,0,2,0,1,0,0,0,0,0,0,0,0,2,0,0,0,4,0,0,1,0,0,0,0,0,0,0,0,2,0,0,0,2,0,1,0,0,0,0,0,0,0,0,0,0,0,0,0,2,0,0,0,0,0,0,1,0,0,0,0,0,0,1,0,0,1,0,0,0,0,0,0,0,0,0,1,1,1,0,0,1,0,0,0,0,0,0,0,1,0,1,1,3,0,0,0,0,0,0,0,0,0,0,0,0,0,0,0,0,1,0,0,1,1,0,0,1,0,0,0,0,0,0,0,0,0,0,0,0,1,0,2,0,2,0,0,0,0,1,2,0,0,0,3,0,0,0,0,0,4,0,3,1,0,0,0,0,1,0,1,0,0,1,0,0,0,3,0,1,0,0,0,0,0,0,0,0,1,7,0,0,1,0,0,0,1,0,0,0,0,0,0,2,0,0,0,0,0,0,0,1,0,0,0,0,0,2,1,0,0,1,0,0,0,0,0,0,0,0,0,0,2,0,0,0,0,0,0,0,0,1,2,0,1,0,1,0,1,0,1,0,0,2,3,0,0,0,0,2,0,0,0,0,1,0,0,0,0,0,0,1,0,1,0,0,0,0,0,0,0,1,0,1,0,2,0,0,0,0,0,2,0,0,0,1,0,1,0,0,0,0,0,0,1,0,0,3,1,0,2,0,0,0,0,0,0,0,0,5,2,0,0,0,0,0,0,0,0,0,0,0,2,0,0,0,1,0,0,0,0,0,0,0,0,0,0,0,0,0,0,0,0,1,0,0,1,0,2,1,0,2,0,1,0,1,0,0,0,1,0,0,1,0,0,0,0,1,0,2,0,0,1,0,0,0,0,0,0,0,0,1,0,0,0,0,0,0,1,0,0,1,0,0,0,1,0,0,1,0,1,1,0,0,0,0,0,0,0,0,0,0,1,0,0,0,0,0,0,0,4,0,0,0,0,0,1,0,2
GENE045,0,0,0,0,0,0,0,0,1,2,0,0,0,0,0,1,0,4,1,0,0,0,0,0,0,0,2,0,0,1,0,0,0,0,0,1,0,0,0,1,0,0,0,0,0,1,0,0,0,0,0,1,0,0,0,0,1,0,0,1,4,0,0,0,1,0,0,0,0,0,0,0,2,0,0,0,1,0,1,0,0,0,0,0,0,0,2,0,0,1,0,0,1,0,0,1,0,0,0,3,1,0,0,0,0,2,0,0,0,0,0,0,0,0,0,0,0,0,1,0,0,0,1,0,0,0,0,6,0,0,0,2,0,0,0,0,0,0,0,0,1,0,0,0,0,2,0,0,0,0,0,1,0,1,0,0,0,0,0,1,1,0,0,0,0,0,1,0,0,2,0,1,0,0,0,0,0,1,0,2,0,0,0,0,1,1,0,0,0,1,0,1,1,0,0,1,0,2,0,1,0,0,0,0,0,0,0,0,0,0,1,2,0,0,0,0,0,0,0,1,0,0,1,0,1,0,2,2,0,0,0,0,0,0,2,0,0,0,1,0,0,1,0,1,1,1,0,0,0,1,0,0,0,0,0,1,1,0,0,0,0,0,0,1,0,0,0,0,0,0,1,1,0,0,0,0,1,2,0,1,0,0,0,0,0,0,0,1,0,0,0,0,0,0,0,1,2,0,0,0,1,0,0,1,1,0,0,1,0,0,4,0,0,0,0,0,0,0,2,0,0,0,0,0,0,0,0,1,2,2,0,0,0,0,0,0,1,0,0,2,1,0,0,0,0,0,0,1,0,0,3,0,0,1,0,0,1,0,0,0,2,0,0,0,0,4,0,1,0,0,1,0,0,0,0,0,1,0,0,0,0,0,0,0,1,0,0,0,0,0,0,0,0,0,0,0,1,1,0,0,0,0,0,1,1,0,0,0,0,0,0,0,0,0,0,1,0,0,0,0,1,0,0,0,1,1,0,0,0,0,0,0,1,0,0,0,0,0,0,0,0,0,0,0,0,0,0,0,0,0,5,1,0,2,0,0,1,0,0,3,0,0,0,1,0,0,0,0,1,0,0,1,0,1,0,0,0,2,0,1,0,0,1,0,0,0,0,0,0,0,3,0,2,0,0,0,0,2,0,0,2,0,0,0,0,0,2,0,0,0,0,0,0,0,0,1,0,0,0,0,0,0,0,1,0,0,0,0,0,0,0,3,0,0,1,0,0,0,0,0,0,0,0,0,0,1,0,0,0,0,1,0,1,0,0,0,0,0,1,0,2,0,0,0,0,0,0,0,1,0,1,0,0,0,0,2,0,0,0,0,0,1,0,0,1,0,0,0,1,0,0,0,3,0,0,0,10,0,3,1
GENE046,1,0,0,0,3,0,1,0,0,2,0,0,1,0,0,0,0,0,0,1,0,0,1,0,0,0,0,0,0,0,0,0,0,0,0,0,0,0,0,0,2,1,0,0,0,0,0,0,0,0,0,0,0,0,0,0,0,0,0,0,0,1,0,0,0,0,0,1,0,0,0,0,0,0,1,0,0,0,0,0,0,0,0,0,0,0,0,0,0,0,0,1,0,0,0,0,0,0,0,0,0,0,0,0,0,1,0,0,1,0,0,1,0,0,0,0,2,0,0,0,0,0,0,1,0,1,0,0,2,0,0,1,1,0,0,0,2,0,2,0,0,0,1,0,0,0,0,0,0,0,2,0,0,0,0,0,0,0,2,0,1,0,1,0,1,2,0,0,0,0,1,0,0,0,0,0,0,0,0,0,1,0,0,0,1,0,0,0,0,0,0,0,1,0,1,1,0,0,0,2,0,0,0,0,0,0,0,0,0,1,1,0,1,0,0,0,0,2,0,0,1,0,0,0,0,0,0,0,0,0,0,0,1,0,0,0,1,0,0,0,0,0,1,0,0,0,0,0,0,0,0,0,0,0,0,0,0,0,0,0,0,0,0,0,0,0,0,1,0,0,0,0,2,0,0,1,1,0,0,0,0,0,0,1,1,1,0,0,2,2,0,0,1,0,2,0,0,0,0,0,1,0,0,0,3,0,1,0,2,0,0,1,0,1,0,0,3,0,0,0,2,0,3,0,0,0,0,0,0,0,0,0,0,0,1,0,0,0,0,1,0,0,0,0,0,0,0,1,0,0,0,0,0,0,1,0,0,0,3,0,2,0,0,0,1,0,0,0,0,0,0,2,0,0,1,0,0,0,0,0,1,0,0,0,0,0,0,0,0,0,0,0,0,0,0,0,1,0,0,0,0,0,0,2,0,0,0,2,1,1,1,0,1,0,0,0,0,0,0,0,0,0,0,3,0,0,0,0,0,0,0,0,1,0,0,0,0,1,0,2,1,0,1,0,1,0,1,0,2,0,0,0,0,0,1,0,0,0,2,0,0,2,0,0,0,0,0,0,0,2,0,0,2,1,0,0,0,0,1,0,0,0,1,1,0,0,0,5,0,0,0,0,0,0,1,0,0,0,0,0,0,0,0,0,1,0,0,0,0,0,1,1,1,0,0,0,4,0,0,1,0,0,3,0,0,0,0,0,1,0,0,0,0,0,0,0,0,1,0,0,0,0,0,0,0,0,0,0,0,1,0,2,1,0,0,0,0,0,0,1,2,1,2,0,0,0,0,0,0,0,2,0,0,0,0,0,0,1,1,1,0,0,1,0,0,1,0,0,0,0,1,0,0,0,0,0,0,0,0,0
GENE047,0,0,0,0,1,1,0,0,0,0,0,0,0,1,0,0,0,1,0,0,1,1,0,0,1,1,0,0,0,0,0,0,0,2,0,0,1,0,0,0,0,0,0,3,0,0,0,0,2,0,0,1,2,0,0,0,0,0,3,0,0,0,1,0,0,1,0,0,0,0,0,6,0,0,0,1,0,0,0,0,0,0,0,0,0,0,1,0,0,0,0,1,0,0,0,0,0,0,0,0,0,0,0,0,0,0,0,0,0,1,0,0,0,1,0,0,0,3,0,0,0,0,0,1,0,0,1,0,0,0,0,0,0,0,0,1,1,0,2,0,0,0,0,1,1,0,0,1,0,1,1,1,0,0,0,0,0,0,0,1,2,0,0,0,0,1,0,0,0,0,0,0,1,2,1,0,0,0,0,0,0,0,0,0,0,0,0,1,0,0,0,1,0,0,0,0,0,2,0,0,0,0,0,0,0,1,1,0,0,0,0,0,0,0,0,1,0,2,0,0,0,0,1,0,1,1,2,1,0,0,1,1,0,0,0,2,1,0,0,0,1,0,0,1,0,0,1,0,1,0,0,0,0,3,1,0,0,0,0,0,0,0,0,0,1,2,0,1,1,0,1,1,1,0,0,0,0,0,0,1,0,0,0,0,0,3,1,0,0,1,2,0,0,0,0,0,0,0,0,0,0,0,1,0,1,0,1,1,0,0,0,0,0,0,0,0,0,0,1,0,1,0,0,0,0,0,2,1,0,1,0,1,4,0,0,3,0,0,0,0,0,0,0,1,0,0,0,0,0,0,0,0,0,0,0,0,0,0,2,0,0,0,0,0,0,0,0,0,0,0,2,0,0,0,0,1,0,0,0,1,0,0,0,1,0,0,1,0,0,0,0,0,0,0,0,0,0,0,0,1,0,1,0,0,0,0,2,1,0,2,0,0,0,0,0,0,1,0,0,0,0,0,0,0,0,0,0,0,0,0,0,0,0,0,3,3,1,0,1,0,0,0,1,0,1,1,0,0,0,2,0,2,0,0,0,0,0,0,0,0,0,1,0,0,1,0,0,0,0,0,1,0,0,0,0,3,0,0,0,1,0,0,1,0,0,0,0,1,1,0,0,1,0,0,0,0,0,0,0,0,1,0,1,0,0,1,1,0,0,0,0,4,0,0,0,0,0,0,0,0,1,1,1,0,0,0,1,2,1,0,0,0,0,0,0,0,0,0,0,0,0,1,0,1,2,1,0,0,2,1,0,0,0,0,0,0,0,0,1,0,0,1,0,1,1,0,0,0,0,2,0,1,0,0,0,0,0,0,0,0,0,0,0,0,0,0,0,0,0,0,0,0,2,1,0,0,0,4,0,0
GENE048,4,2,0,0,0,0,0,0,0,0,5,1,0,1,0,0,0,0,0,0,3,1,1,2,0,1,0,0,0,0,0,0,1,1,0,0,0,0,1,0,0,0,0,0,1,0,0,0,0,0,0,0,0,0,0,0,1,1,0,1,0,1,0,0,0,0,0,0,0,0,0,0,0,0,2,0,2,2,3,0,0,0,1,0,0,0,0,0,0,0,0,2,0,0,0,0,0,0,2,0,0,0,0,0,1,1,0,0,0,0,1,0,0,1,0,0,1,0,0,0,0,0,1,0,0,0,0,1,1,0,0,0,1,0,0,0,1,0,0,0,1,0,0,0,0,0,1,0,0,2,0,0,2,0,2,0,0,0,0,1,0,1,0,0,0,0,0,0,0,2,1,0,0,0,0,0,0,0,1,0,0,1,0,0,0,0,0,0,1,0,0,0,0,0,0,1,0,1,1,0,0,0,0,0,0,0,0,0,1,0,0,0,0,0,2,0,0,2,1,0,0,0,0,0,2,0,1,0,0,0,0,1,0,1,0,0,0,0,0,0,0,0,0,2,0,0,1,0,0,0,0,0,0,0,1,0,0,0,1,0,1,0,0,0,0,1,0,0,0,0,0,0,2,2,0,0,2,0,0,0,1,0,0,2,2,0,0,0,0,0,0,0,0,1,0,0,0,0,0,0,1,2,0,1,1,3,0,0,0,0,1,0,0,0,1,0,0,0,0,0,0,0,1,0,0,0,0,0,0,0,2,0,0,0,2,0,0,1,1,0,0,0,1,0,1,2,0,0,0,0,0,0,1,0,1,1,1,0,0,0,0,0,0,0,0,1,0,0,0,0,0,0,0,0,0,0,0,0,0,0,0,0,1,0,0,1,0,0,0,0,0,0,0,0,0,0,0,0,0,0,1,1,0,0,0,0,0,0,0,0,2,0,0,0,0,0,1,1,0,0,0,0,1,1,0,2,0,0,0,0,0,0,0,0,0,1,0,0,0,0,0,0,0,0,0,0,0,0,0,0,0,0,0,1,0,0,0,0,0,0,0,1,0,0,0,0,0,0,0,0,0,2,0,0,0,0,0,0,0,0,0,0,0,1,0,0,0,0,0,0,0,1,2,0,0,0,0,0,0,0,1,1,1,0,0,0,0,1,0,0,1,0,0,0,1,0,0,0,0,0,0,0,0,0,1,1,2,0,0,0,0,1,1,1,0,0,0,0,0,0,0,0,1,0,0,0,0,1,0,1,0,1,0,1,0,0,1,0,0,1,0,0,0,0,1,0,0,0,0,0,0,1,0,0,0,0,1,1,0,0,0,0,0,1,0,0,0,0,0,0,0,4,0,0,0,0,0,0,1,0
GENE049,0,0,0,1,0,3,3,2,0,0,1,0,0,0,0,0,0,0,0,0,3,0,0,0,0,1,0,0,0,0,0,0,0,0,0,2,0,0,0,0,2,1,0,0,2,0,0,0,1,0,0,1,0,0,0,1,0,4,0,0,1,0,2,1,0,1,0,0,1,1,1,0,1,1,2,1,0,0,1,0,0,0,0,0,0,0,0,1,0,0,0,0,0,1,0,0,0,1,0,0,0,0,1,0,0,0,0,0,0,0,0,1,0,0,0,0,1,1,0,0,1,0,2,5,1,0,0,1,3,0,1,3,0,0,0,0,0,0,1,0,0,0,0,0,0,2,0,0,1,0,0,0,0,0,1,1,3,0,1,1,0,0,1,0,0,1,0,0,1,0,0,0,1,1,0,0,0,0,0,1,0,0,0,0,0,0,4,0,0,0,1,0,0,0,0,0,0,0,1,0,0,1,0,0,0,0,0,0,0,4,0,0,0,0,0,0,0,0,0,2,0,0,0,0,0,1,0,0,1,0,0,0,0,0,2,0,0,0,0,1,0,0,0,1,0,0,0,0,0,0,0,0,0,7,0,0,0,0,0,2,0,0,0,0,0,1,0,0,0,0,0,0,0,0,0,1,0,2,1,0,1,1,1,0,0,0,0,2,0,0,0,1,0,1,0,1,0,0,0,2,0,0,0,0,0,2,0,0,0,0,1,1,2,0,1,0,1,0,0,7,0,0,0,0,0,0,1,0,2,0,0,1,0,0,0,1,0,0,0,0,1,0,0,1,1,0,0,0,0,0,1,0,0,0,0,0,0,0,0,2,2,0,0,0,0,0,0,0,0,1,0,0,0,0,1,0,0,0,0,0,0,0,0,0,0,0,0,0,0,2,0,1,0,0,0,0,0,0,1,1,0,0,1,0,0,1,0,0,2,0,3,0,0,0,0,0,0,1,0,1,1,0,0,2,0,1,0,0,0,0,0,0,2,0,0,0,3,1,0,0,0,2,0,0,0,0,0,0,0,0,0,1,0,0,1,0,0,0,0,0,0,0,1,0,1,0,0,0,0,0,1,0,0,0,0,0,0,0,0,1,0,0,0,0,0,0,0,3,1,2,0,1,1,0,0,0,0,0,0,1,0,0,0,0,0,0,0,0,3,0,0,0,0,0,1,0,3,1,0,0,0,0,0,0,0,1,0,0,0,0,0,1,5,0,1,0,0,0,0,1,0,0,0,0,0,0,1,0,0,0,0,1,0,0,0,0,0,0,0,0,0,0,0,1,0,0,0,0,0,0,0,0,0,0,4,0,0,1,0,0,0,1,0,0,0,0,0,0,1,0,0,2,0,0,0,0,0,0,0,1
GENE050,0,2,0,0,0,0,0,0,0,0,0,1,0,2,0,2,0,0,0,0,0,0,0,0,1,1,1,1,0,0,1,0,0,4,0,0,0,1,0,0,2,0,0,2,1,0,0,0,1,0,0,0,0,0,0,0,0,0,2,0,0,2,0,0,0,0,0,0,0,0,0,0,0,0,0,0,0,0,1,0,0,1,0,2,0,0,0,0,0,0,0,0,0,0,0,0,0,0,0,0,0,0,0,0,0,0,1,0,0,3,0,0,0,0,0,2,1,0,0,0,0,0,0,0,0,0,0,2,0,0,0,0,0,0,0,2,1,0,0,0,1,0,0,0,0,0,3,0,0,0,0,0,0,0,0,0,0,0,0,0,0,0,0,0,0,1,0,0,0,1,0,2,1,0,0,0,1,0,0,1,0,0,4,0,0,0,2,0,0,0,0,0,0,0,0,0,0,0,0,0,0,0,0,0,0,0,2,0,0,2,0,1,0,0,0,1,2,0,1,0,0,2,2,0,0,1,2,4,0,0,0,0,0,1,2,0,0,0,0,0,0,5,0,0,2,1,1,0,0,1,0,1,0,0,0,1,0,0,0,3,0,0,0,1,0,1,0,1,0,3,0,0,0,0,0,0,0,1,1,1,0,0,2,0,0,0,0,0,0,1,0,1,0,0,1,0,0,0,0,0,0,0,0,0,2,0,0,0,1,1,0,0,0,0,0,1,0,0,0,0,1,0,0,0,0,0,1,2,0,0,0,0,0,0,0,0,0,0,0,0,0,0,0,0,0,0,0,0,0,0,3,2,0,0,0,0,0,0,0,0,0,0,0,0,0,0,0,0,0,0,0,0,0,0,0,0,0,0,0,0,1,1,1,0,0,0,0,0,3,0,0,1,0,0,1,2,1,0,0,0,0,0,0,0,0,0,0,1,0,0,1,0,0,0,0,0,0,0,0,0,0,0,2,0,0,0,0,0,0,0,0,0,5,1,0,0,0,0,1,1,0,0,0,1,1,1,1,0,0,0,0,0,1,0,0,0,0,1,0,0,0,0,0,1,0,0,0,0,1,0,0,0,1,1,0,0,0,2,0,0,0,0,0,0,1,2,0,0,0,0,0,0,0,0,0,0,0,0,0,0,0,0,1,0,1,0,0,0,0,0,0,0,0,1,0,0,0,0,1,0,0,0,0,0,0,1,0,1,0,1,0,1,0,0,0,0,0,1,0,0,1,1,0,1,0,0,1,0,1,0,0,0,3,0,0,0,4,0,0,0,0,0,1,1,0,0,0,0,4,0,0,1,1,0,0,0,0,0,0,0,0,0,0,0,2,0,0,1,0,1,0,0,0,0,0,0,0,2,0,0
GENE051,1,0,0,0,3,0,4,0,1,0,0,0,1,1,0,0,0,0,0,0,0,0,0,0,0,0,0,0,0,0,0,1,1,0,0,0,0,0,0,0,0,0,0,0,0,1,1,0,0,1,0,0,0,0,1,0,0,0,2,0,2,0,0,1,0,1,0,0,0,0,0,0,0,0,1,0,0,1,0,0,0,2,0,0,0,0,1,1,0,0,0,0,0,0,0,0,0,0,0,0,2,0,0,0,0,1,0,0,2,0,0,0,0,0,0,0,0,0,0,0,1,0,0,0,4,2,1,1,0,0,0,1,0,0,0,0,0,0,0,0,0,0,0,0,1,0,0,1,0,0,0,0,0,1,0,1,1,0,1,2,0,1,1,2,0,0,0,0,0,0,1,0,0,0,0,1,0,0,0,0,0,0,1,0,1,0,0,0,0,0,1,0,0,0,0,0,3,0,5,0,0,0,0,2,1,0,0,0,0,0,1,1,0,1,0,0,0,0,0,0,0,1,2,0,3,0,0,3,0,0,0,0,0,0,1,1,0,0,1,0,1,1,0,0,3,0,0,0,2,0,0,0,0,0,0,0,0,0,1,0,0,0,0,0,0,0,0,2,0,0,0,0,0,0,1,0,0,1,0,0,0,1,1,0,0,0,0,0,0,0,0,1,0,0,1,1,3,0,0,0,2,1,0,0,0,0,0,0,0,0,1,0,0,0,0,0,0,1,2,0,0,0,0,0,0,1,0,3,0,1,1,3,0,0,4,0,0,0,0,0,0,0,0,0,0,0,0,0,0,0,0,0,0,2,0,0,0,1,0,1,0,0,0,1,0,0,0,0,0,0,0,1,0,0,0,1,0,2,2,1,2,0,0,0,2,0,1,0,2,0,0,0,0,0,1,3,1,0,0,0,0,0,0,3,0,0,0,0,0,0,0,0,0,0,0,0,0,1,0,1,0,0,0,0,0,0,0,0,1,0,0,0,0,0,0,0,0,0,0,0,1,0,0,0,0,0,3,0,0,0,0,0,0,0,0,0,0,0,0,0,0,0,0,1,0,1,1,1,1,0,1,0,0,0,0,0,0,0,0,1,0,1,0,0,0,0,0,0,0,1,2,1,6,0,0,0,1,0,0,2,0,0,0,2,0,2,0,0,0,0,1,5,0,0,0,0,0,0,0,1,0,0,0,0,1,0,1,0,0,0,0,0,0,1,1,0,0,1,0,2,1,1,0,0,1,0,0,0,3,0,0,0,0,1,1,0,0,1,0,0,0,1,1,0,0,0,0,0,0,0,0,0,0,0,0,0,2,0,0,0,0,0,0,0,0,0,0,0,0,0,0,0,0,0,0,0,0,0,0,0
GENE052,0,0,0,1,0,2,0,0,0,1,0,2,1,0,0,1,0,1,0,0,0,0,0,0,0,1,0,1,0,0,0,1,0,0,0,1,1,0,0,0,1,0,0,0,0,0,0,0,0,4,0,0,0,1,0,0,0,0,0,0,0,0,0,0,0,0,0,0,0,0,0,0,0,4,0,0,0,3,0,2,0,0,0,0,0,0,1,0,0,0,0,0,0,0,0,0,0,0,0,0,0,0,0,0,1,0,0,0,0,0,0,0,0,0,0,0,0,3,0,1,0,0,0,0,1,0,0,1,0,0,0,0,2,0,0,0,0,0,0,0,1,0,0,1,2,0,0,0,1,0,0,0,0,0,0,2,0,2,1,0,1,0,0,1,1,0,1,0,0,1,0,0,0,0,0,0,0,1,0,0,0,2,1,0,0,0,5,0,0,0,0,0,0,0,0,2,0,0,0,0,0,0,0,0,0,1,0,0,1,3,0,0,0,0,0,1,1,0,0,3,1,2,0,1,1,1,1,0,0,0,0,1,0,0,0,1,1,0,0,1,0,0,0,0,0,0,0,0,0,0,0,0,0,0,0,1,0,0,0,1,0,0,0,0,0,0,0,0,2,0,0,0,2,0,0,0,1,0,0,0,0,2,0,0,0,2,0,0,1,1,0,0,0,0,0,0,0,0,1,1,0,0,1,1,0,0,0,0,2,0,3,0,0,0,0,0,1,0,0,0,0,0,0,0,0,0,0,0,0,0,3,1,0,0,0,0,0,0,0,1,0,0,0,0,2,0,0,0,1,0,0,1,0,0,0,0,0,0,0,0,0,0,0,0,1,1,0,0,1,0,0,0,0,0,1,1,0,0,3,3,0,2,2,2,0,0,0,3,2,2,1,0,0,0,0,0,0,0,0,0,0,0,1,0,0,0,0,0,0,2,0,0,0,0,1,0,0,0,1,4,0,0,0,0,1,0,0,0,0,0,0,1,0,0,0,0,0,0,1,0,0,0,0,1,0,2,0,0,0,1,0,0,1,0,0,1,0,0,0,0,0,1,0,0,0,0,1,0,1,0,0,1,1,1,0,2,1,0,0,0,1,0,2,0,0,0,0,2,0,1,0,0,0,1,0,0,2,0,0,1,0,1,0,0,0,0,0,1,0,0,1,0,0,1,0,0,0,0,1,0,0,0,0,0,0,0,0,0,0,0,2,0,1,1,0,0,0,1,0,0,0,0,0,0,0,0,0,0,0,1,1,0,0,0,0,0,0,0,0,0,1,0,3,1,0,0,0,0,0,0,0,0,0,0,0,0,0,0,0,3,1,1,0,0,1,0,1,0,0,0,0,0,0,0,0,0,0,0,0,0
GENE053,0,0,0,0,3,0,2,1,0,0,0,1,2,0,3,0,1,1,3,0,0,0,0,0,0,0,0,0,0,0,1,0,0,0,0,2,0,0,0,0,0,0,0,0,1,0,0,0,1,1,0,0,0,0,0,0,0,0,0,0,0,0,0,0,0,5,2,0,0,0,0,0,0,2,1,2,0,1,1,1,1,1,0,0,6,0,0,1,0,0,0,1,0,0,0,2,0,0,0,4,0,1,0,0,0,0,0,0,0,0,0,0,0,0,0,0,0,2,0,1,0,0,0,0,0,0,1,0,0,0,3,0,0,0,2,0,0,0,1,0,0,0,1,0,1,1,0,0,0,0,0,0,0,0,1,0,0,3,0,0,1,0,1,0,0,1,0,0,0,0,0,1,0,1,0,0,0,2,0,0,0,0,0,0,1,0,0,0,0,1,0,0,0,0,0,1,1,0,1,0,0,0,0,0,0,1,0,0,0,0,0,0,0,1,3,2,1,1,1,0,0,1,0,0,0,2,0,1,0,0,0,1,0,0,0,0,1,0,0,0,0,0,0,0,0,0,0,0,1,0,0,0,0,0,0,0,0,0,1,0,0,0,0,0,2,1,0,0,1,1,1,1,0,0,0,0,0,0,2,1,3,1,0,0,1,0,0,0,0,0,2,0,0,1,0,1,0,0,0,0,0,1,0,0,0,1,3,1,0,0,0,0,0,1,0,0,0,1,0,0,0,0,0,0,0,0,0,2,1,1,1,0,1,0,0,1,1,2,0,0,0,0,0,1,0,0,0,0,0,0,0,1,1,0,2,0,0,0,1,0,0,0,1,0,0,0,0,0,0,0,0,0,0,0,0,0,0,0,0,1,1,0,1,2,0,0,0,0,1,1,0,1,0,0,0,0,0,0,1,0,0,0,1,0,0,0,0,0,0,0,1,0,1,0,1,0,0,0,0,0,1,0,0,0,0,0,0,1,0,0,0,0,0,0,0,1,0,0,0,2,0,0,0,0,1,0,0,0,0,0,0,0,0,0,0,0,1,0,0,0,0,1,0,0,0,2,0,0,0,0,0,0,0,0,0,0,0,0,0,0,0,0,0,0,0,1,0,0,1,0,0,0,0,0,0,1,0,0,0,0,1,2,0,0,1,0,0,0,0,0,0,0,2,0,0,0,0,0,0,0,0,1,0,1,0,0,2,0,0,1,0,0,0,0,0,1,1,1,0,1,0,1,0,0,0,0,0,1,0,0,0,3,0,0,1,0,0,1,0,0,0,0,0,0,1,0,0,0,0,0,0,0,0,0,0,0,0,1,0,1,0,1,0,0,0,0,0,0,1,0,0,0,1,0,1,0,0,0,1,0
GENE054,1,0,0,1,0,0,0,0,0,3,0,1,0,0,0,1,0,1,0,0,2,0,0,0,1,0,0,0,2,0,0,0,0,0,0,0,0,0,0,0,0,0,0,0,0,0,1,1,2,0,0,0,0,1,0,0,0,0,0,0,2,1,0,0,0,0,0,0,0,0,0,3,0,2,0,1,0,0,1,2,0,1,0,0,0,0,0,1,2,0,0,0,0,0,0,0,0,0,0,0,0,0,0,1,0,0,0,0,0,3,0,0,0,0,0,0,0,1,0,0,0,0,0,0,1,0,0,0,1,0,0,0,0,1,1,0,0,0,0,0,0,0,1,1,0,1,0,0,0,0,1,0,0,1,0,0,0,0,1,2,0,0,0,1,0,0,0,0,0,0,0,0,2,0,0,1,0,0,0,0,1,2,0,0,0,0,0,2,0,0,1,0,0,0,0,0,0,0,0,1,0,2,0,0,3,0,0,1,0,5,0,0,0,0,0,1,1,0,0,0,1,0,0,0,0,3,0,0,0,0,0,0,0,2,0,0,0,0,1,0,0,0,0,0,0,0,0,0,0,1,0,0,0,1,1,2,1,0,0,0,1,0,0,0,0,0,0,0,0,0,0,0,1,2,0,0,0,1,0,0,0,0,0,0,0,1,3,1,0,1,1,3,2,0,1,1,2,0,0,0,0,1,0,0,0,1,1,0,2,1,0,0,1,0,0,0,2,0,3,2,0,0,0,1,0,0,0,0,0,0,1,0,0,0,0,0,0,0,0,0,0,0,0,0,0,0,0,0,0,0,1,0,0,0,0,2,2,2,0,0,0,0,0,0,0,1,0,0,0,0,0,1,0,0,0,1,0,0,0,0,0,1,1,3,0,1,0,0,0,0,1,1,0,4,2,0,0,0,0,0,0,1,0,0,0,1,0,1,0,0,1,1,2,0,0,0,0,0,0,0,0,0,1,0,0,0,0,0,0,0,1,1,1,1,0,0,0,0,0,2,0,0,0,0,1,1,1,0,0,0,0,0,0,0,0,0,1,2,2,0,0,0,0,0,0,0,0,0,1,0,2,0,0,0,1,1,0,0,0,1,1,0,0,1,0,0,0,1,0,0,0,0,0,2,0,0,0,3,0,1,0,0,0,0,2,0,0,0,0,0,1,2,0,1,1,0,0,0,1,0,0,0,0,0,0,2,0,0,0,0,1,0,0,0,0,0,0,0,2,1,0,0,0,0,0,1,1,1,0,0,0,1,0,0,0,1,0,1,0,0,0,0,0,0,0,0,0,0,0,0,0,0,1,0,0,0,0,0,0,0,0,0,1,1,0,1,0,0,1,0,0,0,0,0,0,0,0,1,0,0
GENE055,0,0,0,3,0,1,0,0,2,0,0,0,0,0,0,0,0,0,0,0,0,0,0,6,0,1,0,0,0,0,0,0,0,0,0,1,0,0,0,0,0,0,0,3,1,0,1,0,0,0,1,0,0,0,0,0,0,2,0,0,0,0,0,0,0,1,0,0,0,0,1,0,0,0,0,1,0,1,1,0,0,1,0,0,0,0,0,2,0,0,1,0,0,1,0,1,0,0,1,2,0,1,0,1,0,2,0,0,0,0,0,0,0,0,1,0,0,0,0,0,1,4,0,0,1,0,1,1,0,0,0,0,1,0,0,1,0,0,0,1,0,0,0,0,0,0,0,0,1,3,0,1,0,0,3,0,1,1,1,0,0,1,0,1,0,0,0,0,0,0,1,0,0,0,0,0,0,0,1,0,0,0,0,2,0,2,0,0,0,0,0,0,0,1,0,0,0,1,2,0,0,0,0,2,0,0,0,0,1,3,0,0,2,2,0,5,0,0,0,2,0,0,1,0,3,0,1,0,0,1,0,0,0,0,1,0,1,1,0,1,1,0,3,0,0,0,0,1,4,0,0,0,0,0,0,0,4,0,1,1,0,0,0,0,1,0,0,0,0,0,0,0,1,2,0,0,0,0,0,0,0,0,0,0,1,1,0,0,0,0,0,0,0,0,0,0,0,0,0,1,1,1,1,2,0,0,0,0,0,0,0,0,0,0,0,0,0,0,1,0,0,0,1,0,1,2,0,1,1,0,0,1,0,1,1,0,0,0,0,1,0,0,0,0,0,0,0,0,0,0,0,0,0,2,0,0,0,0,0,0,1,2,0,0,1,1,0,0,0,1,0,0,0,0,0,0,0,0,0,0,0,1,0,1,0,0,0,1,0,1,2,0,0,0,0,0,0,0,1,0,1,0,1,0,0,0,1,0,0,0,0,0,0,0,0,0,0,0,0,0,0,0,1,2,0,0,0,0,1,2,2,1,1,1,2,0,0,0,0,0,0,2,0,0,0,0,0,0,0,0,0,0,0,0,0,0,0,1,0,0,0,0,0,0,0,0,0,0,1,0,2,0,0,0,0,0,2,2,1,0,2,0,0,0,0,0,0,1,0,0,0,1,0,1,0,0,0,0,0,0,0,0,0,1,0,0,1,0,0,1,0,0,0,0,1,0,1,0,1,1,1,2,0,0,0,1,0,1,1,0,0,0,0,0,0,0,0,0,0,0,0,1,0,0,0,0,2,0,2,0,1,1,0,0,0,0,1,0,0,0,2,0,0,0,1,0,0,0,2,1,0,0,0,0,1,1,0,2,1,0,0,2,0,0,1,1,1,0,0,0,0,0,2,0,0,0,0,0,0,1
GENE056,0,1,0,0,0,1,0,1,0,0,0,0,1,0,0,0,0,0,0,0,0,0,0,2,0,0,1,1,0,0,0,1,0,4,0,0,0,1,2,0,3,0,0,0,4,0,0,0,2,0,0,1,0,0,1,0,0,0,0,0,0,0,2,3,1,0,1,0,0,0,0,0,0,0,0,0,1,0,0,2,0,1,0,0,1,0,0,0,1,1,0,0,0,0,0,0,0,1,0,0,0,0,0,0,0,0,0,0,2,0,0,0,0,0,0,0,0,0,0,0,1,0,1,0,0,0,0,0,0,0,0,0,1,1,5,0,0,0,1,0,1,0,0,0,0,0,0,1,1,1,0,0,0,0,1,0,0,4,0,0,0,0,0,1,1,0,0,0,0,0,0,1,0,0,0,0,0,3,0,0,0,0,0,0,0,1,1,0,0,1,0,0,1,1,2,0,0,0,0,0,0,0,0,0,0,0,1,0,1,1,0,0,2,0,0,0,0,0,0,0,0,1,0,1,0,0,0,0,0,0,0,1,1,0,1,1,1,0,1,0,2,0,1,1,0,0,0,0,2,0,0,0,0,0,0,0,1,0,0,0,3,0,0,0,0,0,0,0,1,0,3,0,0,0,0,0,0,0,0,0,1,2,0,0,0,0,0,1,0,0,0,0,0,2,0,0,0,1,1,0,0,0,0,0,0,0,0,0,0,1,0,0,0,0,0,0,0,0,0,0,0,1,0,1,0,1,3,0,0,2,1,1,1,0,0,0,0,0,0,1,0,1,0,0,0,1,0,1,0,0,0,0,0,1,0,0,2,1,0,0,1,0,0,0,0,0,0,0,3,0,0,0,0,0,0,0,0,0,0,1,0,0,1,0,0,0,0,1,2,0,0,2,0,0,0,0,2,0,0,0,0,0,0,1,1,0,0,0,1,0,1,1,0,0,1,0,2,2,1,0,0,1,2,0,2,0,0,0,2,0,0,0,0,1,0,1,0,0,0,1,0,2,0,0,0,0,0,0,0,0,1,0,0,1,1,0,0,0,0,0,0,2,0,0,0,3,0,1,0,0,0,0,0,0,0,0,0,0,3,0,0,0,0,0,0,0,0,0,0,0,0,0,2,0,0,1,1,0,1,0,2,0,0,0,0,0,9,0,1,0,0,0,0,0,0,0,0,0,0,1,1,1,0,2,0,0,0,1,0,0,0,0,1,0,0,0,0,0,0,0,0,2,1,0,0,0,1,3,0,0,1,0,0,0,0,0,2,0,0,0,0,0,0,0,0,1,0,0,0,0,0,0,0,1,0,0,0,1,2,0,0,3,0,1,0,1,2,2,0,1,1,0,1,0,0,0,0,0,0,0
GENE057,0,1,2,0,0,0,0,0,0,0,0,0,0,0,0,0,0,0,1,1,0,1,0,1,1,0,0,0,0,0,0,0,4,1,0,0,0,0,0,0,0,0,0,1,0,1,0,0,2,0,1,0,0,0,0,0,0,0,0,0,0,7,0,0,0,2,0,0,0,0,1,0,2,1,0,0,0,0,0,0,0,0,2,1,1,0,2,1,0,0,0,0,0,0,0,2,0,0,1,0,0,1,0,0,1,0,0,0,0,0,1,1,1,0,1,1,0,1,0,0,0,0,0,1,0,1,0,0,0,0,0,0,1,0,0,0,2,0,0,3,0,0,0,1,0,2,0,0,0,0,1,1,0,0,0,0,0,0,0,0,0,1,0,1,0,1,1,1,1,0,0,0,0,1,0,0,0,0,0,1,1,0,2,0,0,0,1,2,0,0,0,1,0,0,0,1,0,0,0,1,0,0,0,1,0,0,0,0,0,1,0,0,0,0,0,0,0,1,1,0,0,0,0,1,0,0,1,0,0,0,0,0,0,0,0,0,0,0,2,0,0,0,0,0,0,1,1,0,0,3,0,2,0,0,0,2,3,0,1,0,1,0,0,0,0,0,0,2,0,2,1,0,0,0,0,2,0,1,0,0,0,0,0,0,0,0,0,0,1,0,1,0,0,1,0,0,0,0,0,0,1,0,0,0,0,0,0,0,0,0,1,1,0,0,0,0,0,0,1,0,1,0,0,2,0,0,0,0,0,0,0,0,0,1,0,0,3,0,0,0,0,0,1,1,0,0,0,0,1,0,0,0,0,0,1,1,0,0,0,0,0,1,0,0,0,0,0,0,0,0,0,1,0,0,0,0,0,1,1,0,1,3,0,0,1,0,1,1,1,0,1,0,0,0,1,1,0,1,0,0,0,0,0,0,0,0,3,0,0,0,0,0,0,0,0,0,0,0,0,0,1,0,0,0,2,0,0,0,0,0,0,0,0,1,0,1,0,2,0,0,0,0,0,1,0,0,0,0,0,0,3,0,0,0,0,0,0,0,0,0,0,0,0,0,0,0,0,0,0,0,0,0,0,0,0,0,0,0,0,0,0,0,0,0,0,0,0,1,1,1,0,1,0,0,0,1,0,2,1,0,1,1,0,1,0,0,4,2,0,0,0,0,0,0,0,0,0,5,0,0,0,0,0,0,0,5,1,0,2,1,0,0,0,0,0,0,0,0,0,0,0,0,0,2,1,0,0,2,0,0,0,0,0,1,0,0,1,0,0,0,0,0,1,2,0,0,0,0,0,0,0,0,0,0,1,0,0,0,0,0,0,0,0,0,0,0,0,0,0,0,0,1,2,0,1,1,0,2,0,0
GENE058,0,0,0,0,0,0,0,0,0,0,0,1,0,0,1,1,0,0,0,0,2,4,0,0,0,1,0,0,0,0,1,0,0,0,0,1,0,2,0,0,0,0,1,0,1,0,1,0,0,0,0,0,0,1,1,5,0,1,0,0,1,3,0,0,0,0,0,1,0,3,0,0,0,0,0,0,1,0,1,1,0,0,2,0,1,1,1,0,0,1,0,0,0,0,1,0,0,0,2,0,0,1,0,0,1,2,0,0,1,0,0,1,0,1,1,0,0,0,2,0,0,0,0,0,0,0,0,0,0,0,0,0,0,0,0,0,1,0,0,3,0,0,0,0,0,0,0,0,1,0,0,0,0,2,1,2,0,0,0,1,0,0,1,1,0,1,0,0,0,1,0,2,0,0,0,0,0,0,0,0,0,0,0,1,0,0,0,1,1,0,0,0,0,0,1,0,0,0,0,0,2,2,2,0,1,0,0,0,2,3,0,0,0,0,1,0,0,0,0,0,0,0,0,2,0,0,0,1,0,0,0,0,0,0,0,3,2,0,0,0,1,0,0,0,0,0,0,1,0,0,0,0,2,0,1,1,0,0,0,0,0,0,0,0,0,0,0,1,0,0,0,0,0,0,1,0,0,2,0,0,1,0,0,0,0,0,0,2,0,0,0,0,0,1,0,0,0,1,0,1,0,0,0,2,0,0,0,0,0,0,0,2,0,0,1,1,0,0,0,1,1,1,0,0,0,0,0,0,0,1,0,0,0,0,0,0,1,3,0,0,0,0,0,1,0,0,0,0,0,1,0,1,2,0,0,0,0,0,0,0,2,0,0,1,1,0,0,0,0,0,0,0,0,0,0,1,0,0,0,0,2,1,0,0,0,0,0,4,1,0,0,0,0,0,2,0,0,0,0,0,1,1,0,0,0,3,0,1,0,0,1,0,0,0,0,0,0,0,0,0,0,0,1,0,0,2,0,0,0,0,2,0,2,0,0,0,0,0,4,0,0,0,0,0,0,0,0,0,0,1,0,0,0,0,0,1,0,0,0,0,1,0,0,0,1,1,1,0,0,0,0,0,0,0,1,0,0,1,0,0,0,4,1,0,0,0,0,0,0,4,0,0,0,3,0,8,1,0,0,1,0,0,0,0,0,0,2,0,0,0,1,0,0,0,1,0,0,0,2,0,0,2,1,0,0,1,0,0,0,0,0,0,1,0,1,0,0,0,1,0,0,0,1,0,1,0,0,0,1,0,0,0,0,0,0,0,0,0,0,0,0,0,0,0,1,0,0,0,0,0,0,0,0,1,2,1,0,0,0,0,0,0,0,1,0,0,0,0,0,0,1,0,0,2,0,0,4,0,0,1
GENE059,0,0,0,1,0,0,0,0,0,0,0,0,0,1,0,0,0,0,3,0,0,1,0,0,0,1,0,1,0,0,0,0,0,0,0,0,0,0,0,0,0,2,0,0,0,0,0,0,0,0,0,3,0,4,0,1,0,0,1,0,0,1,0,0,0,0,0,0,0,0,0,1,2,0,3,1,1,1,0,2,0,0,0,0,0,0,0,0,0,0,0,0,0,0,1,0,0,0,0,0,0,0,0,0,0,0,0,1,1,0,0,1,0,0,1,0,1,2,0,0,0,0,2,1,0,2,0,0,0,1,0,2,0,1,0,0,0,0,0,0,3,2,0,0,0,0,1,0,0,0,0,1,1,2,0,1,0,0,0,0,0,0,0,2,0,0,0,0,0,0,0,1,0,0,0,1,1,0,0,1,0,0,2,0,0,0,2,0,0,0,0,1,1,0,0,0,0,0,0,0,0,0,0,0,0,0,1,0,1,0,0,0,1,0,1,1,0,0,0,2,0,0,0,0,0,0,2,0,0,0,0,0,1,0,0,1,0,0,3,0,0,0,0,0,0,1,1,0,0,0,0,0,0,2,0,0,0,0,0,0,0,1,0,1,3,0,0,1,0,1,1,0,0,0,0,0,0,0,1,2,5,0,0,0,0,0,0,0,0,0,0,0,0,2,0,0,1,0,1,0,2,0,0,0,2,0,0,0,1,0,1,1,0,0,0,0,0,0,1,0,0,0,0,1,0,0,0,0,0,0,0,5,0,1,0,0,0,0,0,1,0,0,0,0,1,0,0,0,0,0,0,1,0,1,0,0,0,2,1,1,0,0,0,1,0,0,0,1,0,0,0,0,0,1,0,0,1,1,0,0,2,0,0,1,0,0,0,0,0,0,0,0,0,0,0,6,0,0,0,1,0,0,1,1,0,0,1,0,0,2,0,1,0,0,0,0,0,0,0,0,1,0,0,0,0,0,0,0,0,0,0,0,0,0,0,0,0,0,0,0,0,0,0,0,0,0,1,0,3,1,0,0,0,0,0,1,2,1,0,0,1,0,0,0,0,0,0,0,0,0,0,0,0,0,0,0,0,0,0,0,0,0,0,1,0,4,1,0,0,0,0,1,0,0,0,0,0,0,1,0,0,0,0,0,0,0,0,0,0,1,0,1,1,0,0,0,0,0,0,0,0,7,0,1,0,0,0,2,0,0,0,0,1,0,0,0,0,0,0,0,0,0,0,0,0,0,0,1,0,0,0,0,0,0,0,2,0,0,0,0,0,0,0,0,0,0,0,0,0,1,0,0,0,0,0,0,0,0,0,1,0,5,0,1,0,0,4,0,0,0,0,1,0,2,0,0,0,1,0,0
GENE060,0,1,1,0,0,0,0,0,0,0,0,0,0,0,1,0,0,0,0,0,0,0,0,0,0,0,0,0,0,0,1,0,0,0,0,0,0,0,2,0,1,0,0,1,1,0,0,0,2,3,1,0,2,0,0,2,0,2,0,0,3,0,0,0,0,0,0,0,0,0,0,0,0,0,0,1,0,0,0,0,0,2,0,0,0,0,1,2,0,1,0,0,0,0,0,0,0,0,0,0,0,0,0,0,1,0,0,2,0,0,2,0,0,0,1,0,1,0,0,0,1,0,1,0,0,0,0,1,0,0,1,0,0,0,0,0,0,0,0,0,0,1,0,1,1,0,1,0,0,0,0,0,0,0,0,0,0,0,0,1,0,0,5,0,0,3,0,1,0,0,0,0,1,0,0,0,0,0,1,0,0,0,0,0,0,0,0,0,1,0,0,1,0,0,1,1,1,0,0,0,1,0,0,1,0,1,0,1,0,1,0,0,1,0,0,5,0,0,1,0,0,0,2,0,0,1,0,0,2,0,0,0,0,0,0,0,1,0,0,1,0,0,1,0,0,0,0,0,0,0,3,0,2,1,0,0,0,0,3,0,0,0,2,0,0,3,0,0,0,0,1,0,1,0,3,2,0,2,0,0,0,0,0,0,3,0,0,0,0,0,0,1,0,0,0,0,1,0,0,0,0,0,1,0,2,0,0,1,0,0,0,0,0,1,2,0,0,0,1,0,0,1,0,0,1,0,1,1,0,0,0,0,0,0,0,0,0,0,0,0,0,0,1,0,0,0,1,0,3,0,0,1,0,1,0,0,0,1,1,0,0,0,0,0,0,1,2,0,0,0,0,0,0,1,1,0,1,0,0,0,2,0,0,0,0,1,0,0,0,2,0,0,0,0,0,1,0,0,0,1,0,0,0,0,0,1,1,0,0,0,0,0,1,0,0,1,0,0,0,3,0,0,0,0,0,0,0,0,0,0,0,0,0,0,0,1,0,0,0,0,0,0,0,1,0,0,2,1,0,0,0,0,0,0,0,0,0,0,1,1,0,1,1,0,1,0,0,0,0,0,0,0,0,0,1,1,1,0,0,0,0,0,0,0,0,0,0,0,0,0,0,2,0,1,0,0,0,0,0,0,0,0,0,0,0,1,1,0,0,0,1,1,1,0,0,0,0,0,1,0,0,0,0,2,1,0,0,1,0,0,0,3,0,1,0,0,1,0,1,1,2,0,0,0,0,1,0,0,0,1,0,0,1,0,0,2,0,1,0,0,0,0,0,0,0,2,0,0,0,0,0,1,0,0,1,0,1,0,0,0,0,0,0,0,1,0,0,2,0,0,0,0,0,1,2,0,0,0,2,1
GENE061,0,0,0,1,0,0,0,0,0,0,0,0,1,2,2,1,0,0,0,0,0,2,0,0,1,0,0,1,0,0,2,0,0,0,0,0,0,0,2,0,1,1,0,0,0,0,0,0,0,0,0,2,1,1,0,0,0,0,0,0,0,0,0,0,0,1,0,0,0,0,0,2,0,0,1,0,0,0,0,1,0,0,0,0,1,0,1,0,1,0,0,2,0,0,0,0,2,0,2,1,0,0,0,0,0,0,0,0,0,0,0,0,0,0,0,0,0,0,0,0,1,0,0,0,0,0,1,2,1,1,0,0,0,0,0,0,0,2,0,1,1,0,0,1,0,0,0,0,0,0,0,0,0,0,2,1,0,0,0,0,0,0,2,0,1,1,1,0,0,0,0,0,0,0,0,0,0,1,0,1,0,0,0,0,1,0,0,1,4,1,0,0,0,0,0,0,0,0,2,0,1,0,0,0,0,0,0,0,0,0,0,0,0,0,0,0,0,3,0,0,1,1,0,0,0,0,0,0,1,0,0,0,0,1,0,0,1,0,0,1,0,0,1,0,0,2,0,0,0,1,0,1,0,0,0,0,0,0,0,0,0,0,0,0,0,0,0,1,0,0,0,0,0,1,1,0,1,0,0,1,0,0,0,0,1,0,0,0,0,0,0,0,0,0,0,0,1,0,0,1,1,0,0,0,1,0,1,0,0,0,1,0,0,0,0,0,0,0,2,1,0,1,0,0,0,0,0,0,0,0,1,0,1,0,0,0,1,0,0,1,0,1,0,2,0,1,0,0,0,0,0,2,0,1,0,0,0,0,0,0,0,0,0,0,1,4,0,0,0,0,0,0,0,0,0,0,0,0,0,0,1,0,2,1,0,0,0,0,3,0,0,0,0,0,3,0,0,0,0,0,0,0,0,3,0,1,1,0,1,0,0,1,0,0,2,0,0,0,1,0,0,0,0,0,0,0,1,0,0,0,0,0,0,0,0,0,0,4,0,2,0,0,0,0,0,0,0,0,0,0,3,2,0,1,0,0,1,0,1,1,0,0,0,0,0,0,0,0,0,0,1,0,0,0,2,0,0,5,0,2,0,1,2,1,0,1,0,0,1,0,0,0,1,1,0,1,0,1,0,0,0,0,1,0,0,0,0,0,0,0,0,2,0,0,0,2,0,0,0,0,0,0,0,1,0,0,1,0,0,0,0,0,2,0,0,0,4,0,1,1,0,3,0,0,0,0,0,0,0,3,0,1,0,0,0,0,0,0,0,0,0,0,0,0,0,1,0,0,2,3,3,0,0,0,0,0,1,0,0,0,1,0,0,0,0,0,2,0,2,0,0,0,2,1,2,0,2,0,1,1
GENE062,0,0,0,0,0,0,0,0,0,1,0,0,0,1,2,0,1,0,1,0,0,1,0,0,0,0,1,0,0,1,0,0,0,0,0,2,0,1,0,0,0,2,0,0,0,0,0,0,0,1,0,0,0,0,0,0,0,0,0,0,0,1,0,0,0,0,0,0,0,0,0,0,0,2,3,0,0,2,0,0,0,0,0,1,0,0,1,0,0,0,0,0,0,0,0,2,0,0,0,1,1,0,0,0,1,1,0,0,0,0,0,0,1,0,0,0,0,0,0,0,0,0,0,0,0,0,0,0,0,0,2,0,0,0,0,1,0,1,0,0,0,0,0,0,0,0,0,0,1,0,0,0,0,0,0,2,1,0,0,0,0,0,0,0,2,0,0,2,0,0,0,0,0,0,0,0,0,0,0,0,0,2,1,0,0,1,0,0,0,0,0,3,2,0,0,1,1,0,0,0,0,0,2,0,0,0,0,1,0,0,0,0,2,0,0,0,0,2,0,0,0,2,0,0,2,0,0,0,0,0,0,0,1,0,0,0,0,0,2,0,1,0,0,1,0,0,0,0,0,0,0,0,1,1,0,0,0,0,0,0,1,0,0,0,1,2,0,0,0,0,0,0,1,0,1,2,1,1,0,0,0,0,0,0,0,4,0,0,0,0,0,0,0,0,1,2,0,1,0,0,2,0,1,1,0,1,0,0,1,0,0,0,0,0,0,0,0,0,0,0,0,0,0,0,0,1,0,0,0,0,0,1,2,0,0,1,0,1,0,0,1,1,1,0,0,0,0,0,0,0,0,0,0,0,0,0,0,0,0,0,0,0,1,0,1,0,0,0,0,0,0,0,0,0,1,0,0,1,1,1,0,1,0,0,0,0,0,0,0,0,2,0,0,0,0,1,0,0,0,0,0,1,0,0,0,2,0,0,0,0,0,0,0,1,0,0,0,0,0,0,0,0,1,0,0,0,0,0,0,1,0,0,0,0,5,0,0,0,0,0,0,0,1,0,0,0,0,0,0,0,0,1,0,0,0,0,0,0,0,0,1,0,0,0,0,0,0,0,0,0,0,0,0,1,0,0,0,0,0,0,1,0,1,4,0,0,0,0,0,0,0,1,0,2,2,1,0,0,1,1,0,0,0,0,0,0,3,0,1,0,1,0,0,0,0,0,0,0,1,0,0,0,0,0,2,1,0,0,1,0,2,0,0,0,0,0,1,0,0,0,0,1,0,0,0,1,0,0,0,0,0,1,0,0,0,0,0,0,0,0,0,0,0,1,0,1,0,0,0,1,1,0,0,2,0,3,0,0,0,0,1,0,0,1,1,0,0,1,0,0,0,1,0,0,1,0,0,0,1,0
GENE063,0,0,0,2,0,0,1,0,0,1,0,0,0,0,0,1,0,0,1,0,0,1,0,0,0,1,0,0,0,0,1,1,0,1,0,0,4,0,0,0,0,0,0,1,0,0,1,2,0,0,0,0,0,0,0,0,0,0,0,1,1,0,0,0,1,0,0,0,0,0,0,0,0,0,0,1,0,0,1,2,0,1,0,0,0,0,1,0,0,0,0,0,0,0,1,0,0,0,0,1,0,0,0,0,1,0,0,0,0,1,1,0,0,0,1,0,0,0,0,0,0,0,0,3,0,0,1,1,0,0,0,0,0,0,1,0,0,1,0,0,1,2,1,0,0,0,0,0,0,0,0,0,2,1,3,3,1,0,0,0,0,0,0,0,0,0,0,0,1,0,2,0,0,0,0,0,1,0,0,1,0,0,0,0,0,0,0,0,2,0,0,0,0,0,0,1,0,0,0,0,2,1,0,0,0,0,0,2,0,0,0,0,0,0,0,1,0,0,1,0,2,0,0,0,1,0,1,0,1,0,0,0,0,0,0,0,0,0,0,0,0,0,0,0,1,0,0,0,0,3,2,0,0,0,0,0,0,0,0,0,0,0,0,0,1,0,0,0,0,0,2,0,0,0,0,0,0,0,0,1,1,0,0,0,0,1,1,1,0,0,0,1,0,1,0,0,1,0,0,0,0,0,0,0,1,0,0,1,0,0,1,1,1,2,0,0,0,0,1,1,0,0,0,1,0,1,1,0,0,1,0,0,0,0,0,0,0,1,0,0,0,0,0,0,0,0,0,0,3,0,0,0,0,2,0,0,0,0,0,0,1,0,0,0,0,5,0,0,0,0,0,0,0,0,1,1,0,0,0,0,0,1,0,0,1,0,0,0,0,2,0,0,0,0,0,0,0,0,0,2,1,1,0,0,0,0,0,0,0,0,2,0,0,0,0,0,1,1,0,5,0,0,1,0,1,0,0,0,0,1,0,0,1,0,0,0,0,0,2,0,0,0,0,0,5,2,0,0,0,0,0,0,3,0,0,1,1,2,0,0,0,0,0,0,0,0,1,0,0,0,0,0,0,0,1,4,0,0,0,0,1,0,0,0,0,0,0,0,1,0,0,0,0,0,0,0,0,2,0,0,0,0,0,0,0,0,0,0,0,1,2,1,0,0,0,2,0,0,0,0,0,0,0,1,0,0,1,0,0,0,0,0,1,1,0,0,0,1,0,0,0,6,0,1,0,0,0,2,0,1,0,1,1,0,0,0,0,1,0,0,0,0,0,0,0,0,0,0,0,1,0,0,0,0,0,0,0,0,0,1,0,0,0,1,0,0,0,0,0,0,0,0,0,2,1,0,0,0,0,4
GENE064,2,1,1,0,2,0,0,0,0,0,1,1,0,0,2,0,1,0,0,0,0,0,0,0,0,0,0,1,0,0,1,0,1,1,0,0,1,0,1,0,0,0,0,0,0,0,0,0,0,0,0,0,0,0,0,0,0,3,0,0,0,0,0,0,0,0,0,0,0,0,0,0,2,0,0,0,0,2,1,0,0,1,0,0,0,0,0,0,0,1,0,0,0,0,0,0,0,0,0,0,0,0,1,0,0,0,3,2,0,0,0,0,0,0,0,0,0,0,3,0,0,0,0,0,0,0,0,3,2,0,0,0,0,0,0,0,0,0,0,0,0,0,1,0,0,1,1,0,0,0,0,0,0,0,0,1,0,0,0,2,0,0,1,0,0,0,0,0,0,0,0,0,1,0,0,0,1,0,0,1,0,0,0,0,1,0,0,0,0,0,0,0,0,0,0,0,0,5,0,0,1,0,0,0,2,0,0,0,0,1,0,0,0,0,0,0,3,0,2,2,0,0,0,0,0,1,0,0,0,2,0,2,0,0,0,0,4,0,0,0,0,0,0,0,0,1,0,0,1,0,1,0,1,0,0,0,1,1,0,0,0,0,0,2,0,0,0,0,0,4,0,1,1,0,0,0,0,1,2,0,0,0,1,1,0,2,0,0,0,1,0,0,0,0,0,2,1,0,0,0,0,0,0,0,0,0,0,0,0,0,0,0,0,0,0,0,0,0,0,1,1,0,0,0,0,0,1,1,0,2,0,0,1,1,0,1,0,0,0,0,0,0,0,0,0,0,1,0,2,0,0,0,0,0,0,0,1,0,0,0,0,0,1,0,0,2,3,0,1,0,0,0,1,3,0,0,4,0,0,0,0,0,2,0,0,0,0,1,0,1,0,0,0,0,0,0,0,1,0,0,0,1,1,0,0,1,1,0,0,0,0,0,0,0,1,0,0,0,0,0,0,0,3,0,0,3,0,0,0,0,1,0,0,1,0,0,1,0,4,0,0,2,0,0,0,0,4,1,0,1,1,0,1,0,2,0,0,2,0,0,0,2,0,0,0,2,0,0,0,0,0,0,1,0,0,0,0,0,3,0,1,1,0,0,0,2,1,0,0,0,3,0,0,0,0,2,1,0,0,0,0,0,0,0,0,0,0,1,0,1,0,0,0,2,0,0,0,2,0,0,0,0,2,0,1,0,0,2,0,0,0,0,2,1,0,0,0,0,0,0,0,1,0,0,0,0,0,1,1,0,0,0,0,0,0,0,0,0,2,0,0,0,2,0,0,1,0,0,0,0,0,1,0,0,0,1,4,0,0,0,0,0,0,0,1,0,0,0,0,1,0,0,2,0,0,0,0,3,0,1
GENE065,0,0,0,0,0,0,1,1,0,1,4,0,3,0,0,0,0,0,1,0,0,0,0,0,0,0,0,0,0,0,0,0,0,1,0,0,0,0,1,0,0,0,0,0,1,0,0,0,0,3,1,1,0,0,0,0,0,1,2,0,0,0,0,1,1,0,0,0,2,0,0,0,0,0,1,0,0,0,0,0,3,0,0,0,0,0,1,1,0,0,0,0,0,0,1,2,0,0,0,0,0,1,0,0,0,0,0,0,0,0,1,0,0,0,1,0,0,0,0,0,1,0,0,2,3,1,1,0,0,0,0,0,0,0,1,0,0,0,0,0,1,1,1,0,0,0,0,2,1,0,0,0,0,0,0,0,1,0,0,0,0,0,1,0,0,0,0,0,0,0,0,0,0,0,1,0,0,0,0,1,0,0,0,1,1,0,0,0,1,0,0,0,1,2,0,0,2,0,0,1,0,1,0,0,2,0,0,1,0,0,0,1,2,0,0,0,0,0,1,0,1,0,2,0,1,0,1,2,0,0,1,1,1,1,0,1,0,0,0,0,0,0,1,0,2,1,0,1,0,0,0,0,0,3,0,0,0,0,0,1,0,1,0,0,0,0,0,2,0,1,0,0,1,0,0,0,0,2,0,0,1,0,1,0,1,0,1,0,0,0,0,0,0,0,0,0,0,1,0,0,0,0,0,0,0,1,0,0,0,0,0,0,0,0,0,0,0,0,0,1,0,0,0,0,0,0,1,0,0,0,0,0,0,0,0,0,0,0,0,0,0,1,0,0,0,0,0,0,0,0,0,0,0,0,0,0,0,1,1,0,0,0,0,2,0,0,0,2,1,0,1,0,0,3,0,0,0,0,2,0,0,1,0,1,0,1,0,1,0,0,0,0,0,1,1,0,0,0,0,0,0,0,0,2,1,0,1,0,0,0,0,0,0,0,0,0,0,0,0,1,0,0,0,1,0,0,0,0,0,0,0,0,1,0,0,0,0,1,2,0,0,0,0,0,0,0,0,0,0,0,0,0,0,0,0,2,0,1,0,0,0,0,0,0,0,0,0,0,2,0,2,1,0,0,0,0,0,0,0,0,0,0,0,0,0,0,0,0,0,0,0,0,0,0,0,0,0,1,2,0,0,0,0,0,1,0,0,0,1,0,3,2,1,0,0,2,0,0,3,1,0,1,1,0,0,0,1,0,0,0,0,1,0,0,0,3,0,0,0,0,0,2,0,1,0,1,0,1,0,0,0,0,0,0,0,0,0,0,1,0,2,2,2,1,0,0,0,0,0,0,0,0,0,0,0,0,2,0,0,1,0,0,1,0,0,0,0,0,0,0,1,1,3,0,0,1,0,0,1,0
GENE066,0,0,0,1,1,0,0,0,2,0,3,0,0,0,0,0,0,0,0,2,0,0,0,1,0,0,0,1,0,0,0,0,1,0,0,0,0,0,0,0,0,0,0,0,0,1,0,0,2,1,0,0,1,0,0,0,0,0,0,1,3,0,6,1,0,0,0,1,0,0,0,0,2,0,1,0,0,0,0,0,0,0,1,0,1,0,0,0,1,1,0,0,0,1,0,0,0,0,1,1,0,0,1,1,0,0,1,0,0,2,0,0,0,0,1,0,0,1,0,0,0,0,3,1,0,0,0,0,0,0,0,0,0,0,0,0,0,2,0,1,0,0,1,0,0,0,1,0,0,0,0,0,0,0,0,0,0,0,1,1,1,0,1,0,0,0,0,0,0,0,1,0,0,0,0,0,0,0,0,5,0,0,0,0,1,0,0,4,0,0,0,1,0,0,0,0,0,0,0,0,0,0,0,0,0,0,0,0,1,1,0,0,0,0,0,0,0,0,1,2,0,0,0,1,1,0,0,1,0,0,1,0,0,0,2,0,0,0,10,0,1,0,0,0,0,0,0,0,0,0,0,0,0,0,1,0,0,0,0,0,0,0,0,0,2,0,1,0,2,3,1,2,0,0,1,0,1,0,0,1,0,1,0,0,5,0,0,0,0,0,0,0,2,0,0,0,2,0,0,0,0,0,0,0,0,0,1,0,0,0,0,2,1,1,1,0,0,1,0,0,0,0,1,0,0,0,0,0,0,0,0,1,0,0,0,0,0,0,1,0,0,0,0,0,0,1,0,0,0,0,0,0,0,0,0,0,0,0,0,1,0,0,1,0,2,0,0,0,3,0,0,1,1,0,1,1,0,0,0,0,1,1,2,0,0,1,0,0,0,0,0,1,0,0,0,0,1,0,0,1,0,0,1,1,0,1,2,0,0,0,0,1,0,0,0,0,0,0,0,0,5,0,0,0,0,0,0,0,0,0,2,0,0,0,0,0,0,0,0,0,1,0,0,0,0,1,0,0,0,1,0,0,0,0,0,0,0,0,0,1,0,0,0,0,0,0,0,0,3,0,0,0,0,0,0,0,0,0,0,0,0,0,0,0,0,0,0,0,0,1,0,1,0,1,0,0,0,0,0,0,1,1,1,0,0,0,0,0,1,0,0,0,2,0,0,1,1,1,0,0,0,0,0,1,0,0,0,0,1,0,0,0,0,0,0,0,0,0,0,0,0,0,0,0,0,0,0,0,0,0,1,0,0,0,0,1,0,0,0,0,0,0,2,1,0,1,0,0,1,0,1,0,0,0,0,0,0,0,0,0,0,0,0,0,0,0,0,0,3,2,0,2,1,0,0,0,0,0,0,0
GENE067,0,0,0,0,1,2,1,0,0,4,1,0,0,0,0,0,0,0,0,0,0,0,0,0,0,0,0,0,0,0,0,5,0,0,0,1,0,0,0,1,0,0,0,0,0,0,0,0,0,3,0,0,0,0,0,0,0,0,1,0,0,0,0,0,1,0,2,1,0,0,0,0,1,0,0,2,1,1,0,0,0,0,0,0,0,0,2,0,1,0,0,0,0,0,0,1,0,0,0,1,1,1,0,0,0,0,0,0,0,0,0,0,0,3,0,0,0,1,2,2,0,1,0,3,0,3,0,0,0,2,0,0,0,0,0,0,0,0,2,0,0,1,0,0,1,0,0,0,0,0,1,1,0,0,1,0,0,0,1,0,0,2,0,0,0,0,0,0,0,0,1,0,0,0,0,0,0,0,0,0,0,1,0,0,3,1,2,2,0,0,1,0,0,0,0,0,1,0,0,0,0,0,0,0,2,0,0,3,0,0,2,0,0,0,0,0,0,0,0,1,0,0,0,1,0,2,0,0,0,0,0,0,0,0,1,0,1,0,1,0,0,0,0,0,0,0,0,1,0,0,1,0,0,0,0,0,0,0,1,0,0,0,0,0,0,1,0,1,1,0,1,0,1,0,0,0,0,0,0,0,0,0,0,0,0,0,0,0,0,0,0,0,0,0,0,0,0,2,3,0,1,0,0,1,0,1,1,0,0,0,0,0,0,2,0,0,1,1,0,1,1,0,0,0,0,0,0,2,0,1,1,0,0,0,0,6,0,0,0,1,0,0,0,1,0,0,0,0,0,0,0,0,1,0,1,0,0,0,0,0,2,0,0,3,1,0,0,0,0,0,0,0,0,0,0,0,0,0,0,0,2,0,0,0,0,1,0,1,1,1,0,0,0,0,1,0,1,0,0,0,0,1,0,0,1,1,1,0,0,0,1,0,0,0,0,0,0,0,0,0,1,0,2,0,2,0,1,0,0,1,1,0,0,0,0,0,0,0,2,1,0,1,0,0,0,3,1,0,2,1,0,0,0,1,1,0,1,0,0,0,0,0,1,0,0,0,0,0,0,0,1,0,0,0,0,0,2,0,1,0,0,0,1,0,0,0,0,1,0,0,0,3,0,1,0,1,0,2,1,0,0,0,1,1,0,0,0,1,0,1,1,0,0,0,0,4,0,0,2,1,0,0,1,3,0,0,0,0,1,0,1,0,0,1,1,0,0,0,0,0,0,0,0,0,1,0,0,2,0,0,0,0,1,0,0,0,0,0,0,0,1,1,0,3,0,0,2,0,0,0,0,1,4,0,0,0,2,0,0,0,0,0,0,0,0,0,2,0,0,0,0,0,0,0,0,0,0,0,1,0
GENE068,0,0,0,0,1,0,0,1,0,0,0,2,0,0,1,0,0,3,1,0,0,0,0,0,0,2,0,1,0,0,0,1,0,1,1,4,0,0,0,0,0,0,0,0,5,0,0,1,0,0,0,1,1,0,0,0,0,1,0,0,0,0,1,0,0,0,0,0,0,1,2,0,1,1,0,0,0,1,4,0,0,0,1,0,0,0,0,1,0,1,0,0,0,0,1,0,0,0,1,3,0,0,0,3,0,0,0,0,0,0,0,0,0,0,0,1,5,0,1,0,0,1,0,2,1,0,0,0,1,1,0,0,0,1,1,8,0,0,0,0,0,0,0,0,0,0,0,0,1,1,0,0,0,0,0,0,0,0,0,0,0,0,1,0,0,0,0,0,0,0,0,0,0,0,0,2,0,1,0,0,0,0,0,1,0,0,0,2,2,0,0,0,2,1,0,0,0,0,0,0,1,0,0,1,0,0,0,0,0,1,1,0,0,1,0,1,0,0,1,0,2,0,1,0,0,0,0,0,1,0,0,0,0,0,3,0,0,0,1,0,0,0,0,1,3,0,0,0,0,0,0,0,0,0,3,0,0,0,0,2,0,0,1,0,0,2,0,0,0,1,0,2,4,2,0,0,0,1,0,1,0,1,0,0,1,1,0,0,0,0,0,0,1,1,0,1,1,0,0,0,0,0,1,0,0,0,0,0,0,1,2,0,0,0,0,0,0,0,0,1,0,1,1,0,0,1,1,1,0,0,0,0,1,0,0,0,0,0,0,0,0,0,0,0,0,0,0,0,0,0,0,0,2,0,0,0,0,0,0,0,0,0,0,0,0,0,0,0,1,0,0,3,0,0,0,0,1,2,0,3,0,0,1,1,0,0,1,2,0,0,0,0,0,0,0,0,0,0,0,0,0,0,1,0,0,1,0,1,0,0,1,0,0,0,0,1,1,0,0,0,0,0,0,1,0,0,1,0,0,0,1,0,0,0,1,0,0,0,0,0,2,0,1,0,0,0,0,2,2,1,0,0,0,0,0,0,0,0,0,0,0,0,0,0,0,0,0,0,0,0,0,0,0,1,1,0,0,0,0,0,1,0,0,0,0,0,1,0,0,0,0,1,1,0,0,0,1,0,0,0,0,0,0,0,0,0,0,1,0,0,0,0,2,0,0,0,0,0,1,1,0,1,0,0,0,0,0,0,0,0,0,0,0,5,0,0,0,0,0,0,0,2,0,0,0,2,1,0,0,0,0,0,0,0,2,0,0,2,2,0,0,0,2,0,1,0,0,0,0,1,0,0,0,0,0,0,1,1,0,0,0,0,0,0,0,0,1,0,1,0,1,0,0,0,1,0,0,2,0,0
GENE069,5,0,0,0,0,1,0,0,0,1,0,0,0,4,0,0,0,0,0,0,0,1,1,1,0,1,0,3,0,0,0,0,0,0,0,0,0,1,0,1,1,0,0,3,0,0,0,0,0,2,0,0,1,1,0,0,1,0,1,0,0,0,0,1,0,0,0,0,0,0,0,1,0,1,0,0,0,0,1,0,0,0,0,0,0,0,0,1,2,0,0,3,0,0,0,1,0,0,0,0,0,1,0,0,0,4,0,0,1,1,0,0,0,0,0,0,1,0,0,1,1,0,0,1,0,0,0,0,2,1,0,0,0,0,0,0,2,0,0,0,0,0,0,0,0,0,0,0,0,1,0,0,0,0,2,0,0,1,0,0,0,0,0,0,0,0,0,0,0,0,1,0,0,0,0,0,0,0,0,0,0,0,0,4,0,0,0,2,0,0,0,0,0,2,0,0,0,0,0,1,0,0,1,0,0,0,1,0,0,2,0,0,5,0,0,2,0,0,0,0,0,0,0,0,0,0,0,1,0,0,0,1,0,0,1,1,1,0,0,0,0,0,4,0,1,0,0,0,0,0,0,0,0,1,0,0,0,1,0,0,0,1,0,1,0,0,0,0,0,0,0,1,3,0,0,6,0,1,0,0,0,0,0,0,0,0,1,1,0,0,1,1,0,0,0,1,0,0,0,0,0,0,0,1,1,0,1,1,0,0,0,0,1,0,0,2,0,1,0,0,0,0,0,0,0,0,0,0,1,0,0,0,0,0,1,0,0,0,4,1,0,1,1,0,1,0,0,1,0,1,3,0,0,1,0,0,1,2,1,2,0,0,0,0,7,0,0,1,3,0,0,0,0,0,0,0,0,0,0,0,0,0,0,1,0,0,0,0,2,0,0,0,0,1,0,0,0,0,0,0,0,1,0,0,0,0,0,1,1,0,0,0,0,0,0,0,0,0,1,2,1,1,0,1,5,0,0,0,0,0,0,0,0,0,0,0,0,0,2,0,0,0,3,0,0,0,0,0,0,4,0,0,0,0,1,0,0,1,0,0,0,0,0,0,0,0,0,0,0,0,0,0,0,1,0,0,0,0,0,1,0,0,0,0,1,0,0,0,0,0,0,0,0,0,0,0,0,0,1,0,1,0,0,0,0,0,2,0,0,0,0,1,0,0,0,1,0,0,2,0,0,0,3,2,2,0,0,1,0,0,0,0,0,0,0,1,0,0,0,0,0,0,0,1,0,1,0,5,0,0,0,0,0,0,1,0,0,1,0,0,0,1,0,0,2,0,0,0,0,5,0,0,0,0,0,1,0,0,0,0,0,0,1,0,2,0,0,0,4,0,0,1,1,0,0,0,0,1,0,0
GENE070,0,1,0,0,1,0,2,1,1,0,2,3,0,2,1,0,2,1,0,0,3,2,1,0,1,0,0,2,0,0,0,0,0,1,0,0,0,0,0,1,0,0,0,0,0,0,1,0,1,1,1,0,2,0,0,0,0,2,0,0,1,0,0,0,0,0,1,0,0,0,1,0,0,0,0,1,2,1,0,2,0,0,1,1,0,0,0,0,0,0,0,0,2,1,0,0,0,0,0,0,0,0,0,0,0,0,0,0,0,1,0,1,0,0,0,0,0,0,0,1,0,1,1,0,0,3,0,3,0,0,2,2,0,0,2,1,0,0,0,0,0,0,0,0,0,0,0,0,0,0,1,0,0,0,2,1,0,0,0,4,0,0,0,0,0,0,1,0,0,6,0,0,0,0,0,0,0,0,0,1,0,0,0,0,0,0,1,2,0,0,0,0,1,1,2,0,0,0,0,0,0,0,1,0,0,0,0,0,0,0,0,0,0,1,0,0,0,1,2,4,0,0,0,0,1,7,0,0,2,0,0,0,1,0,0,0,0,0,0,0,0,0,1,0,2,0,1,0,0,0,0,0,0,0,1,0,1,2,2,0,0,2,0,1,0,1,0,0,0,1,0,0,0,0,0,1,0,0,0,0,1,0,1,0,0,0,1,0,0,0,0,1,0,1,0,0,0,0,1,1,0,0,0,0,0,1,0,0,0,0,4,1,0,0,0,0,0,0,0,2,0,0,0,0,0,0,0,3,0,0,0,0,0,0,0,0,0,0,0,0,0,0,3,1,0,1,0,0,0,0,0,2,0,0,0,0,0,0,0,0,2,0,0,0,0,0,1,0,2,0,0,0,0,1,0,0,3,0,0,1,2,0,0,0,0,0,0,0,0,0,0,0,0,0,1,2,0,0,0,0,0,0,1,0,0,0,1,0,1,0,0,0,0,0,1,0,0,0,0,0,1,0,1,0,0,0,0,0,0,0,1,0,0,0,0,1,0,0,0,1,1,0,0,0,0,0,0,0,0,0,0,1,3,0,2,0,0,0,0,0,0,1,0,0,0,0,3,0,0,0,4,1,1,0,0,1,0,0,0,0,0,0,0,1,0,1,0,1,0,0,0,0,1,3,1,1,0,0,1,0,0,0,0,1,0,0,1,1,1,2,2,0,0,0,0,1,0,0,0,2,0,0,0,0,1,0,0,0,0,0,0,0,0,1,0,1,0,0,0,0,0,1,0,0,0,1,4,1,0,0,0,0,2,0,1,0,0,0,0,0,0,0,1,0,2,0,0,0,0,0,0,0,2,0,1,0,1,0,0,0,0,0,0,0,0,1,0,0,0,0,0,0,0,5,2,0,1,0,2,1
GENE071,0,0,0,1,0,0,0,0,0,0,0,0,0,1,0,2,1,0,0,0,0,0,0,0,0,3,0,1,1,1,0,0,2,0,0,1,0,0,0,0,3,0,0,0,0,0,0,0,0,0,0,0,0,2,0,0,0,0,0,0,0,0,0,1,1,0,1,0,0,0,0,0,3,2,0,0,0,0,0,0,0,1,0,1,1,0,1,1,1,0,1,4,0,0,1,1,0,0,0,0,2,0,0,0,0,0,0,0,0,0,1,0,0,0,0,1,0,1,0,0,0,0,1,0,0,0,0,0,0,1,0,0,0,1,3,0,0,2,0,0,0,0,0,0,0,2,0,0,0,0,0,0,0,0,1,1,0,3,0,0,0,0,0,0,0,1,0,0,0,0,0,0,0,0,0,0,0,0,0,0,2,0,0,0,0,0,0,1,0,1,0,0,0,0,0,0,0,4,1,0,0,0,1,0,0,0,0,1,0,0,0,0,3,0,0,0,1,1,1,0,3,0,0,1,0,0,0,1,0,0,0,0,1,0,0,0,0,0,0,0,0,1,0,0,3,0,0,1,0,0,0,0,0,1,0,0,2,0,0,1,0,0,0,0,0,0,0,0,0,0,0,1,0,0,0,0,2,0,1,1,0,1,0,1,1,0,0,0,0,0,1,0,0,0,0,1,0,0,0,0,0,0,2,0,1,1,0,0,0,0,2,0,0,4,0,0,0,4,0,1,0,1,0,0,0,1,1,0,0,2,1,0,0,0,0,1,0,2,0,0,0,1,0,2,0,0,0,0,0,0,1,0,1,0,0,0,0,1,0,0,0,0,0,1,0,0,1,0,0,0,0,0,0,0,0,0,0,0,1,0,0,0,3,0,0,0,0,0,1,0,0,1,0,0,0,0,0,0,0,0,0,0,1,0,0,0,0,0,0,1,3,0,0,0,0,1,0,0,0,1,1,0,0,0,0,1,0,0,0,0,2,0,4,0,0,2,0,1,0,0,0,1,0,0,0,2,0,0,0,0,0,0,2,0,0,0,1,0,1,0,0,0,1,3,0,0,0,0,0,0,0,0,1,4,0,2,0,0,2,0,1,0,0,0,0,1,0,0,1,0,0,0,0,2,0,0,1,0,0,0,0,1,0,1,0,0,0,1,0,0,0,2,0,0,0,0,0,0,0,0,0,0,0,0,1,3,0,0,5,0,1,2,0,0,0,0,0,1,1,2,0,1,0,0,0,1,1,0,1,1,2,0,1,1,0,0,2,2,0,0,0,0,1,0,1,0,0,1,0,0,1,0,0,0,3,0,1,0,0,0,1,0,1,0,0,0,0,0,1,0,0,0,0,0,0,1,0,0,2,1
GENE072,0,0,0,0,0,0,1,0,0,1,0,0,0,0,1,0,0,0,0,0,0,2,1,0,0,0,1,0,0,2,0,0,0,0,3,2,0,0,2,0,0,0,0,0,0,0,0,0,0,1,1,0,0,0,0,0,1,0,0,0,2,1,0,0,1,0,1,0,0,1,0,0,0,1,2,0,2,0,0,0,0,0,0,0,0,0,0,1,0,0,0,0,0,0,1,0,0,0,0,0,0,0,0,0,0,0,0,0,0,2,1,0,0,0,0,0,1,0,0,0,1,1,0,0,0,0,0,1,1,0,2,0,0,0,1,0,1,0,0,0,2,0,1,0,0,1,0,0,0,1,0,0,0,0,1,0,0,1,0,0,0,0,2,0,0,0,0,1,2,0,0,1,0,0,0,0,0,0,0,2,0,1,0,0,0,1,0,2,0,0,0,0,0,1,0,1,0,0,0,1,1,0,0,0,0,0,0,1,0,0,0,0,0,0,0,0,0,0,0,0,0,0,1,1,0,1,0,0,0,0,0,0,1,1,0,0,0,0,0,0,0,0,0,1,0,0,0,0,0,0,0,1,0,0,0,0,0,0,2,0,0,0,1,0,0,0,0,0,1,0,0,0,0,0,0,0,0,0,0,0,0,4,0,0,0,3,0,1,0,0,0,0,0,0,0,2,0,0,0,0,0,0,0,0,0,1,0,0,0,0,0,1,0,0,0,0,0,0,0,0,0,0,0,0,0,0,0,0,0,0,0,0,0,0,3,0,0,0,0,0,0,0,1,0,0,3,1,0,0,0,1,0,0,0,0,0,0,0,2,3,0,0,0,1,0,0,0,0,0,0,0,0,0,0,0,0,0,0,0,0,2,1,0,0,1,0,0,0,0,1,0,0,0,0,2,0,1,0,0,0,0,0,0,0,0,4,0,1,0,2,0,0,0,0,0,0,0,0,0,0,0,0,0,3,0,2,0,0,1,0,0,0,0,0,0,0,1,0,1,0,0,0,0,0,0,2,1,0,0,0,0,1,0,0,2,0,0,2,0,0,1,0,0,0,1,0,0,1,0,0,0,2,0,2,0,0,0,0,0,0,0,0,0,0,0,0,0,0,0,3,0,1,0,1,1,1,1,0,1,1,1,0,2,0,1,0,0,0,0,0,0,0,0,0,1,0,1,0,0,0,0,0,1,0,0,0,0,0,0,0,0,0,0,1,0,0,0,0,0,2,0,1,0,1,0,0,0,1,0,0,0,0,0,0,0,0,0,0,1,0,0,0,1,0,0,0,2,0,0,0,3,1,1,0,0,0,1,0,0,0,0,1,1,0,0,0,0,0,0,0,0,0,1,0,0,0,0,0,0,1
GENE073,1,0,0,0,0,0,1,0,0,3,0,0,0,1,3,0,0,0,0,1,0,1,1,1,1,0,2,2,0,0,0,0,0,0,0,1,0,0,0,0,0,0,0,1,1,1,0,0,0,0,0,1,0,1,0,0,0,0,0,0,0,0,0,0,0,0,1,0,1,0,0,1,8,0,0,0,0,0,0,1,1,0,0,2,0,0,1,0,0,0,0,0,1,0,0,3,2,0,1,0,1,2,1,0,0,3,0,0,2,1,0,0,0,0,0,0,1,0,3,0,0,0,4,1,0,0,0,0,0,0,0,0,1,0,0,0,0,0,1,1,0,0,0,0,0,0,0,0,1,2,2,0,0,0,0,1,0,0,1,1,0,0,0,0,0,0,0,1,1,0,1,1,1,1,1,0,0,0,0,0,0,0,3,2,1,0,0,1,0,0,0,1,0,0,0,0,0,0,0,0,0,0,0,0,4,0,0,0,0,0,0,0,2,0,0,1,0,0,0,0,1,0,1,0,0,0,0,1,1,1,0,0,0,0,0,0,3,0,0,0,0,2,1,0,1,1,0,3,0,0,0,0,0,2,0,3,0,0,0,0,1,0,1,0,1,0,0,0,0,0,1,0,1,0,1,0,0,0,0,1,1,0,0,0,4,1,0,1,0,0,0,1,0,0,0,0,0,2,0,0,0,0,1,0,0,0,0,0,1,0,1,3,2,2,0,0,0,0,2,0,0,1,0,0,0,0,0,0,1,0,0,3,1,0,0,0,0,0,0,2,0,0,0,0,2,0,0,2,0,0,0,0,0,0,0,0,0,0,1,0,0,0,0,3,0,0,2,0,0,0,0,0,0,0,0,0,0,0,3,0,0,0,0,0,0,0,0,0,3,0,0,0,1,0,0,7,1,0,1,0,0,1,0,2,0,0,0,3,0,0,1,0,0,0,1,0,0,0,0,0,1,0,0,1,0,0,1,0,0,0,0,1,0,0,0,2,0,2,1,0,0,0,0,1,0,0,0,0,1,0,1,0,0,0,0,0,0,4,0,0,0,5,0,0,2,0,0,0,0,1,0,0,1,1,0,0,2,0,0,1,1,0,0,4,0,0,0,0,0,0,0,0,0,0,0,1,0,0,1,1,0,0,0,0,0,0,8,0,1,0,0,1,0,0,0,0,2,0,0,0,0,0,0,0,0,2,0,0,0,0,1,0,6,0,1,0,1,0,0,1,0,0,0,0,2,0,0,0,0,0,0,0,0,0,0,0,0,0,0,2,2,1,3,0,1,0,0,0,1,0,0,0,2,0,1,0,0,0,0,2,0,0,0,1,1,0,2,0,0,0,0,0,0,0,0,0,0,0,0,0
GENE074,0,0,0,0,0,1,1,0,1,0,4,0,1,0,0,0,2,1,0,0,1,0,1,0,0,7,0,2,0,0,0,1,0,0,0,0,0,2,0,0,0,0,0,0,0,2,3,0,0,0,0,0,0,0,0,0,0,0,0,0,0,0,0,11,0,0,0,0,0,1,0,0,0,0,1,0,1,0,5,0,1,0,1,1,0,0,0,0,0,0,0,0,0,2,0,5,0,0,0,0,0,0,0,0,0,6,0,0,0,0,0,0,0,1,0,0,0,0,1,1,0,0,0,0,0,0,0,0,0,0,0,1,0,0,2,2,0,0,0,0,0,0,0,0,0,0,1,0,0,0,0,0,1,0,0,2,0,4,0,0,0,0,0,0,0,0,2,1,0,0,0,0,0,0,0,1,0,0,0,0,0,0,0,1,0,0,0,0,0,0,0,0,4,0,0,0,1,0,0,0,1,0,0,0,1,1,0,0,0,2,0,0,0,1,0,1,1,3,0,0,4,0,0,0,2,1,0,0,1,0,0,0,0,0,0,0,0,0,0,0,0,0,0,0,0,0,0,1,0,0,0,0,0,3,0,0,0,0,2,0,0,0,0,0,0,1,0,0,2,0,0,0,0,2,0,5,1,0,1,1,0,3,0,1,2,0,0,0,0,0,0,1,0,0,0,0,0,0,0,1,2,0,0,2,1,0,0,0,0,0,0,0,0,2,0,0,0,0,0,0,1,1,0,1,0,0,0,0,0,0,1,1,0,0,3,2,1,0,1,0,0,0,2,0,0,0,0,0,0,0,1,1,1,0,0,0,0,0,0,2,0,1,0,0,0,1,0,1,0,0,1,2,0,0,0,0,0,0,0,0,1,0,0,0,0,0,0,1,0,0,3,0,0,0,0,0,0,0,0,0,0,0,0,0,0,1,0,0,0,0,0,1,0,0,1,0,1,0,0,0,2,0,0,2,0,0,0,1,0,2,0,0,0,0,1,2,1,0,0,1,0,0,1,1,0,1,1,0,0,0,0,0,3,0,0,0,0,1,0,1,0,0,0,0,3,0,0,0,0,1,0,1,1,0,0,0,0,1,0,0,0,0,0,0,2,0,0,0,0,0,0,0,0,1,0,0,0,0,0,1,0,0,0,2,0,0,0,0,0,2,1,2,0,0,0,1,0,0,0,0,0,2,2,0,0,0,0,1,0,0,0,0,0,0,0,0,0,3,0,0,0,1,0,1,1,1,0,0,0,2,0,0,0,0,0,0,0,0,1,0,0,0,0,5,2,0,2,0,0,0,0,0,0,0,0,0,0,1,1,0,0,0,0,0,0,0,0,0,0,0,0,0,4,1,0,0,0,0,0,0
GENE075,0,2,0,0,5,0,0,0,1,1,0,0,0,3,0,1,0,0,1,0,0,0,1,0,0,9,0,0,1,0,0,0,0,0,0,0,0,0,0,0,1,0,0,0,0,0,0,0,1,0,0,0,1,0,0,0,0,0,0,0,0,0,0,3,0,0,0,0,0,0,0,0,0,0,0,2,0,1,0,4,0,3,0,0,0,0,0,0,0,0,0,0,0,0,2,0,0,1,0,3,0,0,1,0,0,0,0,0,0,0,0,0,0,1,1,0,1,0,0,0,0,0,0,0,1,0,1,0,0,0,0,0,0,0,0,0,0,0,1,0,2,0,0,0,0,0,1,0,0,0,0,2,0,0,0,0,0,0,0,0,0,1,1,0,0,0,0,0,0,0,0,0,0,1,0,1,0,0,0,0,0,3,0,0,0,0,0,1,0,0,0,1,0,0,0,0,0,0,0,0,1,0,3,0,0,0,0,0,0,1,0,0,0,1,0,0,0,0,0,0,0,0,0,1,0,1,0,1,0,0,0,1,0,0,0,0,1,1,2,0,3,0,0,0,0,1,0,0,0,0,0,0,0,0,2,0,0,0,0,0,1,0,1,0,0,0,0,0,0,0,0,0,0,0,0,5,0,0,0,0,0,0,0,0,0,0,0,0,0,0,0,0,0,0,0,0,2,0,1,1,0,0,1,0,0,0,1,0,0,2,0,0,0,0,1,0,1,0,1,0,0,0,0,0,0,0,0,0,0,0,1,0,0,0,0,1,0,0,0,0,0,0,1,0,0,0,0,1,0,0,1,1,0,0,0,5,0,0,0,0,0,0,0,1,0,1,1,0,0,0,0,0,0,0,0,0,0,0,0,0,0,0,0,2,1,0,2,0,0,0,0,0,0,0,0,0,0,0,1,0,0,2,0,0,2,0,0,0,0,2,0,0,2,0,0,0,0,0,1,3,0,0,0,0,0,0,0,0,0,0,0,0,2,0,0,0,0,0,0,0,1,0,0,1,0,1,0,0,0,0,3,0,0,0,0,1,0,0,1,0,0,1,0,1,0,0,1,0,0,0,5,0,0,1,0,0,0,1,0,3,1,0,5,0,0,0,0,0,1,4,0,1,0,0,0,0,2,0,1,1,0,0,0,0,0,1,0,0,0,0,2,2,1,0,2,0,0,0,0,0,0,0,0,0,0,0,0,2,0,0,0,0,0,0,0,0,0,0,0,0,1,0,0,0,0,1,0,0,2,0,0,0,1,0,1,1,0,2,0,0,0,0,1,0,1,0,1,0,1,0,0,0,0,0,1,0,0,0,0,0,2,0,0,0,1,1,0,0,2,0,0,1,0,0,0,1,0,1,0,1
GENE076,0,0,1,0,0,0,0,0,0,0,0,0,2,3,0,2,0,0,2,0,0,0,3,0,0,0,2,0,0,0,0,0,0,1,0,0,0,0,0,0,0,0,0,0,0,0,0,0,0,0,1,0,1,0,0,0,0,0,1,1,0,0,0,0,0,1,0,0,0,0,0,1,1,0,0,0,0,0,0,0,0,0,0,0,0,2,0,0,1,0,0,1,0,0,0,0,0,0,0,1,0,0,0,0,0,0,0,2,0,0,0,0,0,0,0,0,0,0,4,0,0,0,0,1,2,1,0,0,0,0,0,0,0,0,0,0,1,0,0,1,1,1,0,0,0,0,0,0,0,0,0,0,0,0,3,1,0,1,0,1,0,0,0,0,0,3,1,2,0,1,0,1,0,1,0,0,0,0,0,0,0,1,0,0,0,0,0,0,1,0,0,2,0,0,0,1,0,0,0,0,1,0,0,0,0,0,0,0,0,2,2,0,0,0,0,1,0,0,3,0,4,0,0,0,0,1,0,0,0,2,0,0,3,1,2,0,0,0,0,0,0,0,0,1,2,0,0,0,0,0,0,0,0,0,1,0,0,0,0,0,1,0,0,0,0,0,0,0,0,0,0,0,0,0,0,6,0,0,0,0,2,0,1,0,0,0,0,1,0,0,0,0,0,0,0,1,0,0,0,1,0,0,0,0,0,0,0,0,0,0,0,2,0,0,0,0,0,0,1,0,0,0,0,0,0,0,1,0,1,0,0,0,1,0,0,0,0,0,0,0,1,0,1,0,1,0,1,0,0,0,0,0,0,0,0,0,0,1,0,0,0,0,1,0,0,0,0,0,0,1,0,0,1,0,0,0,0,0,0,1,1,3,0,0,0,0,0,0,4,0,0,1,0,0,0,1,2,0,0,0,0,0,0,0,1,1,0,0,0,0,0,0,0,0,0,0,0,1,0,0,0,0,0,0,0,0,0,0,0,0,0,0,0,0,2,1,0,0,1,0,0,0,0,0,0,0,1,0,0,0,1,0,0,0,0,0,0,0,0,0,0,1,1,1,4,0,0,0,0,0,0,0,0,0,0,0,0,0,1,0,1,0,0,0,0,0,0,1,0,1,0,0,0,0,1,0,0,0,1,0,0,1,0,0,0,0,1,0,0,0,1,0,0,0,0,0,0,0,2,0,0,4,0,0,0,0,0,0,0,0,0,0,0,1,0,0,0,0,0,0,0,4,1,0,0,0,0,0,0,0,1,0,0,0,0,0,0,0,1,1,0,0,5,3,0,0,0,0,1,0,2,0,0,0,2,0,0,0,0,0,0,0,1,0,0,1,0,0,0,0,0,0,1,1,0,0,0,0,1,0
GENE077,0,0,0,0,0,0,0,0,1,0,0,0,2,0,0,0,0,1,0,0,0,0,0,1,0,1,0,0,0,0,0,0,0,2,0,0,0,1,1,0,0,0,0,0,0,0,1,2,0,0,0,1,3,0,0,0,0,0,0,0,0,0,0,3,0,0,0,0,0,1,0,0,2,0,0,0,0,0,2,0,0,0,0,0,0,0,0,0,2,1,0,0,0,0,0,1,0,0,0,1,0,0,0,0,0,0,0,0,0,0,0,0,0,0,0,0,0,0,0,0,0,0,0,1,1,0,0,0,4,0,0,0,2,0,1,0,0,0,0,0,0,0,0,0,0,0,1,0,1,0,0,0,0,0,0,0,0,0,0,0,1,0,0,1,1,1,0,0,0,0,0,0,0,0,0,0,0,0,0,0,0,4,0,0,0,0,1,1,0,1,0,0,1,0,0,1,0,0,0,1,2,0,0,1,0,0,0,0,0,2,1,0,0,0,1,0,0,0,0,1,0,0,0,0,0,1,1,2,0,2,0,0,1,0,1,0,0,0,0,0,0,0,0,0,0,0,0,0,1,0,0,0,1,0,0,0,0,0,0,0,0,0,0,0,1,0,0,0,1,0,0,0,1,0,0,0,0,1,2,0,0,2,1,0,1,0,2,0,1,0,0,0,1,0,1,0,0,0,0,0,0,1,0,0,0,0,0,0,0,1,1,0,0,1,0,0,0,0,0,0,0,0,0,0,1,0,1,0,0,0,0,0,0,0,0,0,2,0,1,0,1,0,2,0,0,0,0,0,1,0,0,0,0,2,2,0,0,0,0,3,1,0,0,0,1,1,1,0,3,0,1,0,0,0,0,0,0,0,0,0,0,1,0,0,0,0,0,0,0,0,0,0,0,0,2,4,0,0,0,0,1,0,0,1,1,0,0,0,0,1,0,1,0,0,0,1,2,0,0,0,0,0,0,0,1,0,1,1,0,0,0,0,0,0,0,0,0,1,0,0,0,3,0,0,0,0,1,1,1,0,2,0,0,0,0,0,0,0,0,0,0,0,0,3,2,0,0,0,0,0,0,1,0,0,0,0,0,0,0,0,0,0,0,0,0,0,0,0,0,5,0,0,0,0,0,0,3,1,0,0,2,0,0,0,0,0,0,0,0,1,1,0,1,0,2,0,0,0,0,0,0,0,1,0,0,0,0,1,0,0,0,1,0,0,0,0,0,0,1,0,0,1,0,0,0,0,0,1,0,0,0,0,0,0,2,0,1,1,0,1,0,0,0,2,2,0,0,0,0,0,2,0,2,0,2,0,0,0,0,0,0,0,1,1,4,0,0,4,0,0,0,0,1,0,0,0,0,0,0,0
GENE078,0,0,0,0,0,0,0,0,0,1,0,0,1,0,3,0,0,0,2,0,0,1,0,0,0,1,1,0,0,0,1,0,0,0,0,0,0,1,1,0,3,0,0,0,0,0,0,0,0,0,0,0,0,0,0,2,0,0,0,1,0,0,0,0,0,0,0,0,0,0,1,0,0,0,0,1,0,0,0,1,0,0,1,1,0,1,1,0,0,0,1,0,0,1,0,0,0,0,0,0,0,0,0,0,0,0,1,0,0,0,2,0,0,0,0,0,0,1,0,0,0,0,0,1,0,0,0,0,3,0,0,0,0,0,0,0,0,0,1,0,0,0,0,0,1,0,0,0,2,0,0,0,0,0,0,0,0,0,0,1,0,0,0,0,0,2,0,4,0,0,0,0,0,0,0,0,1,0,0,0,1,0,0,2,0,1,0,0,0,0,0,0,1,0,0,0,0,5,0,3,0,0,0,0,1,2,0,2,1,0,0,0,0,0,0,0,0,0,0,0,1,0,1,0,0,0,0,1,0,1,0,0,0,0,0,0,1,0,0,0,0,0,0,0,0,0,0,0,0,0,0,1,0,0,0,0,0,0,1,0,1,0,0,0,0,1,2,0,0,0,7,0,1,1,0,3,0,0,0,0,0,0,0,0,0,0,2,2,0,1,0,0,0,0,1,0,0,0,2,0,3,0,1,0,1,2,0,0,0,1,0,0,0,1,2,0,0,2,0,1,0,0,0,0,0,1,0,0,0,1,0,1,0,0,3,0,0,1,0,0,0,0,0,1,0,0,0,1,1,0,1,0,0,0,0,0,1,0,0,0,1,0,1,0,3,0,0,0,0,0,0,1,0,0,0,0,0,1,1,0,2,0,0,0,1,0,0,0,0,1,0,0,0,0,0,0,0,0,0,0,0,0,0,0,0,0,0,4,0,5,1,0,0,0,0,0,0,0,0,0,0,1,0,0,0,0,0,0,0,0,0,0,0,0,0,2,0,0,0,0,0,0,0,0,0,0,0,0,0,1,0,0,0,0,0,1,0,0,0,0,0,0,0,0,0,0,0,0,0,0,2,0,0,0,0,0,0,1,0,0,0,0,0,0,0,0,0,0,0,0,0,0,0,0,0,4,0,0,0,1,0,0,0,1,1,0,0,0,0,0,0,3,0,0,0,1,1,1,0,1,0,0,0,0,0,2,0,0,0,1,0,0,0,0,0,0,0,1,0,2,0,0,0,1,1,0,0,0,0,0,0,0,0,0,0,0,0,1,0,0,0,0,0,0,0,1,0,0,3,0,0,0,0,0,1,0,0,0,1,0,0,0,0,1,0,0,2,0,0,0,0,0,0,0,0,1,0,0,0,0
GENE079,0,0,0,0,1,0,0,0,1,0,0,0,1,0,1,0,1,0,0,0,0,0,0,0,0,0,0,0,0,0,0,1,0,0,0,0,0,0,0,0,0,0,0,0,0,0,0,0,0,0,0,1,1,0,0,0,0,0,2,0,0,0,0,0,0,0,0,0,0,1,1,0,0,0,0,1,0,0,0,0,0,0,0,0,0,0,1,4,0,0,0,0,0,0,0,0,0,0,0,0,0,0,0,0,0,1,0,1,1,1,0,0,0,0,0,0,0,0,1,0,0,0,0,0,1,0,0,0,0,0,1,1,0,1,0,0,0,1,2,0,5,0,0,0,0,1,0,1,0,1,0,0,1,0,0,0,0,0,1,1,0,1,0,0,0,0,0,0,0,0,0,0,0,1,0,1,1,1,2,0,2,0,0,0,1,0,1,0,0,0,0,1,0,0,0,0,0,1,0,3,0,0,0,0,0,0,0,0,1,0,0,0,0,1,0,0,0,0,1,0,0,0,0,0,0,0,0,1,0,0,0,0,0,0,1,0,0,0,0,0,0,0,0,0,0,1,0,1,0,0,0,0,1,0,0,1,0,0,1,0,1,0,1,3,1,0,0,0,0,0,1,1,1,0,0,0,0,0,0,0,0,0,0,0,0,3,0,0,0,2,1,1,0,0,0,4,0,0,0,0,0,0,3,2,0,0,0,0,0,0,1,0,0,0,1,0,0,0,0,0,1,2,0,0,0,0,0,2,0,0,0,0,2,1,1,0,0,0,0,0,0,0,0,0,3,1,0,0,1,2,0,0,2,0,0,1,0,0,0,1,0,0,0,0,0,1,0,0,2,0,1,0,0,0,0,0,0,0,0,0,2,0,0,0,0,0,0,1,0,0,2,0,0,0,0,0,0,0,0,1,1,0,0,0,0,0,0,0,0,2,0,0,0,0,1,0,0,0,0,0,0,1,0,0,0,0,2,0,0,0,0,0,1,0,0,0,0,2,1,1,0,0,0,0,0,2,0,1,0,0,0,1,0,0,0,0,0,0,0,0,0,1,0,1,0,0,1,0,1,0,0,0,0,1,0,0,0,1,0,1,0,2,1,3,1,0,0,1,1,0,0,0,0,1,0,0,0,0,0,0,1,1,0,4,0,1,0,0,0,0,0,0,0,1,0,2,0,0,0,0,1,0,0,0,0,0,0,0,0,1,0,0,0,0,0,0,0,0,0,0,1,0,0,2,0,0,0,0,0,0,0,0,0,0,0,0,0,0,0,0,1,1,0,0,0,1,0,0,0,0,0,0,0,0,0,1,3,0,0,0,0,0,0,1,2,0,0,1,1,3,0,1,0,5,0,2,0,0,0,0
GENE080,0,1,0,0,0,1,0,0,0,2,0,1,0,2,0,0,0,2,2,0,1,0,0,1,0,0,0,0,0,0,1,0,0,0,4,3,0,1,0,0,2,1,1,0,1,0,0,0,0,0,0,0,0,0,0,0,0,1,0,0,0,0,0,0,1,0,0,0,0,0,0,1,0,0,0,0,1,0,0,0,0,0,0,0,2,0,0,1,0,0,3,0,0,0,0,0,0,0,2,0,0,0,0,1,0,1,0,0,0,2,0,2,0,0,0,2,0,0,4,1,0,0,0,0,0,0,0,0,2,0,0,0,0,0,0,0,1,0,0,0,1,0,1,0,1,1,0,0,0,0,0,0,0,0,0,0,0,0,0,0,0,0,0,0,0,2,0,1,0,0,0,0,1,0,0,0,1,0,0,0,1,0,0,0,1,0,1,1,0,0,0,0,0,0,0,0,0,0,0,0,0,0,2,0,1,0,0,0,0,0,0,0,0,1,1,1,0,0,0,1,0,0,0,1,0,0,1,0,0,0,0,2,0,0,1,1,0,0,1,0,0,0,0,0,0,0,0,0,1,0,1,0,0,0,0,0,0,0,2,0,0,0,3,0,0,0,1,0,0,0,1,1,0,1,0,0,1,0,0,0,0,0,0,0,0,0,0,2,0,0,0,0,1,0,0,0,1,0,0,0,0,0,0,0,2,1,0,0,0,1,0,0,1,0,0,1,0,0,0,2,0,0,0,0,1,0,0,3,0,0,0,0,0,0,0,0,2,0,0,0,0,3,0,0,0,0,0,0,0,0,2,0,1,0,0,1,0,0,0,0,1,0,0,0,0,0,0,0,0,0,0,1,0,0,0,0,0,0,0,1,0,0,0,0,0,0,0,0,0,0,0,0,1,0,0,0,0,1,0,0,1,0,0,1,1,0,0,1,1,0,0,0,0,0,0,0,1,0,3,0,0,0,0,1,0,0,0,0,0,0,0,0,2,2,0,3,1,0,1,0,0,1,0,0,1,0,1,0,0,1,0,0,1,0,0,0,1,0,0,0,0,0,0,0,0,0,0,0,0,0,0,0,0,1,0,1,0,0,0,0,0,0,1,0,0,1,0,1,1,1,2,0,2,0,0,0,0,1,0,0,0,0,2,0,0,1,0,0,0,1,0,2,0,0,0,0,1,0,2,2,0,0,0,0,0,1,0,0,0,0,2,0,0,0,0,0,1,0,1,1,0,0,1,2,2,0,2,0,0,1,0,1,0,0,0,0,0,0,1,0,0,1,1,0,0,0,0,0,0,0,0,0,0,0,0,1,0,0,0,0,0,1,0,0,0,1,0,1,0,0,0,0,0,0,0,0,0,0,0,0
GENE081,0,0,0,2,0,0,1,0,0,0,0,2,0,0,0,0,0,1,0,0,0,0,0,0,0,0,0,0,1,0,0,0,0,1,0,0,0,1,0,0,0,0,0,0,0,1,0,0,1,0,0,0,1,0,0,4,0,0,0,0,0,2,1,0,0,1,0,0,0,0,0,0,0,0,0,0,0,2,0,0,2,1,1,0,0,0,0,0,0,1,0,0,1,2,0,0,0,0,0,0,0,0,0,0,2,1,0,0,1,0,0,0,0,0,1,1,0,1,0,0,0,0,0,1,1,0,0,0,0,1,1,2,0,0,2,0,0,0,1,0,0,0,2,2,1,2,0,0,1,0,0,1,1,1,0,0,0,0,0,0,1,0,1,4,1,1,0,0,0,2,0,0,1,0,0,0,0,0,0,1,0,0,0,0,0,0,2,0,0,0,0,0,0,0,1,0,1,0,0,0,1,0,1,2,0,0,0,1,0,4,0,0,1,0,1,1,1,1,0,0,0,3,0,0,0,0,1,0,0,0,0,0,0,0,0,0,1,2,0,0,0,0,0,3,0,1,0,1,1,0,0,0,0,0,0,0,0,0,1,1,0,1,1,0,1,3,1,0,0,1,0,0,0,0,1,0,0,0,0,1,0,1,0,0,0,0,1,0,0,0,0,1,0,0,0,0,0,0,1,2,0,0,0,1,1,0,0,0,0,0,2,0,0,0,0,0,0,0,1,0,0,1,1,0,0,0,0,0,0,0,0,6,0,1,2,0,3,0,0,0,0,0,0,0,0,0,0,2,0,0,0,0,0,0,0,0,0,0,0,0,0,0,0,0,0,2,0,0,0,0,0,0,1,1,0,0,1,2,1,0,1,0,3,0,1,0,0,0,1,0,0,3,1,0,1,0,0,2,0,0,0,0,0,2,0,0,2,0,1,3,0,0,0,0,0,0,0,0,0,2,0,0,0,0,2,0,0,0,0,1,0,0,0,2,1,0,0,0,0,0,0,0,0,0,0,0,0,0,3,1,1,0,0,0,0,0,0,1,0,1,0,0,0,0,1,0,0,0,0,1,0,4,0,0,0,1,0,0,0,1,1,0,3,0,0,0,0,0,0,0,0,1,1,4,0,0,1,0,0,0,0,1,1,0,0,0,0,1,0,0,0,0,0,0,1,1,2,0,1,0,0,0,0,1,0,0,0,2,0,0,3,0,2,0,0,0,0,0,0,1,0,1,0,0,0,1,0,0,0,0,0,0,1,0,0,0,1,0,0,0,1,1,0,1,0,2,0,0,1,2,0,0,0,0,0,0,2,0,0,0,0,0,0,1,0,0,0,1,1,0,0,0,1,0,0,0,3,1,0,0
GENE082,0,0,0,0,0,0,1,0,0,2,2,0,0,0,0,0,0,0,0,0,0,0,0,0,0,6,1,0,0,1,0,0,0,0,1,0,0,0,1,0,1,0,0,0,0,0,0,0,0,2,0,0,0,0,0,0,0,0,1,0,0,1,0,0,0,0,0,1,0,0,1,0,0,1,0,0,0,0,0,0,0,0,0,0,3,0,0,0,1,0,0,0,0,3,1,3,0,1,1,2,0,1,1,0,0,0,1,0,0,0,0,0,0,0,2,4,0,0,1,0,0,1,0,0,0,0,1,1,0,0,0,0,0,0,0,0,0,0,1,1,1,0,1,0,0,0,0,0,0,0,0,0,3,0,0,1,0,0,0,0,0,0,2,0,2,0,1,0,0,0,4,0,0,0,0,0,0,1,1,0,0,0,1,1,0,0,0,0,3,0,0,2,0,0,0,1,0,1,0,0,0,0,0,0,0,0,1,0,0,0,0,0,0,0,0,0,0,0,1,0,0,1,0,0,1,1,0,0,0,0,1,1,0,0,0,0,0,1,0,0,0,0,0,2,0,0,0,0,0,0,0,0,1,0,0,0,0,2,0,0,0,0,0,0,1,2,0,0,1,0,0,0,2,0,0,4,0,1,0,0,0,0,0,0,0,0,0,0,0,0,2,0,0,0,0,0,0,0,0,0,0,0,0,0,0,1,0,0,0,0,0,0,2,0,0,0,0,0,1,0,0,1,1,0,0,0,0,2,0,0,1,0,4,0,0,0,2,0,0,0,1,0,0,2,0,1,0,0,0,1,0,0,0,0,0,2,0,0,0,0,2,0,1,1,2,0,0,1,0,0,0,0,0,0,0,0,3,0,3,1,0,0,0,0,0,0,0,1,0,2,0,2,0,1,1,0,1,0,0,0,0,0,0,0,0,1,0,0,0,1,0,0,0,0,1,1,1,0,0,0,0,1,0,0,1,0,0,0,0,0,0,0,0,1,0,0,0,0,5,0,3,0,0,1,0,0,0,0,0,0,0,1,0,0,0,0,0,0,0,0,0,2,0,0,1,0,0,0,0,0,1,0,1,0,1,0,0,0,0,0,1,0,0,0,0,0,0,0,0,0,0,1,0,0,0,0,0,0,0,1,0,0,0,1,0,0,0,0,0,0,1,1,0,0,1,0,0,0,0,0,0,0,1,1,0,0,1,0,0,0,0,0,0,1,0,0,0,0,0,0,0,1,3,0,1,0,0,0,0,1,0,0,0,0,0,0,0,0,1,0,0,0,1,0,0,0,0,0,1,0,0,0,0,0,0,0,1,1,0,1,0,0,0,0,0,0,1,0,0,0,0,0,0,0,2,1,1,0,0,0
GENE083,0,0,0,0,2,2,2,0,0,0,0,0,0,0,1,0,0,0,2,0,1,0,0,0,0,0,0,0,0,1,0,0,1,0,0,0,0,0,1,1,1,1,0,0,0,0,0,0,0,0,1,0,0,0,0,0,0,0,0,0,0,0,0,1,1,1,0,1,0,1,1,0,0,3,1,1,3,0,0,0,0,0,2,0,2,0,6,0,0,2,0,0,0,0,0,0,0,0,0,0,0,0,0,0,0,1,1,0,0,0,0,1,0,0,0,2,0,0,0,2,0,1,0,0,0,1,1,0,0,0,0,0,0,3,2,1,0,0,0,1,0,0,0,0,0,0,1,0,1,1,0,0,0,0,2,0,1,1,0,0,0,0,3,0,0,0,4,0,0,2,0,0,1,0,0,0,0,0,0,0,0,0,0,0,0,1,0,0,0,0,0,0,0,1,0,0,0,0,0,0,0,0,1,1,1,0,0,0,0,5,0,0,0,0,0,0,0,0,0,1,0,1,0,0,1,0,0,1,3,0,1,1,2,0,0,0,0,0,0,0,0,1,0,0,1,0,0,1,3,0,0,1,0,0,0,0,3,0,3,0,1,0,0,0,1,0,3,0,0,0,0,0,0,0,0,1,0,0,0,1,0,0,0,0,0,0,0,0,0,0,0,0,0,0,0,0,0,0,0,0,0,0,0,0,0,0,0,0,1,2,0,0,0,0,0,1,2,0,0,2,0,1,0,0,2,0,0,0,0,4,3,0,0,1,1,0,2,3,0,0,0,0,0,2,0,0,0,0,0,0,0,0,0,0,0,0,0,0,1,0,0,0,0,0,0,0,0,0,0,2,0,0,0,0,1,0,1,0,1,0,0,0,0,0,0,0,0,0,0,1,0,0,0,0,0,2,0,0,0,0,0,0,2,0,0,0,0,0,0,0,2,4,1,0,0,0,0,0,0,0,2,1,0,0,0,0,0,0,0,1,0,0,0,0,0,1,0,3,0,0,0,0,0,0,0,1,0,0,0,0,0,0,0,0,0,0,2,0,0,0,0,2,1,0,0,0,0,0,0,1,0,0,1,0,0,1,0,1,0,1,0,0,0,0,0,0,0,1,1,0,2,0,0,0,1,1,0,0,0,0,1,0,0,0,1,0,1,0,1,0,0,0,0,0,0,0,1,0,0,0,0,2,0,1,0,0,0,0,0,0,1,0,1,0,0,0,2,0,0,0,0,0,0,1,0,0,0,0,0,0,1,0,0,0,0,0,1,0,0,0,0,0,0,0,0,0,0,0,1,1,0,1,0,0,0,0,3,0,1,2,1,1,0,1,0,1,2,0,0,0,0,0,0,0,0,0,0,0,1,0
GENE084,1,0,0,1,0,0,0,0,0,0,1,0,3,0,0,0,1,0,0,1,0,1,0,2,0,1,0,0,0,0,0,3,0,0,0,0,0,1,0,0,0,0,0,0,0,0,0,0,0,0,0,0,1,0,0,0,2,2,0,0,1,0,0,5,0,0,0,0,0,2,0,0,0,0,1,0,0,1,1,0,0,0,0,0,0,0,1,0,0,1,0,0,0,1,0,0,0,0,0,3,0,0,0,0,3,0,0,0,0,0,0,3,0,0,0,1,0,1,0,1,0,0,0,1,0,0,0,0,1,0,0,1,0,0,0,0,0,0,0,0,2,0,0,0,0,2,1,0,0,1,0,0,1,0,0,0,0,0,1,0,0,0,0,0,0,0,0,0,2,0,0,1,0,0,0,0,0,0,0,0,0,0,0,0,0,1,0,2,1,0,0,0,0,0,0,2,1,0,1,0,0,0,0,0,1,0,0,0,4,1,1,0,0,0,0,0,0,2,1,1,0,0,0,0,0,0,1,0,4,0,0,0,0,1,2,0,0,0,0,0,0,4,1,1,1,0,0,1,0,0,0,0,0,1,0,0,0,0,0,0,2,0,2,0,0,0,0,0,0,0,1,0,0,0,2,0,0,1,0,0,0,0,0,0,1,0,0,0,0,0,0,0,6,0,0,0,2,0,0,0,0,0,0,0,2,2,0,1,0,0,0,1,3,0,0,0,0,0,1,0,0,0,0,0,0,1,0,0,1,0,0,0,0,0,0,0,0,0,0,0,0,0,0,0,0,0,0,1,1,0,0,0,0,0,2,0,0,0,0,0,1,0,0,0,0,0,0,0,0,0,0,1,0,2,0,0,0,0,0,2,1,1,0,0,1,0,0,1,3,4,0,0,0,0,0,1,1,0,0,0,0,0,0,3,0,0,0,0,0,0,0,0,0,0,0,0,1,0,2,1,4,0,1,0,0,0,0,0,0,0,0,0,0,0,0,0,1,0,0,0,0,1,0,0,0,0,0,0,1,0,0,0,0,1,0,0,0,0,0,0,0,0,0,0,0,0,0,0,0,0,0,0,1,0,0,0,0,0,0,1,0,0,0,1,0,1,2,0,0,0,0,0,0,0,0,0,1,0,1,0,0,0,2,0,0,0,0,0,0,1,0,0,0,0,1,0,0,0,1,0,0,0,0,0,0,0,0,0,0,0,0,1,0,0,0,0,0,2,0,2,0,0,3,0,0,0,0,0,0,0,0,0,0,0,0,0,0,0,0,1,1,0,1,5,0,1,0,0,0,1,0,0,1,0,0,1,0,0,0,0,0,0,2,0,0,0,0,0,1,0,0,1,0,1,0,0,1,0,0,2
GENE085,1,0,0,0,0,0,0,0,1,0,1,0,0,1,1,0,0,2,0,0,1,0,1,1,0,0,0,0,0,1,0,0,0,0,0,0,0,0,1,0,1,0,2,1,0,0,0,0,1,2,0,0,1,0,0,1,0,0,2,0,1,0,0,0,0,0,1,0,0,0,0,0,0,0,0,1,2,0,0,0,0,0,0,0,1,0,0,0,0,0,0,0,0,0,0,0,0,0,2,0,0,0,0,1,0,1,0,2,0,1,0,1,0,1,0,2,1,0,0,0,0,0,0,0,0,0,1,0,3,3,4,1,0,0,0,0,0,0,0,0,0,1,0,0,0,1,0,0,0,0,0,0,0,0,0,1,0,0,0,0,0,0,0,0,0,0,0,1,0,1,2,0,0,0,0,0,0,0,0,0,0,0,0,2,1,0,1,0,0,0,0,1,0,0,0,1,0,0,0,1,0,1,2,0,1,0,2,0,0,1,0,1,0,0,2,2,1,0,0,0,2,2,0,0,0,0,0,0,0,0,2,0,1,0,0,0,1,0,0,0,0,0,0,0,0,0,1,0,3,0,0,0,0,0,0,0,0,1,0,0,0,0,0,0,2,0,0,0,0,1,0,0,0,0,0,1,0,0,1,0,0,0,0,0,0,0,1,0,0,0,0,0,0,0,0,2,0,0,0,1,0,0,0,0,0,3,0,2,0,0,4,0,2,0,1,0,0,0,1,1,0,0,0,0,0,0,1,1,0,1,0,0,1,0,2,0,0,0,2,0,0,0,1,0,0,1,0,0,2,0,1,0,0,0,0,0,1,2,0,0,0,0,1,0,0,0,0,0,0,0,0,0,0,2,0,0,0,1,1,0,1,0,0,2,0,0,0,3,0,2,1,0,0,0,0,0,0,3,0,0,0,0,0,0,0,0,2,1,0,0,0,0,0,0,0,0,0,0,0,0,0,0,3,0,0,0,1,0,0,0,0,0,0,0,3,0,0,0,0,0,0,0,0,0,0,0,0,0,2,1,0,0,2,1,0,0,0,1,1,0,0,0,0,0,0,0,0,0,0,0,0,1,1,1,0,1,0,2,0,2,0,0,3,2,0,1,1,0,0,0,0,0,0,0,0,0,0,1,0,1,0,1,0,0,0,0,0,0,0,0,4,1,0,0,0,0,0,0,0,0,0,0,0,0,0,0,0,0,1,0,0,2,0,0,0,0,2,0,0,0,0,0,0,1,0,1,3,1,0,0,0,0,0,0,0,0,0,0,0,0,1,1,1,0,0,0,0,2,0,0,0,0,0,0,0,0,1,0,0,0,0,0,0,0,0,0,0,0,0,0,2,0,0,0,0,1,3,0,0,0
GENE086,2,0,0,0,0,1,0,1,0,0,0,0,0,1,2,0,0,2,1,0,0,0,0,0,0,2,0,2,0,0,0,0,0,0,2,1,0,0,0,0,0,0,0,0,0,0,0,0,0,0,0,0,0,2,0,0,0,0,0,0,0,0,0,0,0,3,0,0,0,0,0,0,1,0,0,0,0,1,1,1,0,0,0,0,3,0,0,0,1,0,0,1,0,0,0,2,0,0,0,1,0,0,0,0,0,1,0,0,0,0,0,0,0,0,0,0,0,0,1,0,0,0,0,1,0,0,0,0,0,0,1,0,0,0,2,2,0,0,0,1,2,0,0,0,0,0,0,0,0,0,1,0,0,0,0,0,0,1,0,0,1,1,0,0,0,0,0,0,1,0,3,0,1,0,0,0,0,0,0,0,0,1,0,0,0,0,3,0,0,0,0,0,0,0,0,0,1,2,0,0,0,1,0,0,0,0,1,0,0,0,0,0,1,0,1,0,2,0,0,0,0,0,3,0,1,0,0,0,0,0,0,0,2,0,1,0,0,0,0,0,1,0,0,1,0,0,0,2,1,1,0,0,0,0,0,0,1,0,0,0,0,0,0,0,1,0,0,0,1,2,1,0,0,0,0,0,1,0,0,0,4,0,0,2,1,1,0,1,1,0,0,0,0,0,1,0,0,0,0,0,0,0,1,0,0,1,1,0,0,0,0,0,0,0,1,0,0,0,0,0,0,0,0,0,0,0,0,0,0,1,0,0,0,0,1,4,1,0,0,0,0,0,0,0,0,1,0,0,0,0,1,0,0,0,0,0,0,0,0,0,0,0,0,0,0,0,0,1,1,1,1,0,0,0,0,3,0,0,1,0,0,0,1,0,1,0,0,0,3,0,0,1,0,0,1,0,1,0,0,0,0,0,2,0,0,0,1,0,0,1,0,0,0,1,1,0,0,0,0,0,0,0,1,0,1,0,0,0,0,0,0,0,0,0,0,0,1,4,0,0,1,1,0,0,0,0,0,0,0,2,0,1,2,0,0,1,1,0,0,1,0,0,0,0,0,0,0,0,2,1,0,0,0,0,0,0,1,1,0,0,1,0,0,0,2,0,0,2,0,2,0,0,1,0,0,0,0,0,1,0,0,0,0,0,0,0,1,0,1,0,0,0,0,0,0,0,0,2,0,0,0,0,0,1,0,3,0,0,0,0,0,0,0,1,0,1,3,0,1,0,0,0,0,0,1,0,0,0,0,0,1,0,2,0,0,0,0,0,0,0,1,0,0,0,2,1,0,0,1,0,0,0,0,0,0,1,0,0,0,0,3,3,1,1,0,0,2,2,0,1,0,0,1,0,0,0,1,0,1,0
GENE087,6,0,0,0,0,0,0,0,0,2,1,1,0,0,1,0,0,1,0,1,1,0,0,0,0,1,1,0,0,0,0,0,0,0,0,0,0,0,0,0,0,0,0,1,2,0,0,0,0,1,0,1,0,0,0,0,0,0,0,0,0,0,0,0,0,2,1,0,0,0,0,1,1,1,0,0,0,0,0,0,0,0,0,1,1,0,0,0,2,1,2,0,2,0,0,0,0,0,0,0,0,0,0,0,0,0,0,0,0,0,0,0,2,1,1,0,1,0,0,0,0,4,1,0,0,0,0,1,4,1,0,1,0,0,1,0,0,0,0,0,0,1,0,0,0,2,0,0,1,0,0,0,0,0,2,0,1,1,0,0,0,0,0,0,0,1,0,0,2,4,0,0,0,0,1,0,0,2,0,0,0,0,0,4,0,0,0,0,0,0,0,1,0,1,1,0,0,0,0,0,0,0,2,1,0,0,0,0,0,1,0,0,0,0,0,0,0,0,0,0,0,0,0,0,0,0,0,0,0,0,0,0,0,0,0,0,0,0,1,0,0,0,2,0,0,0,0,0,0,0,0,0,0,2,0,1,1,0,4,0,0,0,0,0,0,1,1,0,0,0,0,0,0,3,0,0,0,2,0,1,0,1,2,0,0,0,1,0,0,0,2,0,0,0,0,1,1,0,0,0,0,0,3,0,1,1,1,0,0,0,0,0,0,0,0,0,0,0,2,3,0,0,0,3,2,1,0,1,0,2,0,3,1,0,0,0,1,0,0,0,0,1,2,0,0,0,0,0,0,0,1,0,0,1,0,0,0,2,0,0,2,0,0,0,0,1,0,0,0,0,0,0,0,1,0,1,0,0,0,2,0,0,0,0,0,0,0,0,0,0,0,0,0,0,1,1,0,0,0,0,0,0,1,0,0,2,1,0,0,0,0,0,0,0,0,0,0,0,0,2,0,0,1,0,0,0,0,0,0,0,0,1,0,0,0,4,0,0,0,0,0,1,0,0,2,1,0,0,0,0,2,0,0,0,0,0,0,1,0,0,0,2,0,0,0,1,0,0,1,0,1,0,0,1,3,0,0,0,1,0,0,1,1,0,0,2,0,0,0,1,0,2,0,0,0,0,0,0,0,3,1,1,2,0,0,0,0,0,0,0,0,0,0,1,0,0,1,0,0,0,0,2,0,0,1,0,0,0,0,1,0,0,2,2,1,1,0,0,0,0,0,0,0,0,0,0,1,0,0,0,0,0,0,0,0,0,0,0,0,0,0,0,0,0,0,0,0,0,0,0,0,0,0,0,0,0,0,1,0,0,1,0,0,3,0,0,0,1,0,0,1,0,0,0,0,0,3,1,0,0
GENE088,1,12,0,0,0,0,0,0,3,0,0,0,0,2,0,0,0,1,0,0,1,0,0,0,1,1,0,0,0,0,0,0,0,2,1,0,0,0,0,0,1,0,0,2,0,0,0,0,0,0,0,0,0,0,0,0,0,0,1,0,0,0,1,0,0,2,1,0,0,2,0,0,0,0,0,0,0,0,0,0,0,0,1,0,1,1,0,1,1,1,0,0,0,0,0,1,0,0,0,0,0,0,0,0,3,3,1,2,0,0,0,3,0,0,0,0,0,3,0,0,0,0,1,0,0,0,0,0,0,0,0,1,0,0,0,0,0,0,0,0,0,0,0,0,0,0,0,0,0,0,1,0,2,0,1,1,0,1,1,1,0,0,1,1,0,0,0,0,0,0,2,0,0,0,0,0,1,0,0,0,0,1,1,0,0,1,0,1,0,0,0,0,0,0,1,0,0,3,0,0,0,0,0,0,0,0,0,0,0,1,0,0,1,0,0,0,0,0,0,0,0,0,1,0,4,0,1,1,1,0,0,2,1,0,0,0,0,0,0,0,0,0,1,1,0,0,1,1,0,0,0,0,0,2,0,0,1,0,1,0,0,1,0,0,0,0,1,0,0,0,1,3,0,2,2,0,0,0,0,0,0,0,0,0,1,2,1,0,1,0,0,0,0,0,1,2,0,0,1,0,0,0,0,2,0,0,0,0,0,0,1,0,0,0,0,1,1,0,4,0,0,0,0,1,0,2,0,0,0,0,1,2,0,0,0,0,3,2,1,0,0,0,0,0,0,0,0,0,1,0,3,0,0,0,0,0,0,0,0,0,0,1,0,1,1,0,0,0,0,0,0,1,0,0,0,0,0,0,0,0,0,0,0,1,2,0,0,0,0,0,0,0,0,0,0,1,0,0,0,0,0,0,0,0,0,1,0,1,0,0,2,0,0,0,0,0,1,0,0,4,0,2,0,0,0,0,0,0,0,0,0,0,0,0,0,0,0,0,1,1,0,0,0,0,0,0,0,0,0,0,0,0,0,0,0,0,1,0,0,0,0,0,0,0,0,2,0,0,0,0,0,0,0,0,0,0,0,0,0,0,1,0,1,0,0,0,0,0,1,1,0,0,0,1,3,0,1,0,0,0,0,0,0,0,0,0,1,0,2,0,0,1,1,0,0,0,0,0,0,1,0,2,0,0,0,4,1,0,0,0,2,0,0,0,0,0,0,0,0,0,0,0,0,1,0,1,0,0,2,0,0,1,0,0,2,1,0,0,1,0,0,0,0,0,1,0,0,1,0,2,1,0,1,1,0,0,0,0,0,0,0,2,1,1,0,1,0,0,0,1,0,0,0,0,0,0,3,1,0,0
GENE089,2,1,0,0,0,0,1,0,4,0,1,0,0,1,0,0,0,0,0,0,0,4,1,2,0,0,0,0,0,0,0,0,0,0,0,1,0,0,3,0,0,0,0,0,0,2,0,0,0,0,0,0,0,0,0,0,0,0,1,0,0,0,0,4,0,1,0,1,0,0,0,0,0,0,0,1,0,0,0,1,0,0,1,3,0,0,3,0,0,0,0,0,0,1,1,0,0,0,0,0,0,0,0,0,0,0,2,0,0,0,0,0,2,0,0,0,1,1,1,0,0,0,0,1,0,2,0,0,3,0,0,0,0,0,0,0,0,0,0,0,0,0,0,0,0,1,0,0,1,0,1,7,0,0,3,0,0,1,0,1,0,0,0,0,0,0,0,0,0,0,0,0,1,0,0,1,1,0,1,0,0,0,0,0,0,1,0,0,0,0,0,0,0,0,0,0,0,0,1,0,0,1,0,0,1,1,1,0,0,0,0,0,1,0,0,0,0,0,0,1,1,0,0,0,1,0,0,0,1,0,0,0,0,0,0,0,2,1,0,1,0,0,0,0,2,0,0,0,1,0,0,0,0,0,1,0,0,1,0,0,1,0,0,0,0,0,0,0,0,0,0,0,1,3,0,1,0,1,0,0,0,0,0,0,0,0,1,0,0,0,0,0,0,0,0,0,0,0,0,1,0,2,1,0,0,1,1,0,0,1,1,0,0,1,0,0,0,0,1,0,0,1,0,0,0,1,2,0,0,0,2,1,0,0,0,0,1,0,1,0,1,0,0,0,0,0,0,0,0,1,0,0,0,0,0,0,0,0,0,1,0,0,2,0,0,0,0,0,0,1,0,0,0,3,0,1,0,1,1,0,1,1,0,0,1,1,0,0,0,0,0,0,2,0,0,0,0,0,0,0,0,0,0,1,1,0,0,0,0,9,2,1,0,0,1,0,0,0,0,2,0,0,0,0,0,0,0,0,0,0,0,0,0,2,0,0,0,0,0,0,0,0,0,0,0,0,0,0,1,0,1,0,0,0,0,0,0,0,0,1,0,1,0,1,0,0,0,1,0,0,1,1,0,0,0,0,0,0,2,3,0,0,0,0,0,0,1,0,0,1,0,1,2,1,1,0,1,0,0,1,0,0,0,0,0,3,3,0,0,1,0,0,0,0,0,2,0,0,0,0,0,4,3,0,0,0,1,1,0,0,0,0,1,2,3,0,0,2,0,0,0,0,0,2,0,1,0,0,2,0,0,1,0,0,0,0,0,0,1,0,1,0,0,2,1,0,1,0,0,0,0,0,0,0,0,0,2,0,0,0,1,0,0,1,0,0,0,0,0,0,0,0,4,0,2,0,1,2,0,0
GENE090,1,3,0,2,0,0,0,0,0,0,0,0,0,0,0,1,0,0,0,0,0,0,0,1,0,0,0,0,0,1,0,0,0,0,0,0,1,1,1,0,2,1,1,0,0,0,0,0,1,0,0,0,0,1,0,0,0,0,0,0,1,0,1,1,0,0,1,0,0,0,0,2,0,0,0,0,0,0,0,3,0,0,0,0,0,0,0,0,1,0,1,0,3,0,0,0,0,0,0,0,0,1,0,0,0,3,0,0,0,1,0,0,0,0,0,0,0,1,0,0,1,0,0,0,0,0,0,0,0,0,0,1,0,0,0,0,0,0,0,0,0,1,0,0,0,1,0,0,0,0,0,0,0,0,3,0,0,1,1,3,0,0,0,0,0,0,0,0,0,0,0,0,0,1,1,1,0,0,0,0,0,0,0,0,0,0,0,1,0,0,0,0,0,0,0,0,0,0,0,0,0,0,3,3,0,0,0,0,0,0,0,0,0,0,0,1,1,0,0,0,0,1,0,0,0,0,0,0,0,0,0,0,0,0,0,0,0,0,0,1,0,0,0,0,1,0,0,0,0,0,0,0,2,6,0,0,0,0,0,1,0,0,0,0,0,0,1,0,0,0,0,0,1,0,0,0,0,2,1,0,0,0,0,0,0,1,0,0,0,0,0,0,0,0,0,0,0,0,0,0,0,1,0,0,2,1,0,0,0,0,0,1,0,0,0,0,0,0,0,0,0,0,0,0,1,0,2,0,0,1,1,0,1,0,0,0,0,0,0,0,0,1,0,0,0,2,0,0,0,0,0,2,0,0,0,0,0,0,0,0,0,0,0,0,0,0,0,0,0,0,0,0,0,1,1,0,4,0,0,3,3,0,0,0,0,0,0,0,0,0,0,0,0,1,0,0,0,0,0,0,0,0,0,1,0,0,0,0,0,0,0,0,0,0,0,1,0,0,1,1,0,0,1,0,1,0,0,0,1,0,0,1,0,3,0,0,0,0,0,1,0,0,0,0,1,0,1,1,0,0,0,1,0,0,0,1,2,0,0,1,0,0,0,5,1,0,0,0,0,0,0,0,0,2,0,2,0,1,0,2,3,0,1,0,0,0,0,0,0,0,0,0,0,0,0,0,0,1,0,0,0,0,0,0,0,0,0,0,3,0,1,0,0,0,1,0,1,0,0,0,0,1,0,0,0,0,0,1,1,0,0,1,0,0,1,0,0,0,0,0,0,0,0,0,0,0,0,0,0,0,0,0,1,0,0,0,0,4,0,0,0,0,0,0,5,0,0,0,4,0,0,0,1,1,0,1,3,0,0,0,0,0,0,2,0,1,1,0,0,0,0,0,0,0,1,0,0,0,0,0
GENE091,0,4,1,0,0,0,0,0,0,0,1,0,1,2,1,0,0,1,0,0,4,0,0,2,0,0,0,0,0,0,0,0,1,0,0,0,0,0,0,0,2,0,0,0,0,0,1,0,0,0,1,0,0,0,0,0,0,0,0,0,0,0,0,0,0,0,0,0,0,0,0,1,0,0,0,1,0,1,0,2,0,0,0,0,2,2,0,0,1,1,0,0,0,0,0,0,2,0,1,1,0,0,0,0,0,3,1,0,2,1,0,0,0,0,0,0,0,0,1,0,1,1,0,2,1,0,0,1,0,1,0,0,0,0,0,0,0,1,0,0,0,0,0,0,0,2,0,0,0,1,0,0,1,0,1,0,0,0,1,0,1,0,1,0,0,0,0,1,0,0,0,0,0,0,0,0,0,1,0,0,0,1,0,0,0,0,3,0,0,0,1,0,1,0,0,0,0,0,0,0,0,0,0,0,2,0,2,0,0,0,2,1,0,0,1,0,0,0,0,1,0,1,0,0,0,0,1,0,0,0,2,0,1,0,1,3,1,2,3,2,1,0,2,1,2,0,0,0,0,0,0,0,0,1,1,0,0,0,0,1,0,1,0,0,0,0,0,1,0,0,0,1,1,0,0,0,0,1,0,0,0,0,0,0,0,2,1,0,0,0,0,0,1,0,0,0,0,0,0,0,0,0,6,0,0,1,0,0,0,3,0,0,0,2,1,0,1,1,0,1,0,0,0,0,0,0,0,0,2,0,2,0,0,0,0,0,0,0,0,0,0,1,0,1,1,0,1,0,0,0,0,0,0,0,0,0,0,1,0,0,1,0,0,0,0,1,0,0,0,0,1,0,0,0,0,0,1,0,4,0,1,0,0,0,0,0,0,1,0,0,0,0,0,0,1,1,0,0,0,0,0,0,0,1,0,1,0,0,0,0,1,0,0,0,1,0,0,0,0,2,0,0,2,0,0,0,0,0,0,0,0,0,2,1,1,0,0,0,0,1,3,1,0,0,0,0,1,0,0,0,0,0,0,0,0,0,0,0,0,0,0,0,1,2,0,0,0,0,0,1,0,0,2,0,0,1,0,0,0,1,1,0,0,0,0,2,0,0,0,0,0,1,1,0,0,0,2,0,0,1,0,1,0,1,0,1,0,0,0,1,0,1,0,0,0,1,0,0,0,0,0,2,1,0,0,1,0,0,0,0,0,0,0,0,0,0,2,0,0,2,0,0,0,0,0,0,0,3,0,0,0,0,0,0,0,0,0,0,0,0,0,4,1,7,0,0,2,1,1,0,1,0,0,0,0,0,0,0,3,0,0,0,0,0,0,1,0,0,1,0,0,0,0,0,0,1,6,1,1,0
GENE092,0,0,0,0,0,0,0,0,1,0,0,1,0,2,0,0,1,0,0,1,0,1,0,2,0,1,0,0,1,1,0,0,0,0,0,0,1,0,0,0,0,1,0,0,1,0,1,1,0,0,0,0,0,1,1,1,1,1,0,0,0,1,1,1,1,1,0,0,0,0,0,0,1,1,0,0,1,0,2,0,0,1,1,0,0,0,0,1,0,0,0,1,3,0,2,1,0,0,0,1,0,1,0,1,0,1,0,0,0,2,0,0,0,0,1,0,0,0,0,1,0,0,1,0,0,0,0,0,0,3,0,0,0,0,0,3,0,2,0,0,7,0,0,1,0,0,0,2,0,0,0,0,1,0,0,0,0,0,1,0,0,0,0,0,0,0,0,3,0,0,0,0,0,0,0,2,0,0,0,0,1,1,1,0,0,0,0,0,1,0,0,2,0,1,0,1,0,0,0,0,0,0,0,1,0,0,0,0,1,0,0,0,0,0,0,0,0,1,1,0,0,1,0,0,0,0,0,0,0,1,0,3,0,0,0,1,0,0,0,0,0,0,0,2,1,0,0,0,0,2,3,0,0,0,0,0,1,0,0,0,1,0,0,0,0,3,0,0,0,1,0,1,0,0,0,1,1,0,0,0,0,0,0,1,0,0,0,1,0,0,0,1,0,0,0,0,0,0,0,0,0,0,1,0,0,2,0,0,0,0,1,0,2,4,0,0,0,1,0,3,0,0,0,0,0,0,0,1,0,0,1,1,0,0,0,0,2,0,2,2,1,0,0,0,0,0,0,0,0,0,0,0,0,2,0,1,1,0,1,0,0,0,0,0,1,0,1,0,0,0,1,3,0,0,0,1,0,1,0,0,0,0,0,2,0,0,2,0,0,2,0,2,0,0,0,0,0,0,5,0,0,0,0,0,0,0,0,1,0,1,1,0,0,0,1,0,0,0,0,1,1,0,1,0,0,2,0,0,1,0,0,0,0,0,0,1,1,2,1,4,0,2,0,3,0,0,0,0,0,0,0,0,0,0,0,0,0,0,1,0,0,0,0,1,0,1,0,0,0,0,0,0,0,1,0,2,0,0,2,0,0,0,3,0,0,0,0,1,0,0,0,1,0,0,0,0,0,1,0,1,0,0,0,1,0,1,0,0,0,0,0,1,0,0,0,0,1,0,0,0,0,0,0,0,0,0,1,2,0,2,2,0,1,0,2,0,0,1,0,0,0,0,0,0,0,0,0,1,0,0,0,2,0,0,0,1,1,0,0,0,0,0,0,1,0,0,0,1,0,0,0,0,0,0,0,0,0,0,0,0,0,0,0,1,1,1,1,0,0,0,0,0,0,0,0,0,0,0,0,0
GENE093,1,2,0,0,0,0,0,1,0,0,3,0,0,0,2,0,0,0,0,0,0,0,0,1,2,1,0,3,0,0,0,0,0,0,2,0,0,0,0,1,0,0,0,1,0,0,1,1,0,0,0,1,0,0,0,0,1,0,1,0,0,0,0,0,0,0,1,0,0,0,1,0,1,0,0,0,0,0,1,0,0,2,0,0,2,0,0,1,1,0,2,0,0,0,0,1,0,0,0,0,0,0,0,0,0,0,0,0,0,0,0,0,1,1,1,0,0,0,2,1,0,0,0,0,0,0,0,0,0,0,0,0,0,1,1,0,1,0,0,0,0,0,0,0,0,0,0,1,0,0,0,0,0,0,0,0,0,0,0,0,0,0,0,0,0,0,3,0,0,0,0,0,0,0,0,1,0,0,0,0,0,0,0,0,0,1,0,0,0,0,0,2,1,0,0,0,0,0,0,2,0,1,0,0,0,0,0,0,0,1,1,0,0,0,1,2,0,0,0,0,0,0,0,0,0,0,0,0,0,0,0,0,1,0,0,1,0,1,1,1,0,0,0,2,0,0,0,4,1,0,0,0,1,0,0,0,1,0,0,0,1,1,0,1,0,0,2,0,2,0,0,0,2,0,0,0,0,0,0,0,0,1,2,0,1,0,0,1,0,0,0,0,0,0,2,0,0,0,0,2,2,1,0,0,0,0,0,1,2,0,0,0,0,0,0,0,0,0,0,0,1,1,0,0,0,0,0,0,2,0,3,0,0,0,0,1,0,0,0,0,0,0,0,0,0,2,0,1,2,0,0,0,0,1,0,0,1,0,0,0,0,0,0,0,0,2,0,0,0,0,0,0,0,0,0,0,0,0,0,0,2,0,0,0,0,0,0,0,0,0,0,0,1,0,0,0,0,0,0,1,0,0,0,3,0,0,0,0,1,1,1,0,1,0,0,0,0,0,0,0,0,0,1,2,0,0,0,0,2,0,0,0,1,0,1,0,0,1,0,0,0,1,0,0,1,1,0,0,0,0,0,0,0,0,0,0,1,0,0,2,1,0,0,0,1,1,0,0,0,0,0,0,0,0,0,0,0,1,0,1,0,0,0,2,1,1,0,0,0,0,0,0,0,0,0,1,0,0,0,0,0,0,0,0,0,0,0,0,0,1,0,0,0,0,1,0,0,0,0,1,0,0,0,0,0,0,0,0,0,0,0,2,0,0,1,0,0,0,0,0,0,0,0,0,0,2,0,0,0,0,0,1,0,2,0,0,0,1,0,0,0,1,0,1,0,0,0,0,0,0,0,0,0,0,0,1,0,0,0,0,0,0,0,0,0,0,0,0,8,0,0,0,0,0,1,0,0,0,3,2
GENE094,0,0,1,0,0,0,0,0,0,0,0,1,1,0,0,0,0,1,0,0,1,0,2,1,0,0,0,0,0,0,0,0,0,2,1,0,1,0,0,0,1,0,0,0,0,0,0,2,0,0,0,1,0,0,0,0,0,0,0,0,1,0,0,2,0,0,0,0,0,0,0,1,3,4,0,2,0,0,0,2,0,0,0,0,0,0,0,1,0,0,0,0,0,0,0,1,0,0,0,0,0,1,0,0,0,0,0,5,3,0,0,0,1,2,0,0,1,0,1,0,0,1,0,0,1,0,1,1,3,0,0,0,0,0,1,1,0,0,0,3,0,0,0,0,0,0,0,1,0,0,0,0,1,0,0,0,0,0,2,1,0,0,3,0,0,0,1,0,0,1,0,0,0,0,0,0,0,0,0,0,1,0,0,4,0,1,0,0,1,0,1,0,1,0,0,0,0,0,0,0,1,1,1,0,0,0,0,1,0,0,0,0,0,0,0,0,0,0,0,1,0,0,0,0,0,0,2,1,0,0,0,0,0,2,0,2,1,0,0,0,0,2,0,0,0,0,0,0,2,0,0,1,2,2,2,0,0,0,0,0,0,0,0,1,0,0,0,0,0,0,1,0,0,0,0,0,0,0,0,0,1,1,0,0,0,1,0,3,0,0,0,0,0,1,1,0,1,0,2,0,0,0,3,1,1,1,0,0,1,1,0,0,0,1,0,0,1,0,0,2,0,0,0,0,0,0,3,0,2,0,0,0,0,0,1,0,0,0,0,0,0,1,0,0,0,0,1,1,0,0,0,0,0,0,0,0,2,1,0,0,0,0,0,0,0,2,0,0,0,0,0,0,0,1,0,1,0,0,0,1,0,0,1,0,1,0,0,0,2,0,0,0,0,0,1,0,1,0,0,0,0,0,0,0,0,2,1,0,0,0,0,0,0,0,0,2,0,1,2,0,0,1,0,0,0,3,0,6,0,0,1,0,0,0,1,0,0,0,3,0,1,0,0,0,0,0,0,0,0,0,1,0,0,0,0,1,0,1,0,0,0,2,0,0,0,0,0,0,0,0,0,1,0,0,1,1,0,3,0,0,1,0,0,0,0,0,0,0,0,1,3,0,0,0,0,0,0,0,0,0,0,0,0,0,0,0,0,1,0,0,0,0,0,0,0,0,0,1,0,0,0,0,0,0,1,0,1,2,0,0,1,1,0,0,0,0,1,0,0,0,0,0,0,0,1,0,0,0,1,0,0,0,0,0,0,1,0,0,0,2,0,2,1,3,1,2,2,0,3,0,0,0,1,0,2,3,1,0,1,0,0,0,1,2,0,0,0,0,0,0,0,0,0,0,1,0,0,0,0,0
GENE095,0,0,0,0,2,0,1,1,0,0,1,0,0,0,0,0,0,3,1,0,4,0,0,1,0,1,2,0,0,0,0,1,0,0,0,0,1,0,0,0,0,0,0,0,5,0,0,0,0,0,0,1,1,1,0,0,0,0,0,0,0,0,0,0,0,0,0,0,0,0,0,0,2,0,1,0,1,0,0,0,0,0,0,0,1,0,0,2,0,0,0,1,1,0,0,0,1,0,0,0,1,0,0,0,0,2,1,0,0,0,0,0,0,0,0,1,0,1,0,0,0,0,2,0,0,0,0,0,1,0,0,0,0,0,0,0,0,0,0,0,1,3,0,0,0,0,0,0,0,0,3,0,0,0,1,0,0,0,0,0,0,1,2,0,0,0,0,0,0,0,2,0,0,0,0,0,0,0,1,0,2,0,2,0,0,3,4,0,0,0,1,2,0,0,1,0,0,0,0,1,0,0,0,1,0,0,0,0,1,1,0,0,0,1,0,0,0,0,0,1,0,0,0,0,1,0,0,0,1,3,0,0,0,1,1,0,1,0,2,0,0,0,0,0,0,0,0,1,0,0,0,0,3,0,0,0,0,0,0,1,0,0,0,0,1,1,0,2,0,1,0,0,0,0,0,0,0,0,0,0,0,0,0,0,0,0,1,0,0,0,2,1,0,0,0,0,0,0,0,0,0,0,0,1,0,0,0,0,2,1,0,0,2,1,0,0,0,0,2,0,1,0,0,0,0,0,0,0,0,3,0,0,0,0,0,0,1,0,0,0,0,0,1,0,0,1,4,0,0,0,0,0,0,0,0,1,0,0,0,0,0,0,0,0,0,1,0,0,0,0,0,0,2,0,0,0,0,0,0,0,1,1,3,0,0,0,0,0,0,0,1,0,0,0,0,0,0,0,0,4,0,0,3,0,1,0,0,0,0,0,0,0,1,0,0,0,0,1,0,0,0,1,0,0,0,0,0,0,1,0,0,0,1,0,0,0,0,1,0,0,0,0,1,0,2,0,0,0,0,0,0,0,0,0,0,0,0,2,0,3,0,0,0,0,0,0,0,0,2,0,0,1,1,0,1,0,0,0,0,0,0,0,0,0,0,0,0,0,0,0,0,0,0,0,1,0,0,0,1,2,0,0,0,0,1,0,0,0,0,0,0,3,0,0,0,0,0,0,0,0,0,0,0,0,0,2,0,0,0,0,0,0,0,0,0,0,0,0,0,0,0,1,0,1,0,0,0,1,0,0,0,0,0,0,0,1,0,1,0,0,0,0,7,0,1,0,0,0,0,1,1,0,0,0,2,0,0,0,0,0,0,0,1,0,1,0,0,2,2,0,0,1,0,0,0,0,0,0,0,0
GENE096,0,0,0,0,0,0,0,0,0,1,0,0,3,3,0,1,0,0,0,0,0,0,0,0,1,3,1,1,3,1,0,0,0,0,0,0,2,0,0,0,0,1,1,1,0,1,0,1,0,1,1,0,0,1,0,2,0,0,0,2,2,1,0,3,0,0,0,0,0,0,0,1,0,1,1,0,5,0,1,0,0,0,0,0,0,0,0,0,0,0,1,0,0,0,0,1,0,1,0,3,0,0,0,0,0,0,0,1,3,2,0,1,0,0,1,1,0,1,0,0,0,1,0,1,0,1,0,1,0,0,0,0,0,0,1,0,0,0,0,3,0,0,0,0,0,0,0,0,2,1,0,0,1,0,0,0,0,0,0,0,1,0,2,1,0,0,0,3,1,1,0,0,0,0,0,0,1,0,0,0,0,1,0,0,0,0,0,0,0,0,0,0,0,0,0,0,0,2,1,0,0,0,0,1,1,0,0,0,0,2,0,0,0,0,0,0,0,1,0,0,4,1,1,1,0,0,0,0,0,0,0,1,0,0,1,2,0,0,0,0,0,0,0,0,0,0,0,0,1,0,1,0,0,0,0,0,0,0,0,0,0,0,0,0,1,0,0,0,0,1,0,0,0,0,2,1,2,1,0,0,1,0,3,0,1,0,0,1,2,0,2,0,0,0,0,1,0,0,0,0,1,0,0,0,1,0,1,0,0,0,0,0,0,3,1,0,0,0,2,0,0,2,0,0,2,1,1,0,3,0,2,0,0,0,0,0,1,1,0,1,0,0,1,0,0,0,0,1,4,0,0,1,0,0,0,0,1,0,0,0,0,0,0,1,0,0,1,0,0,0,0,1,0,0,0,0,1,0,0,0,0,0,0,0,0,0,2,1,0,0,0,0,0,0,1,3,0,0,0,1,0,2,0,0,0,2,0,0,0,0,0,1,0,1,2,0,0,0,0,0,0,0,0,1,0,0,0,0,0,0,1,0,0,1,0,0,1,2,0,0,2,0,0,0,0,0,0,0,1,1,0,1,0,0,0,0,0,0,0,0,0,2,0,0,0,2,0,0,0,0,0,0,0,1,0,0,1,1,0,0,1,1,0,0,1,1,0,1,0,0,0,0,0,0,0,0,0,0,0,0,0,0,1,0,0,0,0,0,0,0,1,0,0,0,1,1,0,0,1,0,0,0,0,0,0,0,0,0,0,0,0,0,0,0,0,0,0,0,0,1,0,0,0,1,1,0,2,0,0,0,0,1,1,0,0,0,0,1,0,0,0,0,1,0,0,0,0,0,3,0,0,0,0,0,0,0,0,0,0,0,0,0,0,1,0,0,1,0,1,1,1,0,0,0,0,0,3,0,0,0
GENE097,0,0,0,0,0,1,0,0,2,0,1,0,0,0,1,0,0,2,0,0,0,1,0,1,0,4,0,0,0,4,0,0,2,0,0,0,1,1,0,0,0,0,0,1,0,0,0,0,0,1,0,0,0,0,0,1,0,0,1,0,2,0,1,4,0,0,0,1,0,0,0,0,0,0,0,0,0,0,0,0,0,0,1,0,0,1,0,0,0,0,3,1,0,0,0,1,0,0,3,3,0,0,1,0,1,0,0,0,0,8,1,0,0,1,0,1,0,0,3,0,0,0,0,0,0,1,1,1,0,0,0,1,0,0,0,0,0,0,0,0,0,0,0,2,0,3,0,0,0,0,0,2,1,0,0,0,0,0,0,0,0,0,2,1,0,1,0,0,0,0,0,0,0,1,1,0,0,0,0,0,1,0,0,0,0,1,0,0,0,0,0,0,1,0,0,0,0,2,0,0,0,0,2,1,0,0,0,0,0,0,0,0,0,1,0,2,0,0,0,0,0,0,0,0,0,0,1,1,0,2,2,0,0,0,0,0,0,0,0,0,0,0,1,0,0,0,0,0,1,0,0,0,3,0,0,0,0,0,0,0,0,1,0,0,0,0,0,0,1,2,0,0,0,0,0,0,0,7,0,0,3,0,0,0,0,1,0,0,0,1,1,0,1,3,1,0,0,0,1,0,2,0,0,0,1,0,0,1,1,0,0,0,1,0,0,0,1,0,2,0,0,0,0,0,0,0,0,3,0,0,1,0,0,0,0,1,0,0,0,1,0,0,0,0,0,1,0,1,0,0,0,0,4,0,0,0,0,1,0,0,0,1,0,0,0,0,0,1,0,0,0,0,0,0,0,0,0,0,0,0,0,0,0,3,0,2,2,0,0,2,0,0,0,0,0,0,0,0,0,0,0,1,0,0,0,2,0,1,0,3,0,0,0,0,0,0,0,0,0,1,0,0,0,2,1,0,0,2,0,0,1,0,0,0,0,0,5,0,0,0,0,0,1,0,1,0,0,0,0,0,0,0,0,0,0,0,0,0,0,2,0,0,0,0,1,0,0,0,0,0,0,0,1,4,0,0,1,0,0,0,0,0,0,0,0,0,0,0,1,0,0,0,0,0,0,0,0,0,0,1,0,0,0,1,1,0,0,1,3,0,0,0,1,0,0,0,0,0,0,0,0,1,0,0,2,0,0,0,0,0,0,0,0,0,0,0,0,0,0,0,0,0,0,0,0,0,0,0,0,0,0,1,0,0,2,1,3,0,0,0,0,1,2,0,1,0,0,0,0,0,0,0,0,0,0,0,1,0,0,0,0,0,0,0,0,0,0,3,0,0,1,5,1,0,1,0,0,0,1,0
GENE098,0,0,1,0,0,0,0,0,1,0,1,0,0,2,0,0,0,0,2,0,2,0,0,0,0,2,0,1,2,0,0,0,0,0,3,1,2,1,0,1,0,0,0,0,0,1,0,1,0,1,0,2,0,1,0,0,0,4,0,0,0,0,0,0,0,2,1,0,0,0,0,0,1,0,0,0,0,0,1,0,0,0,0,0,0,0,1,0,0,0,0,0,0,0,0,0,0,0,0,0,0,0,0,0,0,1,0,0,0,0,0,2,0,1,1,0,3,1,0,0,0,0,0,0,2,0,1,0,0,0,0,1,0,0,0,0,3,1,1,0,0,1,0,0,4,0,1,0,0,0,1,0,0,0,0,1,0,0,0,0,0,0,2,0,0,0,0,0,0,0,0,0,1,0,0,0,0,0,0,0,0,0,0,2,0,0,1,1,0,1,0,0,0,1,0,0,0,1,0,1,0,0,1,0,0,1,0,0,0,0,0,0,0,0,2,0,0,0,0,0,0,1,2,0,0,0,0,1,0,0,1,0,0,0,1,1,4,0,0,0,0,1,1,2,0,0,0,3,0,2,0,0,0,0,0,0,0,1,0,0,5,0,0,0,1,0,0,0,2,0,1,0,0,0,0,0,0,0,0,0,0,0,0,0,0,2,0,0,0,0,0,0,2,0,0,1,0,4,1,0,3,2,0,0,0,0,0,0,0,0,0,0,0,0,2,0,0,0,2,0,0,0,2,0,0,1,0,0,0,0,4,1,0,0,0,0,1,0,0,0,0,1,1,0,0,0,1,0,0,0,0,0,0,0,0,0,1,0,0,0,4,0,1,0,0,1,0,0,1,2,2,1,0,2,0,1,1,0,0,0,0,1,0,4,0,0,0,0,3,0,1,1,0,0,1,0,3,1,0,0,0,0,0,1,0,0,1,0,0,2,0,0,0,0,0,0,1,0,0,0,0,0,0,0,0,0,0,0,0,0,0,0,0,0,0,0,0,2,1,1,0,0,0,0,0,0,0,0,0,0,0,0,1,0,0,0,0,1,0,0,2,0,0,0,0,0,0,3,0,1,2,0,0,0,0,0,0,0,0,1,1,0,0,1,0,1,0,0,0,0,0,0,0,0,0,0,0,1,0,1,1,0,0,0,0,1,0,0,0,1,1,0,0,0,1,0,0,1,0,0,1,0,0,0,0,4,0,1,0,0,0,0,2,0,1,0,0,0,0,0,1,0,2,0,0,0,0,0,0,0,0,0,0,0,1,0,1,1,0,0,0,0,0,0,0,0,0,2,4,0,1,0,0,0,0,0,0,0,0,0,1,0,0,0,0,0,0,1,1,0,0,0,0,0,3,0,0,0,0,0
GENE099,0,1,3,0,0,0,0,0,2,0,2,0,0,0,0,1,0,3,0,0,0,1,5,0,1,2,0,2,0,0,0,1,0,1,0,2,0,0,0,0,0,0,0,1,0,0,0,1,0,0,0,1,0,0,0,0,0,2,1,0,0,0,0,1,0,0,0,0,0,0,0,0,0,2,0,0,0,0,0,0,1,0,0,0,1,0,1,2,0,0,0,0,2,0,0,0,0,0,0,0,0,0,0,0,0,0,2,0,0,1,1,0,0,0,0,0,0,0,2,0,0,1,0,0,4,0,0,0,2,0,0,0,0,0,0,0,1,0,0,0,0,0,0,1,0,0,0,0,1,0,0,0,1,0,1,1,0,0,0,0,0,0,0,0,0,0,0,0,0,0,1,2,0,0,0,0,0,0,0,1,0,1,0,0,0,0,0,0,0,1,0,0,2,0,3,0,0,0,0,0,0,1,1,0,0,0,0,0,0,1,2,0,1,0,0,0,0,0,0,0,0,0,1,1,0,0,0,0,0,0,0,1,0,0,2,2,2,0,0,0,1,0,0,0,0,0,0,0,2,3,0,0,0,5,0,0,1,1,0,0,0,0,0,2,0,0,0,2,0,0,2,1,0,0,0,0,0,0,0,3,1,0,0,0,3,0,0,1,0,0,0,0,0,0,0,2,0,0,0,1,0,1,0,0,0,0,0,0,0,2,1,0,0,8,3,0,0,0,0,0,0,0,0,0,0,0,0,0,0,0,2,0,0,0,0,0,0,2,1,1,1,0,2,0,0,0,0,1,0,0,1,0,0,0,0,0,0,0,0,0,0,1,0,0,0,1,0,0,0,0,0,0,0,0,1,0,0,0,0,0,0,0,0,0,0,0,1,1,1,0,0,0,0,0,0,0,1,0,0,0,0,0,0,0,0,1,0,0,0,0,0,0,0,0,1,0,0,0,0,0,0,2,5,0,0,0,1,0,0,0,0,0,1,0,0,0,0,2,0,0,0,0,0,1,0,0,3,0,1,0,1,0,1,2,0,0,0,0,0,0,0,3,0,3,0,0,0,0,0,0,0,0,0,0,0,0,0,0,0,1,0,0,0,2,0,0,0,0,1,1,0,2,1,0,0,0,1,0,0,0,0,1,0,0,0,0,4,0,0,0,0,0,0,0,1,0,0,0,0,1,0,0,0,0,0,0,1,0,2,0,1,4,0,0,1,1,0,0,1,1,1,0,0,0,0,1,0,0,0,0,0,1,1,0,1,0,0,1,1,0,1,0,2,0,0,0,0,0,0,0,0,1,0,0,0,1,0,0,0,1,0,0,0,0,0,1,0,0,2,1,2,0,1,2,0,0,0,0,0,0
GENE100,0,0,0,1,0,0,0,0,0,0,0,0,0,3,1,0,0,0,1,0,0,0,0,0,0,0,0,0,0,1,0,1,0,0,0,0,0,0,2,0,1,2,0,0,0,0,0,0,0,0,0,0,0,0,1,0,0,0,0,0,0,0,0,0,0,0,0,1,0,0,0,0,0,1,1,0,1,0,4,0,1,0,0,0,0,0,0,0,0,0,1,0,1,0,0,1,0,0,0,0,0,0,1,0,1,0,0,0,0,0,0,0,0,0,0,0,0,0,2,2,1,0,0,0,1,0,0,0,1,1,0,2,0,0,0,0,0,1,0,0,1,0,0,0,0,0,0,0,1,0,0,1,1,0,2,0,0,0,0,1,0,1,1,0,0,0,1,2,0,0,0,0,1,0,0,0,0,0,0,0,0,1,0,0,0,0,0,0,0,0,0,1,0,1,0,1,0,0,1,2,0,0,0,0,0,0,0,1,0,0,0,0,0,0,0,0,0,0,0,1,1,1,1,0,0,1,1,3,1,0,0,1,1,1,1,1,0,0,0,0,0,0,3,0,0,0,0,0,0,0,0,0,0,0,0,1,0,1,0,0,1,0,0,1,0,0,0,0,2,0,0,0,1,0,0,2,0,0,1,1,0,1,1,0,2,0,1,0,0,1,0,1,0,0,0,0,1,0,0,0,0,0,0,2,0,0,0,0,0,0,0,0,0,6,0,2,0,0,0,0,0,0,0,2,0,1,1,0,2,0,0,0,0,0,0,1,0,1,2,0,0,0,1,0,0,1,0,2,0,1,0,0,0,0,0,0,0,0,0,0,1,0,1,0,0,0,1,0,0,1,0,0,0,0,0,0,0,2,0,0,0,0,1,0,0,0,0,0,1,0,0,0,0,0,0,0,2,1,0,0,0,0,1,0,1,0,0,0,0,0,0,0,0,0,0,1,0,0,1,0,0,2,6,2,1,0,2,0,0,0,0,0,2,0,0,0,0,1,0,2,0,0,3,0,0,0,2,0,0,0,0,0,1,1,0,0,0,0,0,1,0,0,1,0,1,0,0,0,0,0,0,0,1,0,0,0,2,0,0,0,0,0,0,0,1,0,0,0,0,7,0,1,0,2,0,0,0,1,0,3,0,0,0,0,0,0,3,0,1,0,0,3,0,0,0,0,0,1,1,2,0,0,0,0,0,0,0,0,0,0,0,0,0,0,0,1,1,0,0,0,0,0,1,0,1,0,0,0,0,1,3,0,0,0,0,0,0,0,0,0,0,2,1,1,1,0,1,0,1,1,1,1,1,0,1,1,0,0,0,1,0,1,0,0,0,1,1,0,0,0,1,0,0,0,0,0,0,0,0,0
GENE101,0,0,1,0,1,2,1,0,0,0,0,0,0,0,0,0,2,1,0,1,0,0,0,0,0,0,0,0,0,0,0,0,0,1,0,0,0,0,0,0,3,0,0,0,2,0,0,0,0,0,0,0,0,0,0,0,3,0,1,0,0,0,0,3,0,0,1,0,0,0,1,0,0,2,0,0,0,0,0,1,1,0,1,0,2,0,1,0,0,0,0,0,0,1,0,0,1,0,1,0,0,1,0,0,0,0,0,0,0,1,0,0,0,0,2,0,0,0,0,0,0,1,0,1,2,0,0,0,0,0,0,0,0,0,0,0,0,0,0,2,0,0,1,0,0,0,0,0,2,0,0,0,0,0,0,0,0,0,1,1,1,0,2,0,0,0,0,0,0,0,0,0,1,1,0,0,0,0,0,0,0,1,3,0,0,0,0,1,0,0,0,0,0,0,2,0,0,0,0,0,0,0,2,0,0,0,0,0,2,0,0,0,0,0,0,1,0,0,4,0,0,0,3,0,0,3,0,1,0,0,1,0,2,0,0,0,0,0,0,0,0,0,0,1,0,0,0,3,1,0,0,0,0,1,0,0,0,0,0,1,0,0,0,0,1,0,4,0,0,1,1,1,0,0,0,3,0,0,0,0,1,1,0,0,1,0,0,0,0,0,0,0,0,0,0,2,0,0,0,0,1,0,0,1,0,0,0,0,0,0,0,0,0,0,0,0,0,0,0,0,0,1,0,1,0,0,0,0,0,0,0,0,0,0,0,1,0,0,0,1,0,0,0,0,0,0,0,0,0,0,0,1,0,0,1,0,1,0,0,0,0,0,0,1,0,0,2,0,1,0,0,1,0,0,0,0,0,0,0,2,2,0,1,1,0,0,1,0,0,0,0,0,0,0,0,0,0,1,0,0,0,0,0,0,0,0,0,0,2,0,3,0,0,0,1,0,0,0,0,0,0,0,0,0,0,0,1,0,2,1,0,0,2,0,2,1,0,2,1,0,0,0,0,0,0,3,1,0,0,1,0,0,0,0,0,1,0,0,0,2,0,0,0,0,2,0,0,0,0,0,0,0,0,0,0,1,0,0,2,0,0,0,0,0,0,0,0,0,0,0,0,2,0,4,0,0,0,0,0,0,1,1,0,0,0,0,5,0,0,0,0,0,0,0,1,0,0,0,0,0,1,0,0,0,1,3,0,0,1,1,0,0,0,0,0,0,0,0,0,1,0,0,0,0,0,0,0,0,1,0,1,0,0,0,0,0,0,0,0,0,0,0,0,0,0,0,0,0,0,1,0,0,1,0,0,0,1,0,0,1,0,0,0,0,0,1,0,0,0,1,1,0,0,1,0,0,1,0,0,1
GENE102,0,0,0,0,1,1,0,0,0,0,0,0,0,5,0,1,0,1,0,0,0,1,0,1,0,1,0,1,0,0,0,0,0,2,1,0,0,0,2,0,0,0,0,0,0,0,0,0,0,0,0,0,0,0,0,0,0,0,0,0,0,0,1,0,0,0,0,3,0,0,0,0,0,0,0,1,4,1,0,1,1,0,0,0,0,0,0,0,0,0,0,0,1,0,0,0,0,0,0,0,0,1,0,0,0,0,0,1,0,1,0,4,0,0,2,0,0,0,0,0,0,0,0,0,0,0,0,2,0,0,0,0,0,0,0,0,0,0,0,0,3,0,0,0,1,0,0,0,1,0,1,0,1,0,0,0,1,0,0,0,0,0,0,0,0,0,0,0,0,0,0,0,1,1,3,0,0,0,2,0,0,1,0,0,0,0,0,3,1,3,0,3,0,0,0,0,1,0,0,0,0,1,0,0,1,0,1,0,0,0,0,0,1,0,0,1,0,0,0,1,0,6,0,0,0,0,3,1,1,0,1,1,0,0,1,0,0,1,0,0,0,0,2,0,0,0,1,0,0,0,0,0,1,0,0,1,0,0,0,0,0,0,0,0,0,0,0,0,0,0,1,1,0,1,1,0,1,0,0,0,0,3,0,0,0,0,0,1,0,0,0,1,0,0,0,0,0,0,0,0,0,0,1,0,0,0,1,0,0,0,0,1,0,0,0,0,0,0,0,0,0,1,0,1,0,0,0,0,0,0,0,1,0,0,0,0,0,0,0,0,1,0,0,0,0,0,1,0,0,0,0,0,0,0,1,0,1,0,0,0,1,0,0,0,0,2,1,0,0,0,0,1,0,0,0,1,0,0,0,1,0,1,0,0,0,0,0,0,0,1,4,0,0,0,0,2,0,0,0,0,0,0,1,1,0,0,1,0,0,0,1,0,1,0,1,0,0,0,1,1,5,0,0,0,0,0,0,0,0,0,0,0,0,0,0,1,0,4,1,0,0,0,1,0,0,1,1,0,1,1,0,1,3,1,0,0,0,0,0,0,0,1,1,0,1,0,0,1,0,1,0,0,0,0,0,0,1,0,0,0,0,0,0,0,0,0,0,0,0,1,0,0,0,0,0,0,0,0,1,0,0,0,0,1,1,0,5,0,1,0,0,1,0,0,0,0,0,0,0,0,0,0,0,0,1,0,0,0,0,0,0,2,1,0,0,0,0,1,0,2,0,0,0,0,1,1,4,1,0,0,0,2,1,0,0,1,0,0,0,0,1,0,0,0,0,0,0,2,0,0,0,1,0,0,0,0,0,0,0,0,0,0,0,0,0,0,0,0,0,0,0,0,0,0,0,0,0,0,0,0
GENE103,0,2,0,1,0,1,1,0,0,1,0,0,0,1,0,0,0,1,0,0,0,0,0,0,2,0,1,0,0,0,0,0,0,0,0,0,0,0,0,0,0,0,0,0,0,0,0,0,1,0,0,0,0,1,0,0,0,0,1,1,0,0,0,0,0,2,0,0,1,0,0,0,0,0,0,0,0,0,0,0,0,0,0,0,1,0,0,0,1,0,2,0,1,0,0,0,0,0,0,0,0,1,0,0,0,3,0,0,0,0,0,1,0,0,0,7,0,0,0,0,0,0,0,0,0,0,0,0,0,0,0,1,0,0,3,0,0,1,0,1,0,0,0,0,1,0,0,0,0,0,0,0,1,1,0,0,0,1,0,2,0,0,0,0,0,0,0,1,1,0,0,0,0,0,0,0,0,0,1,0,0,2,0,0,0,1,1,0,0,0,0,0,0,0,0,0,0,0,0,0,0,0,0,4,1,0,1,0,0,1,0,0,0,1,0,0,0,0,2,0,1,0,0,1,1,0,1,2,1,3,2,0,1,0,3,0,1,1,0,0,0,0,0,0,0,0,2,0,0,0,0,0,0,2,0,0,0,0,1,0,3,2,0,0,0,0,1,0,0,0,0,0,0,0,0,0,1,0,0,0,0,0,0,0,0,1,1,0,0,0,1,1,0,0,0,0,0,0,1,0,0,0,0,2,0,0,0,0,0,2,0,0,1,0,0,0,4,0,0,1,0,0,0,0,0,0,0,0,0,1,1,0,0,0,0,0,0,0,0,0,0,0,0,0,0,0,0,0,0,0,0,0,0,0,0,0,2,0,0,0,0,0,3,0,0,0,0,0,0,0,0,0,0,0,0,0,0,0,0,0,3,0,0,0,0,1,0,1,0,0,0,0,0,0,0,0,0,0,0,0,0,0,0,1,2,1,0,0,0,0,0,0,0,0,0,0,0,0,2,0,0,0,1,0,2,0,0,1,1,1,0,0,0,0,0,1,0,0,0,0,0,0,1,1,0,0,0,0,0,0,1,0,0,0,0,0,1,0,0,0,0,0,1,0,0,3,0,0,0,0,0,2,0,0,0,0,0,0,1,0,1,0,1,0,0,0,0,0,0,1,0,0,0,0,1,0,0,1,0,0,2,0,0,0,0,0,0,0,0,1,1,0,0,0,1,0,0,0,0,1,0,0,2,1,1,0,0,2,0,0,0,0,0,1,0,0,3,0,0,0,0,0,0,0,0,0,0,1,1,0,0,0,0,0,0,0,1,0,0,2,0,0,0,0,0,1,0,1,0,0,0,0,0,2,0,0,3,0,0,0,0,0,0,1,0,0,0,2,0,0,0,0,0,1,0,0,0,1,0,0
GENE104,0,0,0,0,0,0,0,1,0,0,2,1,5,5,0,2,0,0,1,0,0,0,0,0,0,1,1,0,3,0,0,0,0,0,0,1,2,3,0,1,1,0,0,0,0,0,0,0,0,1,0,0,0,0,1,0,0,0,0,0,2,0,0,1,0,0,0,1,0,1,0,0,1,0,0,2,0,0,0,0,0,1,0,1,1,0,0,0,0,0,0,0,0,0,0,0,0,0,0,0,0,1,0,0,1,0,0,0,1,0,0,0,0,0,0,0,0,0,2,0,0,3,0,2,1,0,0,0,0,0,0,2,2,0,0,0,0,0,1,0,2,0,0,0,0,0,0,0,1,0,0,0,0,0,1,0,0,0,0,0,0,0,0,0,0,0,0,1,1,0,0,1,1,0,0,0,0,0,0,0,0,0,0,0,0,0,0,0,0,0,0,2,0,0,1,0,0,1,0,1,0,0,0,0,0,0,2,0,0,1,0,0,1,0,0,1,0,0,0,0,2,0,0,0,0,0,1,0,0,0,1,0,0,0,0,2,1,1,0,2,0,1,0,0,0,0,0,0,0,0,0,0,1,1,0,0,0,0,0,0,2,0,0,0,0,0,0,0,0,1,1,2,0,0,0,0,0,0,0,0,2,1,0,0,0,0,2,1,0,0,1,0,1,0,0,2,0,1,0,2,1,0,1,0,0,0,0,0,1,0,0,0,0,1,0,0,0,0,0,1,0,0,0,2,0,0,0,1,3,0,0,0,0,0,0,0,0,0,0,0,0,0,0,0,0,0,0,0,0,0,0,0,0,0,0,0,2,2,0,0,1,0,0,0,0,0,1,0,4,0,0,0,0,0,1,0,0,1,0,0,0,0,1,0,0,0,0,0,0,0,0,2,0,0,0,4,0,0,0,0,0,0,0,0,0,1,1,0,0,1,0,0,0,0,0,0,0,0,2,0,1,2,0,0,1,0,0,0,0,0,0,0,1,0,0,0,0,0,0,0,0,0,1,0,0,0,1,0,0,0,0,0,0,0,0,0,0,0,0,0,1,1,0,0,0,0,0,0,0,0,1,0,0,0,0,0,0,1,0,0,0,1,0,0,2,0,0,2,0,0,0,1,0,0,0,0,0,0,0,2,0,0,0,0,0,0,0,0,1,0,0,1,1,0,0,0,1,2,0,0,0,0,2,0,3,1,0,0,1,0,0,0,1,3,0,0,1,1,1,1,0,0,0,0,2,0,0,0,1,0,0,0,0,1,0,0,1,1,0,1,0,0,0,0,0,0,0,1,0,1,0,0,0,0,0,1,3,0,1,0,0,0,0,2,0,1,0,0,0,0,2,0,0,0,0,0,0,0,0,0
GENE105,1,0,0,0,0,0,0,0,2,1,0,1,1,2,0,0,0,0,0,0,0,0,0,2,0,0,0,0,0,0,0,0,0,0,1,0,1,1,1,1,1,0,0,1,1,0,0,0,0,1,1,0,0,0,2,0,0,0,0,0,0,0,0,0,0,2,1,0,0,0,2,0,2,0,0,4,0,0,0,0,0,1,0,0,0,0,0,0,1,0,2,4,0,0,1,0,1,0,0,0,0,0,0,0,0,0,1,0,0,1,1,0,0,2,1,0,0,0,0,0,0,0,0,0,0,1,0,1,0,0,0,3,2,0,0,0,0,0,2,0,0,0,0,0,0,0,1,0,2,0,0,0,0,0,1,2,0,0,0,0,0,0,0,0,0,0,0,0,0,0,0,0,2,0,0,0,0,0,0,0,1,2,0,0,0,0,0,1,2,0,0,2,0,0,0,0,1,0,0,0,0,0,1,0,0,0,1,0,0,0,1,2,0,0,0,0,0,0,4,0,0,0,0,0,1,0,1,1,0,1,0,1,0,1,0,0,1,1,1,0,0,0,0,0,0,0,0,0,0,0,0,0,0,3,0,0,0,0,0,0,1,0,0,0,0,0,0,0,2,3,0,0,0,0,0,1,0,0,0,1,0,0,1,0,1,0,0,0,0,0,1,0,0,1,0,1,0,0,1,0,1,0,0,0,0,0,0,0,0,1,1,0,0,0,0,0,0,0,0,0,0,0,0,0,0,0,0,0,0,1,0,1,1,0,0,0,0,0,0,0,0,0,0,0,2,0,2,1,0,0,0,0,0,0,0,0,2,0,0,0,0,0,2,0,2,1,0,0,1,0,0,0,0,0,0,0,0,0,0,0,3,0,1,1,0,2,0,0,0,4,0,0,0,0,0,1,0,0,0,0,0,1,0,0,0,0,0,0,1,0,0,0,0,0,0,1,0,0,0,0,0,0,0,0,0,0,0,0,0,0,0,0,0,0,0,0,0,1,0,3,0,0,0,1,0,0,0,0,0,0,0,0,0,0,0,3,0,0,0,1,0,0,0,0,0,0,0,0,0,0,0,0,3,0,0,0,0,0,0,0,0,0,0,0,0,0,0,0,0,0,0,0,0,0,0,0,0,0,0,0,1,0,0,2,0,0,1,0,0,0,0,1,0,1,0,0,2,0,0,0,0,0,1,0,1,4,0,0,0,0,0,0,0,3,0,0,0,2,1,0,0,0,0,0,0,0,0,1,0,0,1,0,0,1,0,0,0,1,0,0,0,0,0,1,1,0,0,0,0,0,1,0,1,0,1,0,0,0,0,0,1,0,0,0,0,1,1,0,1,0,0,0,0,0,0,0,1,0,0,0
GENE106,6,0,0,0,0,0,0,0,2,0,0,0,0,2,0,0,1,0,0,0,2,0,0,1,0,2,0,0,0,0,0,0,0,0,0,2,3,0,1,0,2,0,0,0,1,0,0,0,0,0,0,0,0,0,0,1,0,0,1,0,1,0,0,1,0,4,0,0,1,0,0,0,0,0,1,0,1,1,0,0,0,2,2,0,0,2,0,2,0,2,0,0,6,1,0,0,0,0,0,1,0,0,0,0,0,0,3,2,0,0,0,0,0,0,2,0,0,1,0,0,0,0,0,1,0,0,0,0,0,0,1,1,0,0,0,0,0,1,0,0,1,1,0,0,0,0,0,0,0,0,0,0,0,1,4,0,0,2,1,0,0,0,2,0,0,0,0,0,1,0,0,0,1,1,0,0,0,0,0,0,0,0,0,0,0,2,0,0,0,0,0,0,0,0,0,0,0,0,1,0,0,1,0,0,0,0,0,1,0,0,0,0,0,0,0,0,0,0,0,0,0,0,0,0,1,0,1,1,1,0,0,0,1,0,0,0,2,2,0,0,0,0,1,0,0,1,0,0,1,1,0,0,0,1,0,0,0,0,0,0,0,0,3,2,0,0,0,0,0,0,0,0,0,0,0,0,0,0,0,0,0,0,1,0,0,1,0,0,0,1,0,0,0,0,0,1,0,1,1,0,0,1,0,0,0,0,0,0,1,0,0,0,0,3,0,0,0,0,1,0,0,0,0,0,0,0,0,1,0,0,4,1,0,0,0,0,0,0,2,1,0,1,0,0,0,0,0,0,0,2,0,0,0,0,1,1,0,0,0,0,0,0,0,0,0,0,2,0,0,0,0,0,1,1,0,1,0,0,0,0,0,1,1,0,0,1,0,1,0,0,0,0,0,0,0,2,0,1,0,1,1,0,0,0,0,0,0,0,0,0,0,0,0,0,3,0,0,0,0,6,0,0,0,0,0,0,0,0,1,0,0,0,2,0,0,0,1,0,0,0,0,0,0,0,0,0,0,0,1,3,1,0,0,0,0,0,1,0,0,0,0,1,2,0,0,2,0,0,1,0,1,0,0,0,0,0,0,0,0,0,1,1,0,0,0,0,0,0,0,0,0,1,0,1,0,1,0,0,0,1,2,0,1,2,0,1,0,4,2,0,1,6,0,0,0,0,0,1,0,0,1,0,0,0,0,0,4,0,0,0,1,0,1,0,0,0,0,0,1,2,1,0,0,0,0,0,1,0,0,0,0,0,0,0,0,0,0,0,0,0,0,0,2,0,0,0,0,0,0,0,0,0,0,0,0,0,0,0,0,0,0,0,1,0,2,0,0,2,0,0,0,0,0,0,0,0,0,2,1,3
GENE107,3,0,0,1,0,0,1,0,0,0,0,2,0,0,2,0,0,1,1,0,0,0,0,0,1,2,1,0,0,0,0,0,0,3,1,1,0,0,0,0,0,0,0,0,2,1,0,0,0,0,0,1,0,0,0,0,0,1,1,0,0,0,0,0,1,0,0,0,0,0,0,0,1,0,0,0,2,2,0,0,0,0,0,0,0,0,0,0,1,0,1,0,1,0,0,2,0,0,0,0,0,0,0,0,1,0,0,0,0,0,0,0,1,0,0,2,1,0,0,1,0,0,0,0,0,0,0,0,0,0,0,0,0,0,0,1,0,0,1,0,1,0,2,1,0,1,0,0,0,0,0,0,0,0,0,0,0,0,3,0,0,1,1,0,0,0,0,4,0,1,0,0,0,0,0,0,1,0,0,0,0,1,0,0,0,0,0,3,1,0,0,1,0,0,0,0,0,0,0,0,0,0,1,0,2,0,0,0,0,0,0,0,1,0,0,3,0,0,0,0,0,0,0,0,0,1,1,1,0,0,0,0,0,0,1,1,2,0,2,0,0,0,0,0,2,0,0,0,1,2,0,0,0,0,0,0,0,0,0,0,0,1,0,1,0,0,0,2,1,0,0,0,0,0,1,1,0,0,0,0,0,1,0,0,0,0,0,0,0,0,0,0,2,0,0,0,0,0,1,0,0,1,0,0,0,2,0,3,0,0,1,0,0,0,0,0,0,0,2,0,0,0,0,0,0,0,0,1,0,0,0,2,0,2,0,0,0,0,0,2,0,0,0,1,0,0,0,0,0,0,0,0,1,0,0,0,0,0,0,0,3,0,0,0,0,0,0,1,0,0,1,4,0,0,0,0,0,0,1,0,0,0,1,0,1,0,1,0,0,0,2,0,0,0,0,1,3,1,0,0,0,0,0,0,0,0,0,0,1,0,0,0,0,0,0,0,0,0,0,0,0,0,0,0,0,0,0,0,0,0,0,1,0,0,3,0,0,0,0,0,0,0,0,2,0,0,1,0,0,0,2,0,1,0,0,0,1,0,0,2,0,0,1,0,0,5,0,0,0,3,0,0,1,2,0,0,0,3,0,2,0,0,2,1,1,0,1,6,0,0,0,1,2,0,0,0,2,0,1,1,0,0,1,0,0,0,0,1,0,0,0,0,0,1,0,0,1,0,0,0,0,0,0,0,0,2,1,0,1,0,1,0,3,0,1,0,0,0,0,0,1,1,0,1,0,0,0,1,0,0,0,0,0,0,1,0,0,3,0,0,0,1,0,0,0,0,0,0,0,0,0,0,0,0,0,0,0,0,0,0,0,0,0,1,0,0,0,1,1,3,0,1,1,0,1,1,0,0,1,1
GENE108,0,1,0,0,0,0,2,3,4,0,0,0,0,3,0,1,1,7,0,0,1,0,0,0,0,0,0,0,1,1,1,0,0,0,0,0,0,0,2,0,0,0,0,0,2,0,0,0,0,2,1,0,0,0,0,0,1,0,0,0,0,0,0,0,0,2,0,0,0,0,0,0,0,0,0,0,1,0,3,0,0,0,0,0,0,0,0,0,0,0,1,1,1,0,0,1,1,0,0,0,0,0,0,0,1,0,0,0,0,1,0,0,0,0,1,2,5,0,0,0,0,0,0,0,1,0,0,2,0,0,0,0,0,0,3,0,0,0,0,1,0,0,0,0,0,1,0,0,0,0,0,1,0,1,0,1,1,0,0,0,0,1,1,0,0,1,0,0,0,0,0,0,2,1,0,1,1,0,0,0,0,0,0,2,0,0,0,0,0,0,0,2,0,0,0,0,0,0,0,0,0,0,0,0,2,0,0,0,0,0,0,1,0,0,0,0,0,2,0,0,0,0,0,3,0,0,0,0,0,0,0,0,0,0,0,0,1,0,0,1,0,0,0,0,0,1,0,0,0,0,3,0,1,1,0,0,0,0,1,1,0,0,0,5,0,1,0,0,0,0,1,0,0,0,0,0,1,0,0,0,0,1,0,1,1,0,1,0,0,0,0,0,0,0,0,1,0,0,1,0,0,0,2,0,0,2,0,0,0,1,1,0,0,0,0,0,0,0,0,0,0,0,1,0,0,0,0,0,1,0,0,0,0,0,0,0,0,2,0,1,0,0,0,2,0,1,0,0,0,0,0,0,0,1,0,0,0,0,0,0,0,0,0,0,1,0,0,1,0,0,0,0,0,0,1,0,0,0,0,0,0,0,0,1,0,0,0,0,1,0,0,0,0,0,0,0,0,0,0,0,0,0,0,0,0,0,0,0,0,0,0,0,0,0,1,0,0,0,0,1,0,0,0,0,0,0,0,0,0,1,0,0,0,1,1,0,0,0,2,0,0,0,0,0,2,0,0,1,1,0,1,0,0,0,0,0,0,0,0,0,0,0,0,0,0,0,0,0,0,0,1,2,0,0,1,0,0,0,1,0,0,0,0,0,0,0,1,1,0,0,0,1,1,0,1,1,1,3,1,0,0,0,0,0,2,0,4,0,0,0,5,2,0,2,0,0,0,0,2,2,0,0,0,0,0,4,0,1,0,0,0,0,1,0,0,0,0,0,0,0,0,0,0,5,1,0,0,0,0,0,1,0,0,0,0,0,0,0,1,0,0,0,0,0,0,0,0,0,0,0,2,0,1,0,1,0,1,0,0,0,0,0,0,0,0,1,0,0,0,0,0,0,2,0,1,0,5,0,0,0
GENE109,0,0,0,0,0,0,0,0,0,0,0,1,0,1,0,0,1,1,0,0,0,0,0,0,0,0,2,0,0,1,0,0,0,0,0,1,0,0,0,0,5,0,0,0,0,0,0,1,0,1,0,1,0,0,0,0,0,0,0,1,0,0,0,0,0,0,0,0,1,1,0,0,0,1,0,0,0,0,2,0,0,0,1,0,1,0,0,0,0,0,0,0,1,2,1,0,0,0,0,1,0,0,0,0,0,0,0,0,0,0,0,0,0,3,0,0,0,0,0,0,1,0,0,0,1,0,0,0,0,0,0,0,0,0,0,0,0,1,0,0,0,1,0,1,0,0,0,0,0,0,0,2,1,0,1,0,0,0,0,0,0,0,1,0,0,1,0,0,1,0,0,0,3,0,2,0,0,0,0,0,0,0,1,3,0,3,0,0,0,0,0,0,1,1,0,1,0,0,0,0,0,1,0,0,1,0,0,0,0,0,1,0,0,2,0,0,2,0,1,0,0,0,0,0,0,1,0,0,0,2,0,0,0,0,0,3,0,0,0,0,0,0,0,0,0,0,0,0,0,1,1,0,0,0,0,0,0,0,0,2,0,0,0,0,0,2,0,0,0,0,0,0,3,0,1,1,1,0,0,0,1,0,0,1,0,4,0,0,1,0,0,0,0,0,0,0,1,0,0,0,0,1,0,1,3,0,1,0,1,0,3,0,1,1,0,0,0,2,0,0,0,1,1,0,0,0,0,0,0,0,0,0,0,0,0,0,0,0,1,0,0,0,1,1,0,0,0,1,0,0,0,2,0,0,0,0,0,1,0,0,0,0,1,0,0,0,0,0,0,0,0,0,0,0,1,0,0,0,0,0,0,0,0,0,0,1,0,0,1,0,1,2,0,0,0,0,0,0,0,0,0,1,0,0,0,0,0,0,1,1,0,0,1,0,0,0,1,0,0,0,0,0,0,0,5,0,1,0,0,1,0,0,0,0,0,0,0,3,0,0,0,0,0,0,0,0,1,0,0,0,0,0,1,0,0,0,0,0,0,0,0,1,1,0,0,0,0,0,0,0,0,0,0,0,0,0,0,0,0,0,0,0,0,0,0,0,0,0,0,0,0,2,0,1,1,0,0,0,0,0,0,2,0,3,0,0,1,2,0,0,0,0,0,0,0,0,0,0,0,0,0,0,1,0,0,1,0,0,0,0,2,1,0,0,0,0,0,0,0,0,0,0,0,0,0,1,1,1,0,1,0,0,1,0,2,1,3,0,1,1,2,0,0,1,0,0,0,0,0,0,0,2,0,0,0,0,0,0,0,1,0,0,0,1,0,0,0,0,0,0,0,0,0,1,0,0,1,0,1,0
GENE110,0,0,0,1,0,0,1,0,0,1,0,0,0,0,0,1,0,1,0,0,2,0,0,0,0,5,0,1,0,0,0,0,0,0,0,3,0,0,0,0,0,0,1,1,0,0,1,0,0,0,0,0,1,0,0,0,0,1,0,0,1,2,1,1,0,0,0,0,0,0,0,0,0,0,0,0,0,0,0,0,0,0,1,0,3,0,0,0,0,0,0,0,0,0,0,0,0,0,0,0,1,0,1,0,0,0,1,0,2,0,0,0,0,0,0,1,0,0,0,0,0,0,0,0,2,0,0,0,0,0,1,0,0,0,0,0,0,0,0,0,0,0,0,1,0,0,0,0,0,1,0,0,0,0,2,1,0,0,0,0,0,1,0,0,1,0,0,0,1,0,0,0,0,0,0,1,0,1,0,0,0,1,1,0,0,0,0,0,1,0,0,0,0,2,0,0,0,0,0,0,1,0,0,0,0,0,0,0,0,0,0,0,0,1,0,0,0,0,1,0,0,0,2,0,0,0,0,0,0,2,0,0,0,6,0,0,1,0,0,0,4,0,3,1,0,0,0,0,0,0,0,0,0,0,0,0,1,0,1,0,1,1,0,1,0,0,0,0,0,0,0,0,3,0,0,5,0,1,0,0,0,1,0,0,1,0,0,0,0,0,0,0,0,0,0,0,0,0,0,0,0,4,0,1,0,3,0,1,0,0,1,0,0,0,0,0,0,0,2,0,0,0,0,0,0,0,0,0,0,0,5,0,0,0,0,0,0,0,0,0,0,0,0,0,0,0,0,0,0,0,0,0,0,0,0,0,0,0,0,0,0,0,0,0,0,0,0,0,0,0,1,1,0,0,0,0,0,1,0,0,0,0,0,0,0,1,0,1,2,0,0,2,0,0,0,0,0,0,1,0,0,0,3,1,0,0,0,0,1,1,0,0,0,0,1,1,0,0,0,1,0,1,1,0,0,0,0,0,0,1,0,0,0,0,0,0,0,6,0,0,0,0,0,0,1,0,0,0,0,0,0,0,1,0,0,0,1,3,0,0,0,0,1,0,0,0,0,0,1,1,1,0,0,0,1,0,0,4,0,0,0,0,1,0,0,0,0,0,0,0,2,0,0,0,1,0,0,0,0,0,0,0,0,1,0,0,0,0,0,0,0,0,0,0,0,0,0,0,5,0,0,0,0,0,0,0,0,0,1,0,0,0,0,0,0,0,0,1,1,1,0,0,0,0,0,0,0,2,0,0,0,0,0,0,0,0,0,0,1,0,0,0,0,2,1,0,0,0,0,0,0,0,0,0,4,0,0,1,0,3,0,0,0,0,0,0,0,0,0,0,0,0,0,0,0,0,0,2,0,0
GENE111,5,1,0,0,0,0,0,0,0,1,0,1,0,0,0,1,0,0,0,1,1,0,0,0,0,0,0,0,0,0,0,0,0,0,0,0,1,0,0,0,0,1,0,2,4,0,0,1,0,0,0,0,0,0,0,5,0,0,0,0,0,0,2,0,0,0,0,1,0,0,0,0,0,0,0,0,0,3,0,0,0,0,0,0,4,1,0,1,0,0,0,0,0,0,0,0,0,0,0,0,0,0,0,0,0,0,0,0,0,0,0,0,0,2,1,0,5,1,3,0,0,0,2,5,1,1,0,0,0,0,0,0,0,0,0,2,0,1,0,0,0,0,0,1,0,4,0,0,0,0,0,1,1,0,4,1,0,0,0,1,0,1,0,0,0,0,0,0,1,0,0,0,0,0,0,0,0,0,0,0,0,0,0,0,0,1,2,0,1,0,0,0,0,1,1,0,1,0,0,2,2,0,0,2,1,1,0,0,0,3,0,0,0,0,0,0,0,1,0,0,0,0,1,0,0,0,0,0,0,1,0,0,0,0,1,2,0,0,0,2,3,0,2,0,0,0,0,1,0,0,0,0,1,1,0,0,0,0,0,0,0,0,0,0,0,0,0,0,0,2,0,0,0,0,0,3,0,0,0,0,0,0,0,0,0,0,0,1,1,0,0,0,0,1,0,1,0,0,0,0,0,0,2,0,0,0,1,0,0,0,0,1,1,0,0,0,0,0,1,1,0,0,0,0,0,0,0,0,0,0,4,0,0,0,0,1,0,1,0,3,0,0,0,0,0,0,0,0,0,0,0,1,0,0,4,0,0,0,2,1,0,0,1,0,0,1,0,1,1,0,0,0,0,0,1,0,2,0,0,0,2,0,0,0,0,1,1,1,0,0,0,1,0,0,1,0,1,0,0,1,0,0,0,0,0,3,0,0,2,0,0,0,0,0,0,0,0,0,0,3,0,0,0,0,1,0,2,1,0,0,0,0,1,0,1,0,1,0,1,0,1,2,1,0,0,1,1,0,0,2,0,0,3,0,0,0,0,0,0,0,0,1,0,1,0,0,0,1,0,0,0,3,0,3,0,0,0,0,4,0,0,0,1,0,0,0,0,1,0,1,0,4,0,0,0,0,0,0,2,0,0,0,0,2,0,2,4,0,2,0,0,0,0,1,0,1,0,0,0,0,2,0,1,0,0,0,1,0,1,0,0,0,1,0,0,0,0,0,0,0,0,0,0,0,0,0,0,0,0,1,0,0,0,0,1,3,0,2,0,0,1,0,0,2,0,0,0,1,0,0,3,0,0,0,0,0,1,0,0,0,1,0,0,1,0,0,0,1,0,0,0,0,0,2,0,0,1,1,0,2
GENE112,1,1,0,0,0,0,0,0,0,1,0,0,0,1,0,0,0,0,1,0,0,0,1,4,0,1,0,0,2,2,0,0,0,1,0,0,2,0,0,0,0,0,1,0,0,0,1,1,0,0,0,0,0,0,1,0,0,0,1,0,0,0,0,0,0,0,0,0,0,0,0,0,0,1,0,0,0,0,0,0,0,0,0,0,0,2,0,0,0,1,0,1,0,0,0,0,0,0,0,0,0,1,1,1,0,2,0,2,0,0,1,0,1,0,0,0,0,0,1,0,1,1,1,0,2,0,0,0,0,0,0,0,0,0,1,0,1,0,0,1,0,0,1,0,0,1,0,0,0,0,0,0,5,0,0,0,0,2,0,4,0,0,0,0,0,0,1,1,0,0,1,1,0,0,0,0,0,4,1,1,0,0,0,1,0,0,0,2,0,0,0,1,0,0,0,0,0,1,0,0,1,0,0,0,2,0,0,0,1,0,0,1,1,0,0,0,0,0,0,1,0,2,0,0,0,0,3,0,0,0,0,1,0,0,0,2,0,0,0,0,0,0,0,1,0,0,1,0,2,2,0,1,0,0,0,0,0,1,0,0,0,0,2,0,0,0,0,0,3,1,1,0,0,0,1,0,0,0,0,0,0,0,0,0,0,1,1,0,0,0,0,0,0,0,3,0,0,0,0,0,0,0,0,2,0,0,0,0,0,1,0,2,0,0,0,0,0,1,0,0,0,0,0,0,0,0,0,0,0,4,0,1,0,0,0,0,1,0,0,0,0,0,0,0,0,1,0,0,0,1,0,0,0,0,0,0,4,0,0,0,1,1,1,1,0,0,2,2,0,1,0,0,0,1,0,0,0,0,0,0,0,0,0,1,0,0,3,0,1,0,0,0,0,0,0,0,0,0,0,1,3,1,0,0,0,0,0,0,0,1,0,1,0,0,0,1,0,0,0,0,0,1,2,1,0,0,0,0,0,0,0,0,0,0,0,0,1,1,0,0,0,0,0,0,1,0,0,0,0,0,0,0,0,0,0,0,0,1,0,1,0,0,1,1,0,0,0,0,2,1,0,0,0,0,0,0,2,0,0,0,0,0,0,0,0,0,0,0,0,5,0,0,1,0,0,0,0,3,0,0,0,0,0,0,0,0,0,0,0,0,0,1,0,0,0,0,1,0,0,0,2,1,1,0,0,0,0,0,0,0,0,0,0,0,0,0,0,0,0,1,0,0,0,0,1,0,0,0,0,0,0,0,0,0,0,0,1,0,0,0,0,0,0,1,2,0,1,2,0,1,3,0,0,0,0,0,2,0,0,0,0,0,0,0,1,0,0,2,1,1,0,0,0,0,1,1,0,0,0,0
GENE113,0,0,2,0,2,2,0,0,0,0,0,1,0,0,1,0,0,0,0,0,0,0,0,0,0,0,0,1,1,0,0,0,0,0,0,1,0,1,0,0,0,0,0,0,4,0,0,0,0,0,0,0,1,0,0,0,0,0,0,0,1,0,1,0,0,0,0,0,0,0,0,1,0,0,0,0,0,1,0,1,0,0,0,0,2,0,0,0,0,0,0,0,0,0,0,1,0,1,0,0,0,0,0,0,1,3,0,0,0,0,0,0,0,0,0,1,0,0,0,0,0,0,0,0,0,0,0,1,0,0,0,1,1,1,0,0,1,0,0,1,0,0,0,2,0,1,0,0,2,0,0,0,0,0,0,0,0,1,0,0,1,0,0,1,0,0,0,0,0,0,0,0,0,1,0,1,0,0,0,1,0,0,1,0,0,0,0,0,0,0,0,0,4,1,0,0,0,0,0,0,0,0,0,0,0,0,0,1,0,0,0,0,0,0,0,1,0,0,0,0,5,0,0,0,0,0,0,3,0,0,0,0,0,1,1,0,0,1,0,0,0,0,0,1,0,1,0,1,0,0,0,0,0,3,0,1,0,1,0,0,0,0,0,0,1,0,0,0,0,0,0,0,0,1,1,0,0,0,0,0,0,1,0,1,0,0,1,1,0,0,0,0,0,0,0,0,0,0,0,0,1,0,0,0,1,0,0,0,0,0,0,0,0,0,0,0,0,0,2,0,0,1,1,0,0,1,0,1,0,0,0,2,0,0,0,0,1,0,1,0,0,0,0,2,0,1,0,0,0,0,0,0,0,1,0,0,0,2,0,0,0,0,0,0,0,0,0,0,0,1,0,2,0,0,0,0,1,0,0,0,0,1,0,2,0,0,0,1,0,0,0,0,0,0,0,0,0,0,0,0,0,0,2,0,0,0,0,0,0,0,4,0,0,0,0,0,0,0,1,0,1,1,0,0,0,0,0,0,0,0,0,1,0,0,0,0,1,1,0,0,0,0,1,0,0,0,0,0,0,1,0,1,1,1,0,0,0,0,0,1,0,0,0,1,0,0,0,0,0,0,0,0,2,0,0,2,0,0,2,0,0,0,0,0,0,1,0,0,0,0,0,2,0,0,2,1,0,0,1,0,0,1,1,0,0,0,3,0,0,0,0,0,1,0,0,0,2,0,0,0,0,1,1,1,0,0,0,2,0,0,0,0,0,0,0,1,1,0,0,0,1,0,0,0,0,0,0,0,0,0,0,0,0,0,0,0,0,0,0,0,0,0,3,2,1,3,1,0,0,1,0,0,0,0,0,0,0,0,0,0,0,0,0,0,0,1,0,0,0,0,1,0,0,0,0,0,1,0,0,1
GENE114,2,0,0,0,0,0,0,0,0,1,0,0,0,0,0,0,0,0,0,0,0,0,0,0,0,0,0,1,1,0,1,0,0,0,0,0,0,1,0,1,2,0,0,0,0,0,0,0,0,0,0,0,0,0,1,0,0,1,0,0,0,0,0,2,0,0,0,0,0,0,0,0,0,0,0,0,1,0,0,2,0,0,1,1,0,0,0,0,0,1,0,0,1,1,0,1,1,0,0,0,0,1,0,1,0,1,0,0,0,1,0,0,0,0,1,0,0,1,0,0,0,0,0,0,0,0,0,0,0,0,0,0,0,0,0,1,0,0,0,0,1,0,0,0,0,0,0,2,0,0,0,3,0,1,0,0,0,0,0,0,0,0,2,0,1,0,0,1,0,0,0,0,0,0,0,0,0,0,0,1,0,3,0,0,0,0,0,0,0,0,0,4,0,2,0,0,0,0,0,0,0,2,0,0,0,0,0,0,0,0,1,0,0,0,0,3,1,0,0,0,0,0,0,0,0,1,0,0,1,1,0,0,0,3,2,0,0,0,0,0,1,0,1,1,0,0,0,1,0,0,0,2,2,0,0,0,0,0,0,0,1,0,0,0,0,2,1,0,0,0,0,0,2,0,0,0,0,0,0,0,1,0,0,0,0,0,0,1,0,0,0,0,1,0,8,1,0,0,0,0,0,1,0,0,0,0,2,0,0,0,1,0,0,0,0,0,0,0,0,0,4,1,1,0,0,0,0,0,0,0,0,0,1,2,1,0,1,1,0,0,0,0,0,0,0,0,0,1,0,0,1,1,0,0,1,0,0,0,0,0,0,1,0,1,0,0,1,0,0,0,2,0,0,0,1,0,0,0,0,1,0,0,0,0,0,0,0,0,0,0,0,0,0,0,0,0,2,0,0,0,0,0,0,0,0,0,0,0,2,0,0,1,0,2,0,2,0,0,0,2,1,1,3,0,0,1,0,0,0,0,0,0,1,0,0,0,0,0,2,0,0,0,1,0,0,0,0,0,0,1,1,1,4,0,0,0,0,2,0,0,0,0,0,0,0,0,0,0,0,1,1,1,0,0,0,0,0,1,0,0,1,0,0,0,0,1,0,0,3,1,2,1,0,1,0,0,0,0,0,0,0,0,0,1,0,0,0,2,0,0,0,1,0,0,1,0,0,1,0,0,1,0,1,0,0,0,1,0,0,0,1,1,0,0,2,0,0,0,0,0,0,0,0,0,0,0,0,0,0,0,0,1,0,0,0,0,0,0,0,0,0,0,0,3,0,0,0,0,0,0,0,1,0,1,0,1,0,0,0,0,0,1,0,0,0,0,1,1,0,0,0,1,0,0,0,0,0,0,2,0
GENE115,0,0,2,0,0,0,0,0,0,0,1,1,1,0,2,1,0,0,0,0,0,1,0,0,0,5,0,1,1,0,0,0,1,0,0,0,0,0,0,0,0,0,0,1,0,0,0,0,0,0,0,2,0,1,2,0,0,1,0,0,0,1,2,0,1,0,0,0,0,0,0,0,6,1,1,0,1,0,1,0,0,0,0,0,3,0,1,0,0,0,0,0,0,0,0,1,0,0,0,0,0,2,0,0,0,1,3,0,1,0,0,0,0,0,0,0,0,1,1,1,1,0,0,0,0,0,0,0,3,0,0,0,0,0,0,0,0,1,0,0,0,0,0,0,0,1,2,0,2,1,0,0,0,0,1,0,2,0,0,1,0,1,0,0,0,0,2,1,0,0,0,0,2,0,0,0,1,0,1,1,0,0,0,0,0,0,0,0,0,0,0,0,0,0,0,0,0,2,0,2,0,0,1,1,0,1,0,0,0,3,2,0,0,1,0,0,0,0,0,0,1,0,0,0,0,0,0,1,0,0,0,0,0,1,0,1,1,0,1,0,0,1,1,0,0,1,1,0,0,0,0,0,0,0,3,0,1,0,0,0,0,0,0,0,0,0,1,0,0,0,0,0,0,0,0,1,0,1,0,0,0,0,0,1,0,0,5,0,0,0,0,1,0,0,0,0,0,0,0,1,0,0,0,0,0,1,0,0,1,0,0,1,0,2,0,0,0,0,4,0,0,4,0,0,1,0,0,0,0,0,0,1,0,0,0,0,0,0,0,0,0,0,0,0,0,4,2,0,0,0,0,0,0,1,0,0,0,0,0,0,0,1,0,0,0,0,0,5,0,0,1,0,0,0,0,2,0,0,0,0,0,1,0,0,0,0,0,1,0,0,0,0,1,0,0,1,2,0,0,0,2,1,1,0,0,0,0,0,0,0,0,1,0,0,2,0,0,1,0,0,1,2,0,0,0,0,0,0,0,1,0,1,0,0,0,0,0,0,0,1,0,0,0,0,0,2,1,0,0,0,1,0,0,0,0,0,1,0,0,0,1,0,0,0,0,0,0,0,0,0,0,0,0,0,0,0,0,0,0,0,1,0,0,0,0,0,0,0,1,0,0,0,0,3,0,0,0,0,0,0,0,0,2,0,0,1,4,0,0,1,0,1,0,0,0,0,0,0,0,0,0,0,0,0,0,0,0,0,1,0,0,0,0,0,0,1,0,2,0,0,0,0,0,1,0,0,0,0,1,2,0,0,1,0,0,0,0,0,0,0,0,0,1,0,0,0,0,0,0,0,0,0,0,0,0,0,0,0,0,0,0,0,0,3,0,0,0,0,0,0,0,0,0,0,0,0,0,0,0,0
GENE116,2,3,2,0,0,0,2,0,0,0,1,0,0,1,0,0,0,0,0,0,0,0,0,0,2,0,2,1,0,0,0,0,0,0,0,0,1,1,0,0,0,1,0,0,0,0,0,0,0,2,0,0,1,0,0,0,0,0,0,1,0,0,0,1,0,0,0,0,0,0,1,0,0,0,0,0,0,0,0,1,0,0,0,0,2,0,0,0,0,0,0,0,0,0,0,2,0,0,2,0,0,0,0,0,0,1,0,0,2,0,0,0,0,0,0,0,0,0,0,0,0,0,0,1,2,2,0,0,0,0,0,1,0,0,0,0,0,2,0,0,0,0,0,1,0,2,0,0,0,2,0,3,1,0,0,2,0,0,0,0,0,0,0,0,0,0,0,0,0,0,0,0,0,0,0,1,1,0,0,0,1,1,0,0,0,0,0,0,0,0,0,1,0,1,0,0,1,0,0,0,2,0,0,0,0,0,0,0,0,0,1,0,1,0,0,0,0,0,0,1,0,0,0,0,0,0,1,0,2,1,0,1,1,0,5,0,0,0,0,0,1,0,0,0,0,0,0,0,1,0,0,0,0,0,0,0,0,0,0,0,0,0,0,0,0,1,0,1,0,0,1,0,0,0,0,0,0,1,0,0,0,0,0,0,0,0,0,0,0,0,0,0,0,0,0,0,0,0,0,0,0,0,0,0,2,1,0,0,0,0,0,2,0,0,0,0,0,0,4,0,0,0,0,0,1,0,2,0,0,2,1,0,0,0,2,0,0,1,0,0,0,0,1,0,1,0,0,0,0,0,3,1,0,0,0,0,0,1,0,0,2,0,1,0,0,1,0,0,0,0,1,1,0,1,0,2,0,0,1,0,1,1,0,0,0,0,0,0,0,2,0,0,4,0,0,0,0,0,0,0,0,0,0,0,0,0,0,0,0,0,0,0,0,0,0,1,0,3,0,1,1,0,1,0,0,0,0,0,0,0,0,0,1,0,0,0,1,0,1,3,0,0,1,0,0,0,0,0,0,0,1,0,0,0,0,1,0,0,0,0,0,0,0,2,1,0,0,0,0,0,0,0,0,1,0,0,0,1,0,0,0,0,0,5,0,1,0,0,0,2,0,1,2,0,0,0,0,0,0,0,0,0,1,0,1,1,0,0,0,0,1,0,0,0,0,1,1,0,1,1,0,0,1,0,0,0,0,1,0,0,1,4,0,0,1,0,1,0,0,0,0,0,0,0,1,0,0,3,0,0,0,0,0,1,0,0,0,3,0,0,0,1,1,0,0,0,0,0,0,0,0,0,0,0,0,1,1,0,0,0,1,1,0,0,3,0,0,0,0,0,0,0,0,0,0,0,0,0,0,0
GENE117,2,0,0,0,1,0,0,1,1,0,0,1,1,2,0,0,0,0,1,0,0,0,0,1,0,0,0,4,0,0,1,0,0,2,0,0,0,0,1,1,1,0,0,0,1,0,1,0,1,0,0,1,0,0,0,0,0,1,0,0,0,0,0,0,2,1,0,0,0,0,0,0,1,0,0,2,2,0,1,0,0,0,0,2,1,0,0,0,0,0,0,0,0,1,1,0,0,0,1,0,0,1,0,0,0,1,0,1,2,0,0,0,0,0,0,0,0,0,0,0,0,0,0,0,0,3,1,1,2,1,2,0,0,0,0,0,1,0,0,0,1,0,0,0,0,0,0,1,0,0,1,0,0,0,1,0,0,0,0,0,0,1,0,0,0,0,0,0,0,0,0,0,0,0,0,0,0,1,0,3,0,0,0,0,0,0,0,0,0,0,0,0,0,0,0,0,1,0,0,0,0,1,0,0,1,0,0,0,2,0,0,0,0,0,0,2,0,0,0,1,0,0,0,0,2,0,0,0,0,0,0,0,0,0,0,2,3,0,0,0,2,0,0,0,2,0,0,0,0,0,0,0,0,1,2,1,0,1,1,0,0,0,0,0,0,0,0,0,0,0,0,0,0,0,0,0,0,0,0,0,1,0,0,0,0,0,0,0,0,0,0,0,1,0,0,1,0,0,0,0,0,0,0,0,0,0,0,0,0,0,1,0,1,0,0,0,0,0,0,0,0,0,0,1,0,0,1,0,0,0,2,0,0,0,0,0,0,0,0,0,0,1,0,0,0,1,0,0,1,0,0,0,0,0,0,0,0,2,0,0,0,0,1,0,0,0,0,0,0,0,2,1,0,0,0,0,3,0,0,1,0,0,0,0,0,0,0,3,0,0,2,2,2,0,0,0,0,0,0,0,0,0,0,0,0,0,0,0,3,2,2,2,2,0,1,0,0,1,1,0,0,0,2,0,0,0,0,0,0,0,0,0,1,0,0,0,0,0,3,0,0,1,1,1,0,0,0,0,0,0,2,0,0,0,0,0,0,0,1,2,0,0,0,0,0,2,0,0,0,1,1,0,2,0,0,0,0,1,0,1,0,0,0,0,1,1,0,0,1,4,0,0,0,0,0,2,0,1,0,0,0,0,0,0,0,0,0,0,0,1,0,0,0,0,1,2,1,0,0,0,0,1,0,0,0,2,0,0,0,0,0,0,0,0,0,0,0,0,0,0,0,0,0,0,0,1,0,1,0,0,0,0,2,1,0,1,0,0,0,0,0,0,0,0,2,0,1,0,0,0,1,0,0,0,0,1,1,0,0,0,0,0,0,1,0,0,2,0,2,1,1,1,4,0,0,0,3,0,0,0
GENE118,0,5,0,0,3,0,2,0,0,0,0,0,0,3,0,0,0,0,0,1,0,2,1,0,0,0,1,2,0,0,0,0,0,0,1,0,0,0,0,0,0,0,1,0,3,0,0,0,0,0,0,0,0,0,1,1,1,1,0,0,0,0,0,0,0,3,0,0,1,1,0,0,0,0,0,0,0,0,0,0,0,0,0,2,0,0,1,1,0,0,0,0,0,0,0,0,0,1,0,0,0,0,1,0,0,0,0,0,0,0,0,0,0,0,0,0,1,0,0,0,0,0,2,0,0,0,0,0,0,0,0,0,0,0,4,0,0,1,0,0,1,0,0,0,1,0,0,0,2,2,1,1,2,1,0,0,0,0,3,0,0,0,0,0,0,0,2,0,0,0,0,0,1,0,0,0,0,0,0,0,1,1,0,2,0,0,0,0,0,1,0,0,0,0,1,0,0,0,1,1,0,0,0,0,0,0,2,0,0,0,0,1,0,0,1,2,0,0,0,1,0,0,0,1,0,0,0,0,0,0,0,0,0,0,1,0,0,0,1,0,0,0,1,0,0,0,0,0,1,0,0,0,0,1,0,0,0,0,0,0,0,0,0,0,0,0,0,0,0,0,0,0,0,1,1,2,0,0,0,0,0,0,0,0,0,0,0,0,0,0,1,0,0,0,0,1,0,0,1,1,0,1,0,0,0,2,0,0,0,0,1,1,0,0,0,2,0,0,0,0,1,0,0,0,0,0,0,1,0,0,4,1,0,2,1,0,0,0,0,2,0,0,1,3,0,0,1,0,0,0,0,3,0,0,0,0,0,1,0,0,0,0,0,0,0,0,0,1,0,0,0,0,1,0,0,2,0,0,0,0,0,2,0,2,0,0,1,0,3,0,0,0,0,0,0,0,0,0,0,0,0,0,1,0,0,3,0,0,1,3,1,0,1,0,2,1,1,0,0,0,0,0,0,0,1,0,0,0,0,0,0,0,1,0,0,0,1,0,1,0,0,3,1,0,0,0,2,0,5,0,1,0,0,1,0,0,0,0,0,0,0,2,0,0,3,0,0,0,0,0,0,0,0,0,0,0,3,1,0,1,0,0,0,1,0,0,1,0,0,5,0,0,0,1,1,0,0,3,0,0,0,0,1,0,0,0,3,0,0,0,2,0,0,0,0,0,0,0,0,2,0,0,0,0,0,0,0,0,0,0,0,1,1,0,0,0,0,0,0,0,1,0,0,0,0,0,0,0,2,0,1,0,0,0,0,0,2,0,0,0,0,0,0,0,0,0,0,0,0,0,0,1,0,0,0,0,5,0,0,0,0,3,4,0,0,0,1,1,1,0,0,0,0,1,0,0,0,0,0,0
GENE119,1,1,0,1,1,1,1,0,1,0,0,0,0,0,4,0,0,2,0,0,0,0,0,1,0,1,0,0,0,1,0,0,0,1,0,0,0,0,2,0,0,0,0,0,0,0,0,0,1,0,0,0,0,0,0,0,0,0,0,0,2,0,0,0,0,0,0,0,0,0,0,0,0,0,2,1,0,0,0,2,0,0,0,1,3,0,0,0,1,0,1,0,0,1,0,0,1,0,4,2,1,0,0,0,0,0,0,1,2,0,0,0,0,0,3,0,0,0,0,1,0,0,0,0,0,0,1,0,0,0,0,2,0,1,0,0,0,1,0,0,0,0,0,0,0,0,0,0,0,0,2,0,0,0,0,0,0,0,0,1,0,0,1,1,1,0,0,0,0,0,0,1,1,0,0,1,0,0,2,0,0,0,0,2,0,0,3,0,0,0,0,0,0,0,1,0,0,0,0,0,0,0,3,0,0,0,0,0,0,1,1,1,0,0,0,1,1,0,0,0,0,0,0,1,0,0,2,0,0,0,0,0,0,0,0,1,0,0,0,0,0,1,0,0,1,0,0,0,0,1,0,0,1,2,0,0,1,0,0,1,0,0,0,0,2,2,0,0,0,0,0,0,0,0,0,1,0,2,0,0,0,0,0,0,0,0,0,1,1,0,0,0,0,0,0,1,0,0,0,0,0,0,0,0,0,1,2,0,0,0,1,0,0,0,0,3,0,0,0,0,0,0,1,0,0,1,0,1,0,5,0,0,3,0,0,0,1,0,0,0,1,3,0,0,0,0,0,1,1,0,0,0,0,0,0,0,0,1,1,0,1,0,2,0,0,0,0,1,0,1,0,1,0,2,0,0,0,1,1,0,0,0,0,0,0,0,0,0,0,0,1,0,0,0,0,0,0,0,2,0,1,1,0,0,1,3,1,1,0,0,0,0,0,0,0,1,0,0,0,0,0,0,0,0,0,0,0,0,0,0,0,0,0,0,0,0,0,0,1,0,0,1,0,0,0,0,1,0,0,2,2,0,0,0,0,0,0,1,0,1,0,0,0,0,1,0,0,0,0,0,0,2,0,0,0,0,2,2,0,0,1,0,2,0,0,1,0,0,1,0,0,0,0,0,0,0,0,2,0,1,3,0,0,0,1,0,0,0,0,0,1,1,1,4,1,2,0,0,0,0,1,0,0,0,0,0,0,0,0,0,0,0,0,1,0,1,0,1,2,0,1,0,0,0,0,1,0,0,0,0,0,1,1,0,0,0,0,0,0,1,0,0,0,2,0,0,1,0,0,1,0,1,0,0,0,0,0,0,0,0,0,0,1,1,0,0,0,1,0,1,0,0,1,0,0,0,0,0,0,0
GENE120,0,0,1,0,0,0,0,0,0,0,0,0,3,6,2,0,0,0,1,1,0,0,0,1,0,2,0,0,0,0,0,0,0,0,0,0,1,2,1,0,4,0,0,1,0,0,0,0,2,0,1,0,2,0,0,3,1,1,0,0,1,0,0,2,0,0,0,0,0,0,0,0,0,2,0,0,0,0,0,1,0,1,0,2,4,0,0,0,0,0,0,0,0,0,1,0,0,0,2,1,1,0,0,0,0,0,1,0,0,1,0,0,0,0,0,0,0,1,3,1,0,0,1,2,0,0,2,0,0,0,0,1,0,0,1,0,0,0,0,0,0,1,1,0,0,0,0,0,0,0,0,4,0,1,1,0,0,1,2,2,1,0,0,1,0,0,0,0,1,0,0,0,0,0,0,0,2,0,0,0,1,0,0,1,0,0,1,0,0,0,0,2,0,1,0,0,0,0,0,0,1,2,2,0,3,0,0,0,0,1,0,0,0,0,0,0,0,0,0,0,0,1,0,0,0,0,0,0,0,1,0,0,1,0,0,0,0,0,0,1,1,0,0,0,0,0,0,0,1,0,0,0,0,0,0,1,0,0,0,0,0,1,1,0,0,2,0,0,0,0,0,0,0,0,0,0,0,0,1,0,1,0,0,0,0,0,0,0,0,0,0,2,2,1,0,0,0,0,0,0,0,0,0,0,0,1,1,1,0,0,6,0,1,0,0,0,0,0,1,0,0,0,0,0,1,0,0,0,0,1,1,4,0,3,0,0,1,0,0,1,0,0,1,1,0,0,0,0,0,1,0,0,0,0,0,0,0,0,0,0,0,0,0,1,0,0,0,0,0,0,0,0,0,0,0,0,0,1,0,1,0,2,1,1,0,0,0,0,3,0,1,0,0,0,0,0,0,0,0,0,0,0,0,0,0,1,0,0,2,0,0,0,0,0,0,0,0,0,0,0,0,0,0,0,0,0,0,0,0,2,0,0,0,0,0,0,2,1,0,0,0,0,0,0,1,1,1,0,1,0,2,0,0,0,0,0,0,0,0,0,0,0,0,1,0,2,0,0,0,1,1,0,0,0,0,0,0,1,0,0,0,0,0,0,1,1,1,0,0,1,0,4,0,1,0,0,0,0,1,4,0,0,1,0,0,1,0,0,0,0,0,0,0,0,0,0,0,0,1,1,0,3,0,3,0,0,0,0,1,0,0,0,0,0,0,0,0,1,0,3,1,0,0,0,1,0,0,0,0,0,0,0,1,0,0,0,0,0,0,0,0,0,1,0,2,0,1,0,1,0,0,0,1,0,0,0,0,1,0,1,0,0,0,0,1,0,1,0,0,0,0,0,0,0,1,0,0,1,1,0
GENE121,0,1,1,0,1,0,0,0,1,5,0,2,0,2,0,0,0,0,0,0,0,0,1,0,1,3,0,1,0,0,0,0,0,2,0,0,0,0,0,0,0,0,1,0,0,0,1,0,1,0,0,5,1,0,0,1,0,2,0,0,0,1,2,0,0,0,0,0,0,0,0,0,0,2,1,0,0,0,0,2,0,0,1,0,0,0,2,0,2,0,0,0,0,0,1,0,1,0,0,0,0,0,0,1,0,0,0,0,0,0,0,1,0,0,4,0,1,0,0,0,0,0,0,0,0,0,0,0,0,2,0,0,0,0,0,0,1,0,0,0,0,0,0,0,0,0,0,2,1,0,0,1,0,0,0,0,0,0,0,3,3,0,0,0,0,0,0,0,0,0,1,0,2,1,1,0,0,0,0,1,0,3,0,0,0,0,3,0,0,0,0,0,0,0,0,1,3,2,0,0,1,0,1,0,0,1,0,0,0,0,0,0,1,0,0,1,0,0,0,0,0,0,0,0,0,0,0,0,0,0,0,2,0,0,0,0,2,0,0,0,0,0,0,0,0,0,0,0,0,0,0,0,0,0,1,0,0,0,0,0,0,0,0,1,0,1,0,0,0,0,0,0,0,1,0,0,0,1,1,0,1,1,0,0,0,0,0,0,0,0,0,0,0,0,0,0,1,0,0,0,0,0,0,2,0,0,0,1,0,0,0,0,1,0,2,0,0,0,3,1,0,1,0,0,0,0,2,0,0,0,1,2,0,0,0,0,0,0,0,0,0,1,1,3,0,0,1,0,0,0,0,0,0,0,0,0,2,0,0,0,0,0,1,0,0,0,0,0,0,0,1,0,1,1,0,1,1,2,0,1,0,0,0,0,0,2,2,0,0,1,0,0,0,0,1,0,0,0,2,2,1,0,0,0,1,2,3,0,0,0,0,0,0,0,0,0,2,0,1,2,0,0,0,2,0,0,0,0,0,2,0,0,1,0,0,0,0,0,0,0,0,0,0,0,0,0,0,0,0,0,0,0,3,0,0,0,0,0,0,0,0,1,0,0,0,0,0,0,0,0,0,0,0,0,0,1,0,0,0,0,1,1,0,0,0,1,0,1,0,1,0,3,0,1,0,1,0,0,0,0,0,0,0,0,0,0,0,1,0,0,0,1,0,0,0,1,0,0,0,0,0,0,0,0,0,0,0,0,0,0,0,0,0,0,0,0,0,0,0,5,0,2,0,0,0,1,0,0,0,0,0,0,0,0,2,0,0,0,0,0,0,0,2,0,0,0,1,1,0,2,2,0,1,0,0,0,2,0,1,0,0,0,0,0,0,0,1,0,0,0,0,0,0,2,1,1,1,2,0,3
GENE122,1,2,0,0,0,0,0,4,0,0,1,0,0,0,0,1,0,0,0,3,0,0,2,2,0,0,0,0,0,0,0,0,0,0,1,0,0,0,2,0,1,1,0,0,1,0,0,0,0,1,0,0,0,0,0,0,0,0,0,0,1,1,0,2,0,0,0,0,0,0,0,1,0,0,0,1,0,0,0,0,0,0,0,2,0,0,1,1,0,1,0,1,0,0,0,0,0,0,0,1,0,0,0,0,0,0,0,0,0,0,0,0,0,0,1,0,0,0,0,1,0,4,0,0,0,0,0,0,1,0,0,0,0,1,0,0,1,0,0,0,0,2,0,0,0,0,0,0,1,0,0,0,0,0,0,0,0,0,0,3,0,1,0,0,0,1,0,1,0,0,0,0,0,3,1,0,0,1,0,0,0,1,0,1,0,0,0,0,1,1,1,0,0,0,0,0,0,0,2,0,5,0,0,0,0,0,0,0,0,1,0,0,0,0,0,1,0,0,0,0,0,0,0,2,0,0,0,0,0,0,0,0,0,0,3,0,0,1,0,0,0,1,0,4,0,1,0,0,0,0,0,0,0,1,0,0,0,0,0,0,2,1,0,0,1,1,1,0,3,0,0,0,0,0,0,0,0,0,0,0,0,0,0,1,0,1,0,0,0,0,0,0,0,0,0,0,0,0,0,1,0,0,0,0,1,0,1,0,1,1,3,0,0,1,0,0,0,4,2,1,1,0,0,0,0,2,0,0,0,1,0,0,0,0,0,0,0,0,1,0,1,0,1,0,0,0,0,0,1,0,2,0,0,0,0,0,0,0,0,0,1,0,0,0,0,0,0,0,0,0,0,0,0,0,0,0,0,1,0,0,0,0,0,0,0,2,0,3,1,2,0,0,0,0,0,0,0,0,0,0,0,0,0,0,0,0,0,0,0,0,0,0,0,0,0,0,0,1,0,1,0,0,0,0,0,0,0,0,0,0,0,2,1,1,0,0,0,0,4,2,0,0,0,0,1,0,0,0,1,0,0,0,0,0,0,0,0,0,0,0,1,0,0,0,0,0,0,0,0,0,0,1,0,0,0,0,1,0,0,0,1,0,0,0,2,0,0,0,0,0,0,0,2,0,0,0,0,0,0,0,0,0,0,1,0,0,2,0,2,0,0,0,0,0,0,1,0,0,0,1,0,1,0,0,0,0,0,0,0,2,0,0,0,1,0,1,0,1,0,0,0,0,0,0,0,0,0,0,0,0,0,0,2,0,0,0,0,0,0,1,0,0,0,0,0,0,0,0,0,0,0,0,0,0,0,0,0,0,1,0,0,0,0,0,2,3,0,0,0,0,0,1,0,0,0,0,0,0,1,0
GENE123,0,0,1,0,0,1,0,2,0,0,0,0,0,2,2,0,0,0,1,0,0,0,0,0,0,1,0,1,0,0,0,0,0,0,0,0,0,1,1,0,0,0,0,0,0,0,1,0,0,0,1,2,1,0,0,1,0,1,1,0,0,0,0,1,0,0,0,0,0,0,0,0,0,1,0,0,0,0,0,0,0,0,2,0,1,0,0,0,0,0,1,0,3,1,0,1,0,0,0,0,0,0,2,0,0,0,0,0,0,0,1,0,0,1,0,1,3,0,0,0,0,0,0,0,0,0,0,0,1,0,0,0,0,1,0,0,1,0,1,0,0,0,0,0,0,0,0,1,0,4,1,0,0,0,0,0,1,0,2,0,0,0,0,0,0,0,0,0,3,0,2,0,0,0,2,0,0,1,0,1,0,0,2,3,1,0,0,1,0,0,0,0,0,0,0,0,0,1,0,0,1,0,1,1,0,0,1,0,1,0,0,0,1,1,1,0,0,0,1,1,0,0,0,0,0,0,0,0,0,1,0,0,0,0,1,0,1,0,0,0,1,0,1,0,0,0,0,1,0,0,1,0,1,0,1,0,0,0,0,1,0,0,0,1,0,0,0,1,0,0,1,0,0,1,1,0,0,0,0,0,1,0,1,0,0,0,0,0,0,0,2,0,0,0,1,0,0,0,1,0,1,2,0,0,0,1,1,0,0,1,0,0,0,0,0,1,1,1,0,0,0,0,0,0,1,0,1,0,0,0,0,0,0,0,0,0,0,1,0,0,0,0,0,0,0,0,0,0,1,0,1,0,0,0,0,0,0,0,1,1,0,0,0,0,0,0,0,0,0,0,0,0,0,0,0,0,0,0,1,1,0,1,0,2,0,0,1,0,0,0,1,0,0,0,4,0,1,0,1,0,0,0,1,0,0,0,0,1,0,0,0,1,0,0,0,0,0,3,0,0,0,0,2,1,0,0,0,0,0,0,0,0,1,0,1,0,1,0,0,0,0,1,0,1,1,0,0,0,0,2,1,0,2,0,0,2,0,0,1,1,0,0,0,1,0,0,0,0,0,0,2,0,1,0,0,1,1,0,1,0,0,0,0,1,0,0,0,0,1,0,0,2,0,0,0,0,0,1,0,0,3,0,0,0,0,0,2,0,0,0,0,0,1,1,0,0,0,0,1,0,0,0,0,0,0,1,0,0,0,0,0,3,0,0,0,0,1,1,0,0,0,0,2,0,0,2,0,0,0,0,0,0,0,0,0,1,0,0,0,1,1,1,0,0,0,0,3,0,3,0,0,0,1,0,1,0,0,0,0,0,3,0,0,0,0,2,0,0,1,0,0,0,0,2,0,0,1,0,1,0
GENE124,1,0,0,0,2,1,0,0,0,0,1,0,0,2,0,0,0,1,0,2,0,0,0,1,0,0,1,1,0,2,0,3,2,0,0,0,0,0,0,0,1,1,0,0,0,0,1,0,0,0,0,0,0,0,1,0,1,0,0,5,0,0,1,0,1,2,0,1,0,1,0,0,2,0,0,1,3,0,0,0,0,0,1,4,0,0,0,2,0,0,0,0,0,1,0,0,0,0,0,0,0,0,0,0,0,0,2,0,0,0,0,0,0,3,0,0,0,0,1,1,0,1,0,0,0,0,1,6,0,0,0,0,0,0,0,1,0,0,0,1,0,0,0,2,0,1,0,0,0,3,0,0,1,0,0,0,0,0,0,1,0,0,2,0,0,0,1,0,0,0,1,1,1,0,0,0,0,0,0,1,0,0,2,0,1,0,2,0,0,0,1,0,0,0,0,0,2,0,0,0,0,0,0,0,0,0,1,0,0,0,2,0,0,0,0,0,0,0,0,0,0,0,1,0,0,0,0,1,0,0,1,1,0,0,0,1,0,0,0,1,2,1,0,1,0,1,0,0,0,0,0,0,0,2,0,0,1,0,0,0,0,0,0,1,0,0,1,0,3,0,0,0,0,0,0,0,0,0,1,3,1,0,0,0,0,0,0,1,1,0,0,0,0,0,0,0,1,0,0,0,0,0,1,0,1,0,0,0,0,0,0,0,0,3,0,0,0,1,0,0,0,0,0,0,0,0,1,0,0,2,0,0,0,0,0,0,0,0,1,0,0,0,0,0,0,0,0,0,2,0,0,0,0,0,0,0,0,0,0,0,0,0,3,0,0,0,0,0,1,0,0,0,0,0,0,0,0,0,0,2,0,0,0,0,0,0,2,0,0,1,1,0,0,0,0,0,1,0,0,0,0,0,0,0,0,0,0,0,0,0,0,0,0,1,0,0,1,0,0,0,1,0,0,2,0,0,0,0,1,1,0,0,0,0,1,0,0,1,1,0,0,2,0,0,1,0,1,0,0,0,2,0,0,0,0,0,0,0,0,0,0,0,2,0,0,0,0,0,0,1,0,0,0,2,0,1,2,0,0,1,0,0,0,0,0,0,0,0,2,0,0,0,0,1,2,0,1,0,0,0,0,0,0,0,0,0,1,1,0,1,1,0,1,0,1,0,1,0,0,1,0,0,1,0,0,0,0,1,0,0,1,0,0,0,0,0,1,0,0,0,0,1,0,0,0,1,0,4,2,0,0,1,0,3,0,0,0,0,0,0,2,0,0,0,0,0,0,0,0,0,1,0,0,0,0,0,0,0,0,0,0,0,0,1,2,0,0,0,0,0,0,1,0,0,0,1,0,1,0,0
GENE125,0,0,0,1,0,0,1,1,0,0,0,0,2,0,2,0,0,0,0,0,0,0,0,0,0,3,0,1,0,0,0,0,0,0,0,0,0,0,1,0,0,0,1,0,0,0,0,1,1,0,0,0,0,0,0,1,0,0,0,0,2,1,4,1,1,0,0,0,0,0,0,0,0,0,0,0,0,0,0,0,2,0,0,0,1,0,2,2,1,1,0,0,1,0,1,1,0,0,0,0,0,0,1,1,0,0,0,0,0,0,0,1,0,0,0,0,0,1,1,0,0,0,0,1,0,1,0,0,0,0,0,0,0,0,0,0,1,3,0,0,0,1,0,1,0,0,0,0,0,0,1,0,0,0,1,0,0,0,2,0,0,0,0,0,0,0,0,1,1,1,0,0,0,0,0,0,0,1,0,0,0,0,1,0,0,0,1,0,0,0,0,1,0,0,1,0,0,1,0,3,0,0,0,2,0,0,3,3,0,2,0,0,1,0,0,0,0,0,0,0,0,0,0,0,0,0,0,0,0,1,0,1,0,1,0,0,0,1,0,0,0,3,0,0,1,0,0,0,0,0,0,0,0,1,0,0,0,0,0,2,0,0,0,0,0,2,0,0,0,2,0,0,0,0,1,3,0,0,0,1,0,0,0,1,1,0,0,0,0,0,0,1,0,0,3,1,2,0,0,0,0,0,0,0,0,0,0,0,0,0,0,0,0,1,0,0,0,0,1,0,0,0,0,1,1,0,0,0,0,1,0,0,0,0,0,1,0,1,0,0,0,1,0,2,0,0,2,0,1,0,2,0,1,0,0,0,0,0,1,1,1,0,0,0,1,1,0,0,1,0,0,0,0,0,0,0,0,0,1,0,1,0,0,0,0,1,0,3,1,0,0,0,0,0,0,1,1,0,0,0,0,1,0,0,1,0,0,0,0,0,4,0,1,0,0,0,0,0,0,0,1,1,2,0,0,0,0,0,0,0,1,0,0,0,1,0,1,3,0,0,1,0,1,0,0,0,0,0,1,0,4,0,2,0,1,0,0,0,0,0,0,0,0,0,0,0,0,1,0,0,0,0,0,0,0,0,0,1,1,0,0,0,0,0,2,0,0,0,0,1,0,0,0,0,0,0,0,0,0,0,0,0,0,1,0,0,1,0,1,0,0,0,0,0,0,0,0,0,0,1,0,0,0,0,1,0,0,0,0,0,0,0,0,1,0,0,0,0,0,0,0,0,0,0,0,0,1,0,0,0,0,0,0,0,0,0,0,0,1,0,0,0,0,0,0,0,1,0,0,0,0,0,0,0,0,0,3,0,0,2,0,0,0,0,1,0,0,0,0,1,0,0,0,1,0,0,0,2,0,0
GENE126,0,0,0,0,0,0,0,0,0,0,0,0,0,0,1,0,0,1,0,0,0,0,1,0,0,0,0,0,2,2,0,1,0,0,0,1,0,0,0,0,0,0,0,0,0,0,0,0,1,1,0,0,0,0,0,1,0,1,0,1,0,0,0,0,0,0,0,0,0,0,0,0,0,0,0,0,1,0,0,0,0,0,0,0,0,0,0,1,0,0,0,0,0,0,0,0,0,0,0,0,1,1,0,0,0,0,0,0,0,1,0,0,0,0,0,0,0,0,2,0,3,1,0,0,0,0,0,0,0,1,1,0,2,0,0,1,0,0,0,0,0,0,1,0,0,0,0,0,2,0,1,0,0,0,0,0,0,0,1,0,0,0,0,0,0,0,0,0,0,0,0,0,1,0,1,0,0,0,0,0,0,1,0,0,0,0,0,1,0,1,0,4,0,0,0,3,0,0,0,0,0,0,4,0,0,0,0,0,0,0,0,0,0,0,0,1,0,0,0,5,0,0,1,0,0,0,0,0,0,0,0,0,0,0,0,2,0,0,0,0,0,0,0,0,1,0,0,0,0,0,0,1,0,0,0,0,0,0,1,2,0,0,0,0,2,0,0,1,0,1,0,0,2,0,3,1,0,0,0,1,0,1,1,0,1,0,0,0,0,0,0,0,1,0,0,0,0,0,1,0,1,0,1,0,1,0,1,0,0,1,0,0,0,0,0,0,0,0,0,0,0,0,0,0,1,0,0,0,0,4,0,2,0,0,0,0,0,0,0,0,0,0,4,0,0,1,0,0,0,0,0,0,0,0,0,1,0,0,0,0,0,0,0,2,1,0,1,0,0,2,0,2,0,0,0,0,0,2,0,5,2,4,0,0,0,3,0,0,2,0,0,0,0,0,0,0,0,0,0,0,0,0,0,3,1,0,0,0,0,0,0,0,0,0,2,0,0,1,0,2,0,0,0,0,0,0,0,0,0,0,0,0,0,0,4,1,0,0,0,0,0,0,0,2,0,0,1,0,2,1,1,0,0,0,0,0,4,0,2,0,0,0,1,0,0,0,0,0,0,1,0,1,0,0,0,2,0,0,0,0,0,1,1,0,0,0,0,0,0,0,0,0,0,0,1,0,0,2,1,0,0,0,0,0,1,0,0,0,0,0,0,1,0,0,1,3,0,0,0,0,0,0,0,0,0,0,0,2,0,0,3,0,0,0,0,0,1,0,0,0,1,0,0,0,0,1,0,3,0,0,0,1,0,0,0,0,0,2,1,0,0,0,0,0,0,0,0,0,1,2,0,0,1,3,0,0,0,0,1,0,0,0,2,0,0,0,0,0,0,0,0,0,0,0,1,0,0,0,0,1
GENE127,0,0,1,0,0,2,0,0,2,1,0,0,0,1,0,0,1,1,0,0,1,2,0,0,1,0,0,0,0,0,1,0,0,0,0,0,0,0,0,0,5,1,0,0,0,0,0,0,0,1,0,1,0,0,0,0,1,0,0,0,1,0,0,2,0,0,0,0,0,0,1,0,0,1,0,0,0,0,0,0,1,0,0,1,1,0,1,1,0,0,0,0,0,0,0,0,0,0,1,0,0,0,0,0,1,0,0,0,0,0,0,1,0,0,0,0,2,0,1,1,0,0,0,0,0,1,0,0,0,0,0,0,0,0,1,4,0,0,0,0,5,0,0,0,0,1,0,0,0,2,2,0,0,0,1,0,0,0,0,0,2,0,0,0,0,0,0,4,0,0,0,0,1,0,0,0,0,0,1,0,0,0,1,1,0,0,1,0,2,0,0,0,0,1,0,0,0,0,0,2,0,2,0,0,0,0,0,0,1,0,0,0,0,0,0,1,0,0,1,0,0,0,1,0,0,1,0,0,0,0,0,0,0,0,0,0,0,0,1,0,0,0,0,0,0,0,2,2,0,0,0,0,0,0,0,0,0,1,0,0,0,0,2,1,1,0,0,0,0,0,0,0,2,0,1,0,0,0,1,1,0,0,0,2,0,0,0,0,0,0,0,0,0,0,0,0,0,0,0,1,0,0,0,0,0,0,0,1,0,2,0,0,0,0,0,0,0,0,0,0,0,0,0,1,0,1,0,0,0,0,2,1,1,0,0,0,0,1,0,0,0,0,0,0,3,0,2,1,0,0,2,1,2,0,0,0,0,0,1,0,1,0,0,0,0,0,0,0,1,0,2,0,0,1,0,2,1,0,0,0,0,0,0,0,0,2,0,0,4,0,1,1,0,0,0,0,0,0,3,1,0,0,0,1,0,0,0,0,0,0,0,0,0,0,0,0,0,0,0,1,0,0,0,2,0,2,2,0,0,0,0,0,0,0,0,0,0,0,0,1,0,2,0,0,0,0,0,0,0,0,0,0,1,0,0,0,0,0,0,0,0,0,0,0,0,1,0,0,0,1,0,0,0,0,0,0,0,0,1,1,0,0,0,0,0,0,0,1,0,1,0,0,0,0,0,0,0,0,0,0,0,0,0,1,0,0,3,0,0,0,0,0,1,0,0,0,0,0,0,0,0,0,0,0,0,0,2,0,0,0,0,1,0,0,0,0,0,1,0,0,0,0,0,0,0,0,1,0,0,0,1,0,0,0,0,0,0,3,0,0,0,1,3,1,0,0,0,0,0,0,1,0,0,0,0,0,0,0,0,1,0,0,0,0,0,0,0,0,3,0,0,0,0,0,0,2,2,1,0,0
GENE128,0,0,0,0,1,0,0,0,0,0,2,0,0,1,0,0,2,1,0,0,0,0,0,0,0,3,1,0,0,1,0,0,0,0,0,1,4,1,0,0,0,0,0,0,1,0,1,1,0,0,0,1,1,0,0,0,0,1,0,0,2,0,0,0,0,0,2,1,0,0,0,0,0,0,0,0,1,0,0,3,1,0,1,0,0,0,0,0,0,0,0,1,1,0,0,1,0,0,0,1,0,0,0,0,0,0,0,0,1,0,0,0,1,0,0,2,0,0,0,0,0,0,2,0,0,1,0,1,0,1,0,2,0,0,0,6,0,0,0,1,0,0,1,0,0,1,0,0,0,0,1,0,0,0,0,2,1,1,0,0,1,0,2,0,0,0,0,0,0,3,0,0,0,1,0,0,0,0,0,0,0,0,0,0,0,0,1,1,4,0,0,6,0,0,0,0,0,1,0,1,0,0,0,0,1,0,0,0,0,0,0,0,0,0,0,0,0,0,0,0,0,0,0,0,1,0,0,0,0,0,0,1,0,0,0,1,0,0,1,0,0,0,1,0,1,1,0,0,0,2,0,0,0,1,5,0,1,0,0,0,0,0,0,1,0,0,0,0,0,0,0,0,3,0,0,0,1,2,0,0,1,1,0,0,0,0,0,0,0,0,3,2,0,0,0,0,0,0,0,2,0,0,0,0,0,0,1,1,0,0,2,0,0,4,1,1,0,0,0,0,0,1,0,0,0,0,0,0,0,0,1,0,0,0,0,0,0,0,0,0,0,0,0,0,0,0,0,0,0,0,0,0,0,0,0,0,0,0,0,0,0,0,4,0,0,0,0,0,1,0,0,0,0,1,0,0,0,0,1,0,0,0,0,0,0,0,0,1,0,0,1,0,0,0,2,0,0,1,0,0,0,0,2,0,0,0,1,0,0,1,0,0,0,0,0,0,1,0,0,0,0,1,1,0,0,0,0,0,0,0,0,0,3,1,1,0,1,0,0,0,0,2,1,0,0,0,1,1,0,4,0,0,0,0,0,0,0,1,0,0,0,0,0,0,0,1,0,1,0,0,3,1,0,1,0,0,0,0,1,0,0,0,0,0,1,0,0,1,0,0,0,0,0,2,0,0,0,0,1,0,1,0,0,0,0,0,3,0,0,2,0,1,0,1,0,0,0,2,0,1,0,0,0,3,0,0,0,0,0,2,1,0,1,0,0,1,0,0,0,0,0,0,1,1,1,0,0,0,1,0,0,0,0,0,0,0,0,0,0,0,1,0,1,0,0,0,0,0,0,1,1,0,0,0,0,0,0,0,0,1,0,0,0,1,3,0,0,0,2,0,0,0,0,5,2,0,0,0,0,4
GENE129,0,0,0,0,0,0,3,0,2,0,1,0,0,3,1,0,0,0,2,0,1,0,1,0,0,0,0,1,0,0,1,0,2,0,0,1,0,0,0,0,0,0,0,0,0,0,0,0,0,1,0,0,0,0,0,1,0,2,0,0,0,0,0,1,0,1,1,0,0,0,0,0,0,0,0,0,0,0,1,0,0,0,0,2,1,0,0,0,1,1,0,0,0,2,1,0,1,0,2,0,0,0,0,0,0,1,0,0,0,0,0,0,0,0,0,3,1,3,1,0,1,0,0,1,1,1,0,0,0,0,0,0,1,0,0,0,0,2,0,2,0,0,0,0,0,1,0,0,1,0,4,0,2,0,2,0,0,0,0,0,0,0,2,1,0,0,0,2,0,0,1,0,4,1,0,0,0,0,1,0,0,0,2,0,0,0,0,0,0,0,0,0,0,0,0,0,0,0,0,0,0,0,1,0,2,0,0,0,1,0,1,0,0,0,0,0,0,0,2,2,0,1,5,0,0,0,0,1,4,0,0,0,0,0,1,0,1,0,0,0,0,0,1,0,0,0,0,0,0,0,1,0,1,0,0,0,1,1,1,1,0,0,0,0,0,0,0,0,0,4,0,1,0,0,0,0,0,0,0,0,0,0,0,0,0,0,0,0,0,0,0,0,2,0,0,0,0,1,1,0,0,4,0,0,4,2,0,0,0,0,1,0,0,2,1,2,0,0,0,0,0,4,0,0,0,0,0,1,0,0,0,0,1,1,0,0,2,1,2,0,0,0,1,0,0,0,0,0,1,0,0,0,0,0,1,0,0,0,0,0,0,0,0,1,0,0,0,0,2,0,0,0,0,0,0,1,1,0,0,0,4,2,0,0,0,0,0,0,1,1,1,0,0,0,0,0,0,1,0,0,0,0,0,0,0,0,0,1,0,0,0,0,0,0,2,0,1,0,0,1,0,0,1,2,0,0,0,0,0,1,0,0,2,0,0,0,0,0,0,0,0,0,0,0,0,0,0,0,1,1,0,0,0,2,0,0,1,0,0,2,0,0,0,0,1,0,1,0,1,0,0,0,0,1,0,0,3,0,0,0,0,0,0,0,0,2,0,0,0,1,4,0,0,0,0,0,0,0,0,0,0,1,0,1,0,0,0,0,0,1,0,0,0,0,0,0,0,0,0,0,0,0,4,1,0,1,0,0,0,2,0,1,0,0,0,2,0,0,0,0,2,1,0,1,0,0,0,0,0,0,1,0,0,0,0,0,0,0,0,0,0,0,0,1,0,0,0,0,1,0,0,0,1,0,0,0,1,0,4,0,1,0,0,0,0,0,1,0,0,0,0,0,0,0,0,0,0,1,0,0
GENE130,0,0,0,0,0,1,0,0,2,0,1,0,0,0,0,1,0,0,1,1,0,0,0,1,0,0,0,1,0,0,0,0,0,0,0,0,0,1,0,1,0,1,0,0,0,1,1,0,0,0,2,0,0,0,0,0,0,0,0,0,0,0,1,0,0,0,0,1,0,0,0,0,0,2,1,0,0,0,2,0,0,0,0,2,0,0,0,0,0,0,1,0,0,0,1,1,1,0,1,0,0,1,0,0,0,1,0,0,1,0,0,1,1,0,2,0,0,1,0,0,0,1,0,0,0,3,0,0,0,1,0,2,0,0,0,0,0,0,0,1,0,0,0,1,0,1,3,0,0,1,0,0,2,0,4,0,0,0,1,0,0,0,0,0,0,0,0,0,0,0,2,0,1,1,0,0,0,1,0,0,0,3,0,0,0,0,3,0,0,0,0,0,0,0,0,1,0,2,0,0,1,1,1,0,1,0,0,0,0,1,0,0,1,0,2,0,2,0,2,4,1,0,0,0,0,0,0,1,0,0,0,0,0,0,0,1,0,3,0,1,0,0,0,1,1,1,0,2,0,0,1,0,0,3,0,0,0,1,0,1,0,0,0,1,0,0,1,2,0,0,2,0,0,0,0,0,1,1,0,0,0,1,0,0,0,0,0,0,3,0,0,1,0,0,0,1,2,0,0,0,0,1,1,1,1,0,0,0,0,0,0,0,2,0,0,0,0,0,5,0,1,0,2,1,0,0,0,0,0,0,0,0,0,0,0,0,0,1,0,1,0,0,0,0,0,0,0,0,0,1,0,1,0,0,0,1,0,0,0,0,0,0,4,1,2,0,0,1,0,0,0,1,1,0,0,2,0,1,1,0,0,0,2,0,0,0,0,0,0,0,0,0,0,0,0,0,0,0,3,0,0,1,0,0,0,0,1,0,0,1,0,0,0,0,0,0,1,0,0,0,0,0,0,0,2,0,0,0,0,0,2,0,0,1,1,0,1,0,1,0,0,0,0,0,0,0,0,0,0,0,1,0,2,0,0,2,0,0,1,0,0,0,0,0,0,0,0,0,0,0,0,0,0,1,0,0,0,3,0,0,0,0,0,0,1,3,0,0,1,0,0,2,0,0,0,0,0,0,0,1,0,4,0,0,0,0,0,0,0,0,0,0,0,0,0,1,2,2,0,0,0,0,0,0,0,1,0,0,0,0,0,0,3,1,0,0,0,4,0,0,0,0,0,1,0,0,0,0,0,0,0,0,0,0,1,0,1,0,0,1,0,1,0,0,0,1,4,0,1,0,1,0,1,0,0,0,0,0,0,0,0,0,0,0,0,0,0,0,1,0,0,0,0,0,3,0,0,0,0,1
GENE131,2,0,0,0,1,0,0,2,2,0,0,0,0,1,0,0,0,1,1,0,0,0,0,0,0,0,0,0,0,0,0,1,0,0,0,0,0,0,0,1,0,0,0,0,0,0,1,0,0,0,0,0,0,0,0,0,1,0,0,0,0,0,0,0,0,1,0,0,1,0,0,0,0,1,0,0,3,0,0,0,0,0,0,0,0,0,0,2,0,0,0,0,0,4,0,0,0,0,0,0,0,0,1,0,0,2,0,0,0,0,1,0,0,0,1,0,0,0,1,0,0,0,0,0,0,0,2,0,0,0,1,0,0,0,1,3,0,0,0,0,0,1,1,0,0,1,0,0,1,0,0,1,1,0,5,0,0,0,0,0,0,0,1,2,0,1,0,2,1,0,2,0,0,0,1,0,1,0,0,0,0,1,1,0,1,0,0,0,0,0,1,0,1,0,0,0,1,0,0,0,0,1,2,1,0,0,0,0,1,0,0,0,0,0,0,0,0,0,0,0,0,0,0,0,0,2,0,2,1,0,0,0,0,0,1,0,3,2,0,0,1,0,0,0,0,0,0,0,0,0,2,0,2,0,3,0,0,0,0,2,0,0,0,0,0,0,0,1,0,0,0,0,0,0,0,1,0,3,1,0,0,0,0,0,3,0,0,0,0,0,0,0,1,0,0,0,0,0,0,0,0,0,0,0,1,0,0,0,2,0,1,0,0,0,0,0,0,0,0,0,0,1,0,0,0,0,1,0,1,0,3,0,0,0,0,0,0,0,0,0,0,0,0,1,1,0,0,0,0,0,0,0,0,0,0,0,0,0,0,0,0,0,1,0,0,0,0,0,0,0,0,0,1,0,0,0,1,0,6,0,1,1,0,0,0,0,0,1,0,0,0,0,0,0,0,0,1,0,0,1,0,0,2,1,0,0,0,0,0,0,0,0,1,0,1,0,0,0,0,0,0,0,0,0,0,1,0,0,2,1,0,1,0,0,0,1,0,0,0,2,0,0,0,0,2,3,0,0,0,0,2,0,1,0,0,0,0,0,1,0,0,0,0,0,0,1,0,0,0,1,0,0,2,1,0,0,0,0,3,0,2,1,0,0,1,0,0,0,0,0,3,0,0,1,0,0,1,0,0,1,0,0,0,1,0,0,0,0,0,0,0,0,2,0,0,0,0,0,0,0,0,1,0,0,0,0,3,0,0,0,0,1,1,0,0,0,2,0,1,0,0,3,0,0,0,0,0,7,0,0,0,0,1,0,2,0,0,0,1,0,2,0,3,0,1,1,0,0,0,0,0,0,1,0,1,1,0,0,0,0,0,0,0,0,0,0,1,0,0,1,0,0,0,1,0,0,0,0,2,0
GENE132,2,0,0,1,0,0,0,0,0,0,0,0,0,2,0,0,0,0,0,0,0,2,0,0,0,0,1,0,0,1,0,0,0,0,0,0,0,0,1,0,0,0,1,0,0,0,0,0,1,0,1,0,1,0,0,0,0,0,0,0,1,1,0,0,0,0,0,1,0,0,1,0,1,0,2,0,0,1,0,0,0,0,0,1,0,0,2,0,1,0,0,1,0,0,0,2,0,2,0,0,0,0,0,0,0,0,0,0,0,0,0,1,0,1,0,1,0,0,1,0,1,0,2,0,0,0,0,0,1,0,0,0,1,0,0,0,1,1,0,1,0,0,0,0,0,1,0,1,0,0,1,0,1,0,0,0,0,0,0,0,0,0,0,0,5,0,0,0,0,1,0,0,0,0,0,0,0,0,0,0,0,0,1,1,0,1,0,0,0,2,1,1,1,0,0,0,0,0,0,0,0,0,0,1,0,0,0,0,0,0,0,1,1,1,1,0,1,0,0,1,4,0,0,0,0,0,1,0,0,0,0,1,0,0,1,0,1,0,0,1,0,0,0,0,0,0,2,0,0,0,0,0,0,0,0,1,0,1,0,0,0,0,0,3,0,0,0,0,0,1,0,0,0,1,1,1,0,1,0,0,0,0,1,0,0,1,0,0,0,4,2,0,0,1,0,0,0,1,0,1,0,0,0,0,0,0,1,0,0,0,1,0,0,0,0,0,0,0,3,0,0,2,0,0,0,0,0,1,0,0,0,1,1,2,1,0,0,0,0,1,0,0,0,0,0,0,0,0,0,1,0,0,0,0,0,0,2,0,0,4,0,0,0,0,0,0,0,0,0,0,0,0,0,0,0,0,0,0,0,1,0,0,0,0,1,1,0,0,1,0,0,0,0,1,0,0,0,0,1,0,1,0,0,1,0,0,0,1,0,0,0,0,1,0,1,0,0,0,0,0,0,0,1,0,1,0,0,1,0,0,0,1,1,0,0,0,1,1,0,0,0,0,0,0,0,0,0,0,1,1,0,0,1,0,0,0,0,1,0,0,3,0,0,0,0,2,0,2,1,1,0,0,0,1,0,0,0,0,0,3,0,0,0,0,0,0,0,0,4,0,0,0,0,0,0,0,0,5,0,0,1,0,0,0,0,0,3,0,0,0,0,0,1,0,0,0,1,0,0,0,0,0,0,0,1,2,1,0,0,0,0,0,1,0,1,0,0,0,0,1,0,1,0,0,0,0,2,0,1,0,0,0,0,0,0,1,0,0,0,0,0,0,0,0,0,0,1,0,2,0,1,0,0,0,0,0,2,0,0,0,0,0,0,0,0,0,3,0,0,0,0,0,0,0,0,0,0,1,0,1
GENE133,1,0,0,0,1,1,0,0,0,0,0,0,0,0,0,1,0,0,0,0,0,0,0,0,0,0,0,0,1,1,0,0,2,0,1,0,0,0,0,0,1,0,0,0,0,0,0,0,1,0,0,0,0,0,0,0,0,0,0,0,0,0,0,2,0,0,0,1,0,0,0,0,0,0,0,0,0,1,2,0,0,0,0,0,2,0,0,0,0,0,0,0,0,1,0,0,0,0,0,0,0,0,0,0,0,0,1,0,0,3,0,0,0,0,0,0,2,0,0,0,0,0,1,0,0,0,0,0,0,0,2,1,0,0,1,0,2,0,0,0,0,0,0,0,0,2,0,0,2,0,0,0,0,1,0,0,0,0,0,0,0,0,1,1,0,0,0,0,2,1,0,0,0,0,0,0,0,0,1,1,1,0,1,0,0,0,0,2,1,0,0,0,2,0,0,1,0,0,0,2,0,0,0,0,0,0,0,0,0,0,0,0,0,1,0,1,2,0,2,0,1,0,0,0,2,0,0,0,0,0,0,0,0,3,1,0,0,0,0,1,0,0,0,0,0,0,0,0,0,0,0,0,0,0,0,0,0,0,1,1,0,0,0,0,0,0,0,0,0,1,1,0,0,0,0,0,0,1,2,1,0,3,0,0,0,0,1,0,1,0,0,0,0,0,0,2,0,0,0,1,0,0,2,1,1,0,0,0,0,0,0,0,0,1,0,0,0,0,1,0,1,1,2,0,0,0,0,0,1,0,1,0,0,1,1,0,0,0,0,0,0,0,1,1,0,0,0,0,3,0,2,1,0,1,2,0,0,1,0,1,0,1,1,1,0,0,0,0,0,0,0,0,0,0,0,0,2,3,0,0,1,0,0,0,0,1,0,2,1,0,0,1,0,0,0,1,0,0,0,1,0,0,1,4,0,1,2,0,1,0,0,0,0,0,0,0,0,2,0,0,1,2,5,3,1,3,0,0,0,2,0,0,2,0,0,0,0,1,1,0,0,0,1,0,0,0,0,1,0,0,0,0,0,0,0,0,0,0,0,3,1,0,0,0,1,0,3,0,0,0,0,4,2,1,0,0,1,0,0,0,0,0,3,1,0,0,0,0,0,1,0,0,0,2,0,0,0,0,0,0,0,0,0,0,0,0,1,1,0,0,0,0,0,0,0,2,0,0,1,2,0,0,0,0,0,2,0,0,0,0,0,0,0,0,0,0,1,1,0,0,0,0,0,0,0,0,0,0,1,0,0,0,0,0,0,0,2,0,0,0,0,0,0,3,0,1,0,0,0,0,0,0,0,0,0,0,2,0,0,1,0,0,0,0,4,0,1,1,1,0,0,0,0,1,0,1,0,0,0,1
GENE134,0,0,0,1,0,0,1,0,1,0,0,2,0,1,1,0,0,0,0,0,1,0,0,1,1,0,0,0,1,0,0,0,1,0,0,0,1,1,0,0,2,0,0,0,0,0,1,1,0,0,0,0,1,0,1,0,0,0,0,0,0,0,0,0,3,0,0,0,0,0,0,0,1,0,0,0,0,0,0,0,0,1,0,0,3,0,0,2,1,0,0,0,0,0,3,0,0,0,0,3,0,1,1,0,0,0,0,0,0,0,1,0,0,0,0,0,2,0,0,0,0,0,3,0,1,0,0,0,1,2,1,0,0,0,0,0,0,0,0,0,0,0,0,2,0,1,0,1,0,0,0,0,0,0,0,0,0,0,1,0,0,1,0,0,0,0,0,2,0,0,0,1,0,0,0,0,1,1,0,0,0,1,0,1,1,0,0,1,0,0,0,0,1,0,0,0,0,0,0,0,0,0,0,1,0,0,1,1,0,0,2,0,0,1,0,0,0,0,2,0,0,0,0,0,0,0,0,0,0,0,0,1,0,0,4,1,0,0,0,1,0,0,0,0,0,0,1,0,0,1,1,0,1,2,0,0,0,0,0,0,0,0,0,0,0,1,1,0,1,4,0,0,0,0,0,1,1,0,0,0,0,0,0,0,0,0,1,0,0,1,0,0,0,0,0,1,0,0,0,1,1,1,1,1,0,1,1,0,0,0,1,0,0,2,0,0,0,0,1,0,0,0,1,0,0,0,0,4,0,0,0,0,1,0,0,0,0,0,0,0,0,1,0,0,0,1,0,0,0,0,0,0,0,0,0,0,0,0,1,0,0,0,0,0,0,0,0,0,0,0,0,1,1,1,0,0,0,0,0,0,0,0,0,0,0,2,0,0,2,1,1,0,0,0,0,2,2,0,0,0,0,0,3,0,0,0,0,1,0,0,2,0,0,0,0,0,2,1,0,0,0,0,0,0,0,0,0,0,0,0,0,0,0,0,0,0,0,0,0,0,1,5,0,0,0,2,0,0,0,0,0,0,0,0,0,0,2,2,0,0,0,1,0,0,0,0,0,0,0,0,0,0,1,1,0,0,1,1,5,0,3,0,0,0,1,0,0,1,1,0,0,0,1,0,0,0,0,2,0,2,1,0,0,0,0,1,0,2,0,0,0,1,0,1,0,1,0,0,0,2,0,0,0,0,0,0,1,0,0,0,0,0,0,0,0,0,0,0,1,0,0,0,0,0,0,2,0,1,1,0,0,0,0,0,0,0,0,0,0,0,0,0,0,8,0,0,0,0,0,2,1,0,0,0,0,0,1,0,0,0,0,0,0,0,1,0,0,0,0,0,1,1,0,0,0,0,0,0,0,1
GENE135,0,0,0,1,1,0,0,0,0,0,2,0,0,4,0,0,0,1,1,0,0,1,1,1,0,0,0,0,1,0,0,0,0,0,0,0,2,0,0,0,0,0,1,0,0,0,1,1,0,1,0,1,0,0,0,0,1,0,0,0,0,0,1,0,0,0,0,0,0,0,1,0,0,0,0,0,0,1,2,0,0,1,0,0,0,0,0,0,0,0,0,0,0,0,1,0,0,0,1,0,0,0,0,0,3,0,1,1,0,1,0,3,0,0,0,1,0,0,2,0,0,0,0,0,0,0,0,1,0,0,0,0,1,0,0,0,0,4,0,0,0,0,0,0,0,0,0,1,0,0,0,0,0,0,0,0,0,0,0,0,0,0,0,0,0,0,0,0,0,2,0,0,0,0,3,1,0,0,1,1,0,1,0,0,0,0,0,1,0,0,0,0,0,2,0,0,0,0,0,2,0,0,0,0,1,0,0,1,0,1,0,0,0,0,0,2,0,0,0,1,0,0,0,0,0,0,2,0,0,0,0,0,1,1,0,1,0,0,0,0,0,1,1,0,1,1,0,0,0,0,0,0,0,1,1,1,0,0,0,0,0,0,0,0,0,0,0,0,1,0,1,2,1,0,0,1,0,1,0,0,0,0,2,1,0,2,7,3,1,0,0,0,1,1,0,0,0,1,0,0,1,0,1,0,1,0,0,0,1,0,0,0,0,0,0,0,0,3,0,0,0,1,0,0,2,0,0,0,1,0,0,0,0,1,1,1,0,1,0,0,0,0,0,0,0,0,0,3,1,0,0,0,0,0,0,1,1,0,0,0,2,0,0,0,0,0,0,1,0,1,0,3,0,1,0,0,0,0,1,0,0,0,2,1,0,0,0,1,0,5,0,0,0,0,0,0,0,0,0,0,1,0,0,0,0,0,0,0,0,0,0,0,0,0,0,0,1,2,0,0,2,1,0,0,0,0,1,0,1,1,0,0,0,1,1,0,0,0,0,0,0,1,2,0,0,0,2,0,0,0,0,0,1,0,0,1,1,0,2,0,0,0,3,0,0,0,0,0,0,0,0,0,1,0,0,1,0,1,0,0,0,0,0,0,1,0,3,0,0,0,0,0,0,0,0,1,0,0,2,0,0,0,0,0,0,0,0,0,0,0,1,1,0,1,0,0,0,0,0,0,0,3,0,0,0,1,0,1,0,0,0,0,1,0,0,0,0,0,0,0,1,0,0,0,0,2,0,2,0,0,0,0,0,0,0,0,2,0,0,0,0,0,0,0,0,0,0,0,0,0,0,0,0,0,0,0,0,1,0,0,0,0,0,0,0,0,0,0,0,0,0,1,0,1,0,0,1,0,3,0
GENE136,0,0,0,0,0,0,0,1,1,0,0,0,0,1,0,0,0,0,0,0,0,0,0,0,0,0,0,0,0,2,0,0,1,1,1,0,0,0,1,0,1,0,0,0,0,0,0,2,0,0,0,0,1,0,0,0,0,2,0,2,0,0,0,1,0,0,0,0,0,0,0,0,0,1,0,0,3,0,0,1,0,0,0,0,0,0,1,0,1,0,0,0,0,0,2,0,0,0,0,3,1,1,0,0,0,0,0,0,1,0,0,0,0,0,0,3,0,0,4,0,0,0,1,0,0,0,0,0,1,0,0,0,0,0,0,0,0,0,0,0,0,1,0,0,2,0,0,1,1,0,4,0,1,1,0,0,0,0,0,0,1,0,0,0,0,0,2,0,0,0,1,0,0,0,0,0,0,0,0,0,0,0,0,0,0,1,2,0,0,0,0,0,0,0,1,0,0,0,0,0,1,0,1,0,1,0,0,0,0,0,0,0,2,2,0,0,2,0,2,1,0,1,0,0,0,0,0,1,0,0,0,0,2,0,0,0,2,1,0,0,0,2,0,0,0,0,0,0,0,0,0,0,0,0,0,2,3,0,0,0,0,0,0,0,0,0,0,0,0,0,0,0,2,0,0,0,0,1,0,0,0,0,1,0,0,0,3,0,0,0,0,0,4,0,0,0,0,0,0,0,0,0,0,0,0,0,0,0,2,0,1,0,0,0,0,0,0,0,0,0,2,0,0,0,0,0,0,0,1,0,0,3,0,0,1,0,0,1,0,0,0,3,1,0,0,1,1,0,2,0,1,0,0,0,0,0,0,0,0,0,1,0,1,1,0,0,3,0,1,0,0,0,0,0,0,0,1,0,0,0,2,0,0,0,0,0,0,0,0,0,1,0,0,0,0,0,0,0,0,0,0,1,0,0,0,1,1,0,4,0,1,0,0,0,0,1,0,1,0,0,2,0,0,0,0,1,0,0,0,0,0,0,0,0,0,0,0,1,1,0,0,0,0,0,0,1,0,0,0,0,1,0,0,1,0,0,2,0,0,1,0,3,0,0,0,0,0,0,0,0,1,0,1,0,0,0,0,0,0,0,0,0,3,3,0,2,0,1,2,1,1,0,0,0,0,0,0,0,0,0,1,0,0,2,0,0,0,1,0,0,0,0,0,0,0,1,0,0,1,0,0,0,0,0,0,0,0,0,0,0,0,0,1,0,0,0,0,0,0,1,0,3,0,0,0,0,0,0,0,0,0,0,0,0,0,0,0,0,0,0,0,0,0,1,0,2,0,0,3,0,0,0,0,0,1,1,0,1,0,0,1,0,0,0,0,0,0,1,0,0,0,0,3,0,0,0,0,0,0,0
GENE137,0,0,2,0,0,0,0,0,1,1,0,0,0,0,0,0,0,0,0,0,0,0,0,0,0,2,1,1,0,0,0,1,0,0,0,0,0,0,1,1,0,0,0,0,1,0,0,0,0,3,0,0,0,0,0,1,1,0,1,0,0,1,2,0,0,0,0,0,0,0,0,0,0,0,2,0,0,1,2,0,0,0,2,0,0,0,0,0,2,0,0,0,0,0,0,0,0,0,4,1,0,0,0,0,0,1,0,0,0,0,0,0,2,1,1,0,1,0,0,0,0,0,0,3,0,0,0,0,4,0,1,0,1,0,0,0,0,1,1,0,3,1,1,0,1,0,1,0,2,0,1,0,0,0,1,0,1,0,0,0,0,0,0,0,0,0,0,0,1,1,0,3,0,0,0,0,1,0,0,0,0,0,1,0,0,0,0,0,0,0,1,1,0,0,0,5,0,2,0,0,0,0,0,2,2,0,0,0,0,0,0,0,0,0,0,0,0,0,1,1,1,0,1,0,2,0,0,2,0,0,1,1,0,0,0,1,0,4,1,1,0,1,0,2,0,1,1,1,1,0,0,1,0,0,0,0,0,0,0,0,0,0,1,0,0,0,0,0,0,1,1,0,0,0,1,1,0,0,0,0,0,1,0,0,1,1,0,0,0,0,2,0,1,0,1,0,0,0,0,0,1,1,0,0,0,0,2,0,1,0,0,0,0,9,2,0,1,1,2,1,0,2,0,0,0,0,1,0,2,0,0,0,0,0,0,1,0,0,0,2,0,0,2,0,0,0,0,0,0,0,0,0,3,0,0,0,0,1,0,0,0,0,0,1,0,0,0,0,1,0,0,0,0,0,0,0,1,0,0,2,0,5,0,0,0,0,1,0,1,0,5,1,0,0,0,2,0,0,0,0,2,0,0,0,1,0,0,1,1,1,1,0,0,0,0,1,1,0,0,0,0,0,1,0,1,0,0,0,1,0,1,0,0,1,0,0,0,3,1,1,0,1,0,1,0,0,0,0,0,0,4,0,0,0,0,0,0,0,0,0,0,0,0,0,0,1,0,0,0,0,0,0,1,0,0,2,0,0,2,0,0,0,0,1,3,0,0,1,0,0,0,0,1,0,0,0,0,0,0,0,0,0,0,1,0,0,0,0,1,1,0,0,0,0,1,1,0,0,1,0,0,0,0,0,1,0,0,0,0,0,0,2,0,1,0,0,1,0,0,0,0,0,0,0,0,0,0,0,0,0,0,1,0,1,0,1,0,0,1,0,0,0,0,0,0,0,0,0,0,0,4,0,1,0,0,0,0,0,0,0,0,0,0,0,0,0,0,0,0,0,0,0,0,1,0,3,1,0,0,0
GENE138,0,1,0,0,0,0,1,0,0,1,0,0,0,0,0,0,0,0,0,0,0,0,1,0,0,0,0,0,0,0,0,1,0,0,0,2,0,0,0,0,0,0,0,0,0,0,2,0,0,1,0,0,0,0,0,0,0,0,1,0,1,2,0,3,3,0,0,0,0,0,2,0,0,0,1,0,0,0,0,0,0,0,1,2,1,0,0,0,1,0,2,0,0,0,0,0,0,1,0,0,0,2,0,0,0,0,0,0,0,0,0,0,1,0,3,4,2,0,0,0,0,0,0,0,4,0,1,0,0,1,0,0,0,0,2,0,0,0,0,0,2,1,0,0,0,1,0,0,0,0,0,0,2,0,1,0,0,1,1,0,0,1,0,0,0,0,1,1,0,0,0,1,0,0,0,0,0,1,0,0,1,0,0,3,1,0,0,0,0,0,0,2,0,0,0,0,0,2,0,0,0,0,0,0,0,0,2,0,1,0,0,0,2,2,0,1,0,0,2,1,0,0,0,0,0,0,0,0,0,1,0,0,0,1,0,0,0,0,0,0,1,0,1,0,0,0,0,2,0,1,0,0,0,0,0,0,0,0,0,0,1,0,1,0,0,0,0,1,0,0,1,0,0,1,0,0,0,1,0,0,0,0,0,1,0,0,3,0,1,0,0,0,0,0,0,0,1,0,0,0,1,1,0,0,1,1,0,0,0,2,0,1,0,1,1,0,0,0,1,0,1,1,0,1,0,0,1,0,0,0,0,2,0,0,1,1,1,1,0,0,0,0,1,1,0,2,0,0,2,1,0,1,1,0,0,0,0,1,0,0,0,0,0,0,1,2,0,0,1,0,0,0,0,0,0,1,0,0,1,0,1,0,0,3,0,0,0,1,0,0,0,1,0,0,1,0,1,0,1,0,0,0,2,1,0,1,3,5,6,0,1,0,0,0,1,0,0,2,1,1,0,1,0,0,0,0,1,0,0,1,0,0,0,0,0,0,0,0,0,0,0,1,0,0,0,0,5,0,0,2,1,0,0,2,0,0,2,0,0,0,1,0,0,0,1,0,0,0,0,0,0,0,0,0,0,0,2,0,0,0,0,1,3,0,0,0,1,0,0,0,0,0,0,2,0,0,0,0,0,0,0,0,0,0,0,1,2,0,0,0,0,0,0,2,1,0,0,1,0,0,0,1,0,0,1,2,0,0,0,0,0,0,0,0,0,0,0,0,0,0,0,0,0,0,3,0,0,0,1,1,0,0,0,0,1,0,0,0,0,0,0,0,1,0,1,0,0,0,0,0,1,0,0,0,0,1,0,0,0,0,0,0,0,1,0,0,0,0,2,0,0,0,0,1,1,0,3,2,0,0
GENE139,1,0,0,0,0,1,0,1,0,0,0,0,0,1,3,1,0,0,0,0,1,0,0,1,0,0,0,0,0,1,0,0,1,0,1,0,2,0,0,0,0,0,0,0,1,0,0,1,0,0,1,1,1,0,0,0,0,0,0,0,0,0,0,0,0,0,0,0,0,0,1,0,0,0,0,0,0,0,0,0,0,0,0,0,0,2,0,0,1,0,0,0,1,0,0,0,0,0,0,0,1,0,0,0,0,0,0,0,0,0,0,0,0,0,0,0,0,1,0,0,1,0,0,1,1,0,0,0,0,1,0,0,1,0,0,0,0,0,0,0,0,0,0,0,0,0,0,0,0,0,1,0,0,0,1,0,0,0,0,0,1,0,1,2,0,0,1,0,0,2,1,0,4,0,0,1,1,0,0,0,0,0,0,0,0,0,1,0,4,1,0,4,0,0,4,0,1,3,0,0,0,0,0,0,0,0,0,1,0,1,0,0,1,0,1,0,2,0,0,1,0,2,0,3,0,0,0,0,0,0,1,0,0,2,0,1,0,1,0,1,0,0,0,0,0,1,0,0,0,0,0,0,2,0,0,0,0,0,0,0,0,0,2,0,0,0,0,0,0,1,0,0,0,0,1,0,0,0,1,0,0,1,0,0,0,0,0,2,2,0,0,0,0,2,1,0,0,0,0,0,0,0,0,2,1,1,1,0,0,0,0,0,0,0,0,1,0,0,0,0,0,0,0,1,0,1,0,0,0,0,1,0,0,2,0,0,1,0,0,0,0,1,1,0,0,0,0,2,3,0,0,0,0,0,0,0,0,0,0,1,1,0,0,1,0,0,1,0,0,3,0,2,0,0,0,0,0,0,0,0,0,0,0,0,0,0,0,0,1,3,0,0,0,0,0,1,1,0,0,0,0,1,0,1,0,2,0,0,0,3,0,0,1,0,0,0,0,4,0,2,0,0,0,1,0,0,0,0,0,0,0,0,0,0,0,1,0,0,0,0,2,0,0,0,1,0,1,0,0,0,0,0,0,0,0,1,0,2,1,1,0,0,0,0,0,0,0,0,0,0,0,1,1,0,0,0,0,0,1,1,0,0,0,0,0,0,1,0,0,2,2,0,2,1,0,1,0,0,0,0,0,0,0,0,0,0,0,0,0,0,1,0,0,0,0,0,0,0,2,0,1,0,2,0,0,0,0,1,0,0,1,0,0,0,0,0,0,0,1,1,0,1,1,0,0,0,0,1,0,0,0,0,0,0,3,0,0,0,0,0,0,2,0,2,0,0,1,0,1,1,0,0,0,1,0,0,0,0,0,0,1,0,0,1,0,2,0,0,1,0,0,0,4,2,0,0,0,1,0,0
GENE140,0,0,0,0,0,3,0,0,0,0,1,0,0,5,0,0,0,0,0,1,0,0,0,0,0,0,0,0,0,0,0,0,1,0,0,1,0,0,0,2,0,0,0,1,0,1,0,0,1,0,0,0,0,0,0,0,0,0,0,1,1,3,0,0,1,0,0,0,1,0,0,1,0,1,0,1,0,0,0,0,0,0,2,0,0,2,1,2,0,0,0,0,1,0,0,0,2,0,0,2,1,0,0,0,0,0,0,0,0,0,0,0,0,0,0,0,0,1,0,0,0,0,1,1,1,0,0,1,1,0,0,0,1,0,0,0,0,4,0,2,1,0,0,0,3,0,2,1,1,1,4,0,1,0,5,0,0,0,2,0,0,2,1,0,0,1,0,0,0,0,0,0,0,1,0,0,0,0,0,0,0,0,1,0,0,0,0,0,3,0,0,1,0,0,0,1,0,1,3,0,3,1,0,0,0,0,0,0,0,1,2,0,0,0,0,0,3,0,0,0,0,0,0,1,0,1,0,3,0,0,1,0,0,1,1,1,0,0,0,0,1,0,0,1,1,0,0,0,0,0,0,0,0,2,0,0,0,0,1,0,0,0,0,0,1,0,0,0,0,2,0,0,1,1,2,0,0,0,0,0,2,1,0,0,0,0,0,0,0,0,0,1,0,0,0,0,0,0,0,1,1,2,1,0,0,1,0,1,2,0,0,0,0,2,0,0,0,0,0,0,1,0,1,0,1,0,0,1,0,0,0,0,0,0,0,0,0,0,0,0,0,0,0,0,0,1,0,0,0,1,0,0,0,0,1,0,0,0,2,0,1,0,0,0,0,0,0,0,0,0,0,0,4,0,0,3,0,0,1,0,7,2,2,0,0,0,0,0,0,1,0,1,0,0,2,4,0,0,0,0,0,0,1,0,0,0,1,0,0,0,0,0,1,0,0,0,0,1,2,0,2,0,0,0,0,2,0,0,0,0,0,0,0,0,0,0,0,1,0,0,0,1,0,0,0,0,0,0,0,0,0,0,0,0,0,2,0,0,0,0,0,0,0,0,0,0,0,0,1,0,0,0,1,0,0,0,0,0,0,3,0,0,0,0,0,1,0,0,0,0,0,1,0,0,0,1,0,0,0,0,0,0,0,0,0,0,3,0,0,1,0,0,0,0,0,0,0,1,2,0,0,2,0,0,0,3,2,0,0,0,0,0,0,0,0,1,1,0,0,0,0,0,1,0,0,0,0,3,0,0,1,0,0,0,0,0,0,0,0,0,0,1,0,0,0,0,0,0,0,1,2,0,0,1,0,0,0,1,0,0,0,0,1,0,0,0,0,0,0,0,0,2,0,0,0,0,0,0,0,2
GENE141,1,0,2,0,0,0,0,1,0,0,0,0,0,1,1,0,1,0,0,1,1,1,0,0,0,0,0,1,1,0,0,0,0,1,3,0,1,0,0,0,0,0,0,2,0,0,0,0,0,0,1,0,0,0,0,1,0,0,0,1,1,1,0,0,1,0,1,1,0,0,0,0,0,0,0,0,0,0,0,0,0,0,0,0,0,0,0,0,1,0,0,0,0,1,1,0,1,0,1,0,0,0,0,0,0,0,0,2,0,0,0,0,0,1,0,0,2,0,2,0,0,1,0,0,0,3,0,0,2,0,0,0,0,0,0,0,0,0,0,0,2,0,1,0,0,0,1,0,0,1,0,0,0,0,0,0,0,0,3,1,1,0,0,0,0,0,0,0,0,1,0,2,0,0,0,0,1,0,0,1,0,0,0,0,0,0,1,1,0,1,0,0,0,1,0,0,0,0,0,1,0,0,2,1,0,0,0,0,0,0,0,0,0,1,0,0,0,0,0,0,0,4,1,2,0,2,0,0,0,0,3,0,0,1,0,0,0,0,0,0,0,0,0,0,2,0,0,0,0,0,0,0,0,0,0,0,0,0,0,0,0,0,0,0,0,2,0,3,1,1,0,1,0,1,2,0,0,1,3,3,2,0,0,1,2,0,3,0,0,0,0,0,0,0,0,0,0,0,0,1,2,0,0,3,0,0,0,0,0,0,0,0,0,0,0,0,0,0,0,0,1,0,0,0,1,0,1,1,0,0,0,0,0,1,0,0,1,0,5,0,0,0,1,0,0,0,0,2,0,0,0,2,0,0,0,0,0,0,0,0,0,0,1,0,0,0,0,0,1,0,0,0,0,0,0,0,0,3,0,0,0,0,0,1,1,0,1,0,1,0,2,0,0,0,2,1,0,0,0,0,0,0,3,1,0,0,0,0,0,0,0,0,0,0,0,0,0,0,3,0,0,1,0,0,0,1,0,0,0,0,1,0,0,2,0,0,0,0,2,0,0,1,0,0,2,0,0,0,0,0,1,0,0,1,0,0,0,0,3,1,0,0,1,0,0,3,0,0,0,0,0,0,0,0,0,0,0,0,0,0,0,0,1,0,1,0,0,0,0,2,0,0,1,0,1,2,0,1,0,0,0,1,0,0,0,0,1,0,0,0,0,0,0,1,0,1,0,0,0,0,0,0,1,1,0,3,1,0,0,0,0,0,0,1,0,0,0,0,0,1,1,0,0,1,1,0,0,0,0,1,0,2,2,1,0,0,0,0,0,1,1,0,1,1,0,0,0,0,0,1,1,0,1,0,1,2,0,1,0,0,0,0,0,1,0,0,0,0,1,0,0,1,0,2,0,0,1,3,1,1
GENE142,1,0,0,0,0,0,0,0,0,0,0,0,1,0,0,1,0,1,0,2,0,0,0,0,0,0,1,0,0,0,0,0,0,0,0,0,0,0,0,0,0,0,0,1,0,0,0,0,0,0,3,0,0,0,3,0,1,0,0,0,0,0,0,0,0,0,1,0,0,0,0,0,0,0,0,0,0,1,0,0,0,0,1,0,0,0,0,0,1,0,0,0,0,0,0,3,0,0,0,0,0,0,0,0,0,0,0,0,2,0,0,0,0,0,7,0,1,1,0,0,0,0,0,1,0,0,0,0,1,0,0,1,0,0,1,0,0,1,0,0,0,0,0,0,0,0,0,0,0,0,0,0,3,0,7,0,0,1,0,0,0,0,0,0,0,0,1,0,2,0,0,0,0,0,0,0,0,0,0,0,0,0,1,0,0,1,0,1,0,2,0,4,0,0,0,0,0,0,0,0,0,0,0,0,1,0,4,0,0,3,1,0,0,0,0,0,0,2,0,0,0,0,0,0,0,0,0,1,0,0,0,0,0,0,2,0,0,1,0,1,1,1,0,0,1,0,1,0,1,0,0,0,0,1,1,0,0,0,0,0,0,0,0,0,0,0,0,1,0,0,0,0,0,1,0,2,0,0,0,1,0,1,0,0,0,0,0,0,2,0,0,3,0,1,0,0,0,0,0,0,0,1,1,0,0,2,0,0,1,1,1,2,0,2,0,0,0,0,0,1,0,0,2,1,0,1,1,0,0,0,1,1,0,1,0,1,0,0,0,0,0,1,0,1,3,0,0,0,0,0,0,0,0,0,0,0,0,2,0,0,0,2,0,0,0,0,0,0,0,0,1,0,0,0,0,0,0,0,0,0,0,0,0,1,0,0,2,1,1,2,1,0,0,1,0,0,2,0,0,0,0,0,0,0,0,0,0,0,0,0,0,2,0,0,0,0,0,0,0,0,0,0,1,0,0,0,0,0,1,0,0,0,0,1,1,0,0,0,0,0,0,0,0,0,0,0,1,0,0,0,4,0,2,0,0,1,0,0,0,0,0,0,0,2,0,0,0,0,0,0,0,0,0,1,0,0,0,0,0,1,0,1,0,1,0,1,0,0,0,0,2,1,1,0,0,1,0,0,0,0,0,0,1,0,0,0,0,0,0,1,1,0,0,1,0,1,0,0,0,0,0,0,1,1,1,2,0,1,0,0,0,0,0,0,0,0,0,0,0,0,0,0,1,0,0,0,0,0,0,0,0,0,0,0,0,0,0,3,1,0,3,1,0,1,0,0,1,0,0,0,0,0,1,0,0,0,0,0,0,1,1,0,1,1,0,0,0,0,0,0,0,0,0,0,2,1,0,0,1,1
GENE143,1,0,1,1,0,0,0,0,0,1,0,0,0,0,0,1,0,0,0,0,1,2,0,0,1,1,0,1,0,0,0,0,1,0,0,0,0,0,3,0,2,0,0,0,1,0,0,0,0,1,1,0,0,0,0,0,0,0,0,0,0,0,2,9,0,0,0,0,0,0,0,0,0,0,0,0,0,0,1,0,0,0,0,2,0,0,0,0,0,0,0,1,0,0,0,0,0,0,0,2,1,0,0,0,0,0,0,0,0,0,0,0,0,0,2,0,0,0,2,0,0,0,3,0,2,0,0,0,1,0,1,3,1,0,2,1,1,0,0,1,0,0,0,0,0,0,0,1,0,0,0,0,1,0,0,0,1,1,1,0,0,0,0,1,0,0,1,0,0,0,0,0,0,0,0,2,0,0,0,0,0,1,1,1,0,0,0,1,0,0,0,0,0,0,0,0,0,2,0,0,0,0,0,0,2,0,0,0,0,3,0,1,0,0,0,0,2,0,1,0,0,0,2,0,0,0,0,2,0,1,0,0,0,0,0,2,1,2,0,0,0,3,0,0,1,0,1,0,1,0,0,0,0,0,0,0,0,0,2,0,0,0,0,0,0,0,0,0,0,0,1,0,0,0,0,1,0,2,2,0,0,0,0,0,0,0,0,0,0,0,1,0,0,0,2,0,0,0,0,0,3,0,0,0,0,1,1,0,1,0,0,0,0,1,0,2,0,0,0,0,0,1,0,0,0,0,0,0,1,1,0,0,0,0,0,0,0,0,0,0,0,0,1,1,0,0,0,0,0,1,0,0,0,0,0,0,0,0,0,0,0,1,2,1,2,0,0,0,0,1,0,0,0,1,5,0,1,0,0,1,0,0,0,0,0,1,0,5,0,0,0,0,0,0,0,0,1,0,0,0,0,0,0,0,0,1,2,0,1,0,0,2,0,0,1,0,0,0,0,0,0,0,0,0,0,4,1,0,1,0,0,1,0,1,0,1,1,1,0,1,0,0,0,0,0,0,0,1,0,0,0,0,3,0,0,1,0,0,0,0,0,0,1,0,0,1,1,0,1,0,1,0,0,0,0,0,0,0,2,0,0,0,0,0,0,0,0,0,1,0,0,0,0,1,0,2,0,0,0,0,1,0,0,0,0,0,0,1,0,0,0,2,0,0,0,1,0,0,0,1,1,0,0,0,0,0,2,0,0,0,0,0,0,0,1,0,0,0,1,0,0,0,0,0,0,1,1,0,1,0,0,0,0,1,2,1,0,0,0,0,2,0,0,0,0,0,0,0,0,0,0,0,0,0,2,1,2,0,0,0,1,1,0,0,0,0,2,0,0,0,0,0,0,0,0,0,0,1,0,1
GENE144,0,0,1,0,0,0,1,0,0,0,0,0,1,0,0,0,0,1,0,0,0,0,2,0,0,0,0,0,1,1,0,0,1,0,0,0,0,1,1,1,1,1,0,0,0,0,0,0,0,0,0,2,2,2,0,0,0,0,0,1,0,0,0,0,0,1,1,0,0,0,0,0,4,0,0,0,2,0,1,0,0,0,0,0,0,0,1,0,0,0,0,0,0,0,0,0,0,0,2,0,0,0,0,1,0,0,2,0,0,0,0,0,2,0,0,0,1,0,1,0,0,0,2,2,0,0,0,0,0,0,1,2,0,1,0,0,0,0,1,2,0,0,0,0,0,0,0,0,4,0,0,1,1,0,0,0,0,0,0,1,0,0,0,2,0,0,1,0,0,0,0,2,0,0,0,0,0,0,0,0,0,1,2,0,1,0,1,0,0,0,0,0,0,0,0,0,0,0,0,0,0,0,0,0,0,0,1,0,1,0,1,0,0,0,0,0,1,0,0,1,1,0,0,0,1,1,1,1,0,0,0,1,0,1,0,0,1,0,1,0,0,0,0,0,0,0,1,0,0,0,1,0,0,0,0,0,1,0,1,0,0,0,0,0,0,0,1,0,0,1,1,0,1,0,0,1,0,0,1,0,1,0,0,3,0,0,0,0,0,0,0,0,0,0,1,0,0,0,0,0,0,0,0,0,0,0,0,0,0,0,1,0,0,0,0,0,0,0,0,0,0,1,0,0,1,0,0,0,0,0,1,0,0,4,0,0,0,0,0,0,0,0,0,0,0,1,1,0,0,0,0,0,0,0,0,0,0,0,0,0,1,0,2,2,0,0,0,0,0,0,0,0,0,0,3,1,2,0,0,0,1,0,0,0,0,0,1,0,0,0,0,0,0,0,0,0,1,0,0,0,0,0,0,0,0,2,0,0,0,0,0,0,0,0,0,0,0,0,0,0,0,0,1,0,0,2,1,1,0,0,0,0,0,0,2,0,0,0,3,0,1,0,0,0,0,0,0,1,1,0,4,0,0,0,0,0,0,2,0,0,0,0,0,1,0,0,0,1,0,0,0,0,0,0,0,0,0,1,0,0,0,0,0,0,1,0,0,0,1,1,0,0,1,0,0,1,0,0,0,0,0,0,0,0,0,0,0,0,0,0,0,0,0,0,0,2,0,0,0,0,0,0,0,5,2,0,0,0,1,0,0,0,0,0,1,0,0,0,0,1,1,0,0,0,0,0,0,1,0,0,0,1,0,0,0,0,0,1,0,0,0,1,0,1,0,4,0,0,0,0,0,1,0,0,1,0,4,0,0,0,0,0,0,1,0,0,1,0,0,0,0,0,0,0,0,1,0,2,1,2
GENE145,0,4,0,0,0,0,0,1,2,0,1,0,1,1,0,0,0,0,0,0,0,2,0,0,1,0,0,2,0,0,0,0,0,0,1,0,0,1,1,0,0,0,0,1,0,0,0,0,1,0,0,0,0,0,0,0,0,0,0,1,1,0,0,1,0,0,1,1,0,3,0,0,0,1,0,0,0,0,0,0,0,0,0,0,3,0,0,0,0,0,0,0,1,0,0,0,0,1,0,2,0,0,1,0,0,1,0,0,1,0,0,0,0,0,0,0,0,0,0,0,0,0,0,0,1,0,0,0,0,0,0,3,0,0,0,0,0,0,0,0,0,0,0,0,0,0,0,1,0,2,1,0,0,0,3,0,0,1,1,3,0,0,0,1,0,0,0,1,0,1,0,0,0,0,0,0,0,0,0,1,1,0,0,1,0,0,1,0,0,0,1,0,0,0,0,0,0,0,0,0,0,0,0,0,0,0,0,0,0,2,1,0,0,0,0,0,0,0,1,0,2,0,0,0,0,0,0,4,0,3,1,0,2,0,0,0,0,0,0,1,0,3,5,0,0,0,3,0,3,1,0,0,0,1,0,0,1,0,0,1,1,0,0,0,0,0,0,3,0,1,2,0,0,0,0,0,0,0,0,0,0,0,0,0,0,0,1,1,0,0,1,3,0,0,0,0,0,2,2,0,0,0,0,0,0,2,1,0,1,1,4,0,0,0,0,0,1,0,0,1,0,1,0,0,0,0,0,0,0,0,0,0,0,1,0,0,0,0,0,0,0,0,0,0,0,0,1,0,0,1,0,0,1,0,0,0,1,0,1,0,0,0,0,0,0,0,0,0,0,0,0,0,0,0,0,0,0,0,0,0,2,0,0,0,0,0,0,0,1,1,1,1,0,0,1,0,3,1,0,0,0,0,1,0,0,0,1,0,1,1,0,0,0,0,0,0,1,0,0,0,2,0,2,4,0,0,1,0,1,1,1,0,0,0,0,0,0,0,2,0,0,0,0,0,0,0,0,0,1,0,0,0,0,1,0,0,1,0,1,0,1,0,0,0,0,0,0,1,0,0,0,0,0,3,0,0,0,0,0,0,0,0,1,0,0,0,0,0,1,0,0,0,4,0,1,1,0,0,1,0,0,0,0,1,0,0,0,1,0,2,0,0,0,1,0,2,0,0,2,0,0,0,0,0,0,1,0,0,0,0,2,0,0,1,0,0,0,1,0,0,0,0,0,0,3,2,0,4,0,0,0,0,0,0,0,1,0,0,0,0,1,0,0,0,0,0,0,0,3,0,0,0,0,0,2,0,1,0,0,0,0,0,0,2,0,0,0,0,1,2,1,0,6,0,0,0,0,1,1,0
GENE146,0,0,0,0,0,0,1,0,0,0,4,1,0,0,1,0,0,0,0,0,1,0,1,0,0,0,0,0,0,0,0,0,0,0,1,1,0,0,1,0,0,0,0,0,0,0,0,0,0,0,0,0,0,0,0,0,0,0,0,0,3,0,0,1,0,0,1,0,0,0,0,0,0,2,0,0,0,0,1,0,0,0,0,1,0,0,1,0,0,0,0,1,1,0,0,2,0,0,0,0,0,0,0,0,1,1,0,4,1,0,0,0,0,1,0,0,0,0,0,2,0,0,1,0,0,0,0,0,0,0,0,0,0,0,0,0,0,0,1,2,1,0,0,0,2,0,0,0,0,4,0,0,0,0,0,0,0,0,0,0,0,0,1,0,0,0,0,0,0,1,0,0,0,0,0,0,0,0,0,0,0,1,0,0,0,1,0,0,1,0,0,0,1,0,0,1,2,2,0,0,0,0,2,0,0,0,1,0,0,0,0,1,0,1,1,0,1,1,0,3,0,0,0,0,0,0,0,0,0,0,2,0,0,0,0,0,0,1,0,0,0,1,0,0,4,1,1,0,1,0,0,0,0,0,0,1,0,0,0,0,0,0,1,0,0,0,0,0,1,0,0,0,0,0,0,2,0,0,2,1,1,0,0,0,0,1,0,0,0,0,1,3,0,0,0,0,0,0,0,0,0,0,0,0,1,1,1,0,0,0,0,0,0,0,2,0,0,0,5,0,0,0,0,1,1,0,1,0,2,1,0,0,1,1,0,0,0,0,1,0,0,2,0,0,0,1,0,0,1,0,0,0,0,0,2,0,0,0,0,0,0,0,0,1,2,0,0,1,0,0,0,0,0,0,0,0,0,0,0,0,0,0,0,0,0,0,1,1,0,0,2,0,0,0,0,2,0,1,0,0,0,0,1,2,0,1,0,1,0,1,0,0,1,0,0,0,2,0,1,1,0,0,2,1,0,3,1,0,1,1,0,0,0,0,0,0,0,2,0,1,0,0,0,0,0,3,0,1,1,0,1,1,1,0,0,0,1,0,0,0,0,0,0,0,0,0,0,0,1,0,0,1,0,0,0,3,0,0,2,0,1,0,0,1,0,0,0,0,0,1,1,1,0,0,0,1,0,3,0,0,0,0,0,0,0,0,1,0,3,0,0,0,0,0,2,0,0,1,2,0,0,0,0,0,0,1,0,0,0,0,0,0,4,1,0,0,0,0,0,0,0,2,0,0,0,1,0,3,0,0,0,0,0,0,0,2,0,0,0,0,2,0,1,0,0,0,0,1,0,0,0,0,0,0,0,0,0,1,0,1,0,0,1,0,0,1,0,1,0,0,0,0,0,0,0,2,0,2,0,1
GENE147,0,0,1,0,0,0,0,3,0,0,1,1,0,6,0,0,1,0,0,1,0,0,0,5,0,0,1,4,0,1,0,0,0,0,0,0,0,2,0,0,0,1,0,0,0,0,0,0,0,0,0,1,0,0,0,0,0,0,0,0,0,0,0,0,0,2,1,0,0,0,0,0,0,0,0,0,0,0,0,0,0,0,0,0,0,0,0,1,1,0,0,1,0,1,0,0,0,0,0,0,1,3,0,0,0,0,0,1,2,1,0,0,0,0,0,2,0,0,1,0,1,0,2,0,0,1,0,0,2,0,0,0,0,0,0,0,0,0,1,0,1,0,0,0,4,0,1,0,0,0,1,0,0,0,0,0,0,0,3,0,0,0,2,0,0,0,1,2,0,0,0,0,0,0,0,0,0,0,2,0,0,0,1,0,0,0,3,0,0,0,1,0,0,0,0,0,0,0,0,1,0,0,1,1,2,0,0,0,0,2,0,0,0,0,0,0,0,1,0,0,0,0,1,1,0,0,1,0,1,0,0,1,0,0,0,0,1,1,0,0,0,0,0,0,0,0,0,1,0,1,0,3,1,0,0,0,0,0,0,1,0,0,0,0,1,1,0,0,0,0,0,0,0,0,2,3,0,0,0,1,1,0,0,0,1,0,0,0,1,3,0,2,0,0,0,0,0,0,1,0,0,0,0,0,0,9,1,0,0,1,0,0,0,0,0,1,0,0,0,1,0,1,0,0,0,0,1,0,0,2,0,0,1,0,0,0,0,0,0,1,0,0,0,0,0,0,0,0,0,0,3,0,0,0,3,0,0,1,0,0,0,0,0,0,0,0,1,0,4,0,0,0,0,0,0,0,0,0,1,2,3,0,0,0,1,0,1,0,0,0,0,0,1,0,0,2,0,0,1,0,0,1,0,0,0,0,0,3,0,0,0,1,0,0,0,0,1,1,0,1,0,0,1,0,0,0,0,0,1,0,0,0,0,0,0,2,0,0,0,0,0,1,0,0,0,0,0,0,0,0,1,4,0,0,0,0,0,0,0,1,0,0,0,0,0,0,0,0,0,0,0,2,0,0,0,1,0,0,0,0,0,0,0,0,0,0,0,0,0,1,0,0,1,0,0,0,0,0,0,1,1,1,1,0,0,0,0,0,2,0,0,1,0,0,0,1,1,0,0,0,1,1,0,1,1,0,0,0,0,0,0,1,2,0,3,0,0,0,0,0,0,0,0,0,0,0,0,2,1,0,0,0,3,0,0,0,0,0,0,0,0,1,0,0,0,1,0,0,3,0,1,0,1,0,0,1,1,0,0,0,0,1,0,1,0,0,0,0,0,0,0,0,0,1,0,0,0,0,0,0
GENE148,0,0,0,0,0,0,0,0,0,2,1,0,0,1,0,0,0,2,0,0,0,0,0,0,0,2,0,0,0,0,0,0,1,0,0,1,0,0,0,0,3,0,0,0,0,0,0,0,0,0,1,0,0,0,0,2,0,0,0,0,4,0,0,1,0,1,2,0,1,0,0,1,0,0,0,0,0,0,0,0,0,0,1,0,2,0,1,0,0,2,3,0,0,0,0,0,1,0,0,0,0,1,0,0,0,0,0,0,0,0,0,0,0,0,1,2,2,1,3,0,0,0,0,0,0,0,0,0,4,0,0,1,0,0,1,0,0,0,0,1,0,0,0,0,0,0,0,1,0,0,0,1,0,0,3,1,0,1,0,0,0,1,2,0,0,0,0,0,0,0,1,0,0,0,0,0,0,0,1,1,0,0,0,0,0,0,1,1,0,1,0,0,1,0,1,2,0,2,0,0,0,0,0,0,0,1,0,0,0,0,0,0,0,0,0,0,0,0,0,0,0,0,0,0,1,0,0,0,0,0,0,0,0,1,1,0,2,0,0,0,0,0,0,0,1,0,0,0,0,0,0,0,0,1,0,0,1,0,0,0,0,0,1,0,0,1,0,0,1,5,0,0,0,1,0,0,0,0,0,0,3,0,0,1,0,1,0,0,1,0,0,0,0,3,0,0,1,0,0,0,2,1,1,0,0,0,0,0,1,0,1,0,0,3,0,0,0,1,1,0,0,0,0,0,0,0,3,3,2,0,0,0,0,0,0,0,0,0,0,0,1,1,0,0,0,0,0,0,0,0,1,0,0,0,0,0,0,3,0,0,2,0,0,0,0,0,0,1,0,1,0,0,2,0,0,1,0,0,0,1,0,5,0,0,0,0,0,0,0,0,0,0,0,0,0,1,0,1,0,0,1,0,2,0,0,0,0,2,2,0,0,0,0,0,0,0,0,2,0,1,0,0,2,2,3,0,1,0,0,1,1,0,2,1,0,1,0,0,1,0,1,0,0,1,0,0,0,0,0,0,1,1,0,0,1,0,0,0,2,0,1,0,0,0,0,0,1,0,0,0,0,0,3,0,0,0,0,0,0,1,1,0,1,1,0,0,0,0,0,3,1,0,0,0,0,0,0,1,0,0,0,0,0,0,0,0,0,0,1,0,0,0,0,0,0,1,0,1,0,2,0,0,1,0,0,2,1,0,0,1,0,2,1,0,0,0,0,0,0,5,0,0,0,0,0,0,0,0,2,0,1,1,0,1,0,1,0,0,0,2,0,0,3,0,0,0,0,0,0,0,0,0,1,1,1,1,2,0,0,0,0,0,0,0,2,0,0,0,0,1,0,1,6,0,0,0,0,2,0,0
GENE149,1,0,0,0,0,0,0,2,0,0,0,0,0,4,1,0,1,0,0,0,0,1,0,1,1,0,2,2,1,1,0,0,1,0,0,1,0,0,0,0,0,1,1,0,2,0,0,0,0,0,0,0,0,0,1,0,0,0,0,0,1,0,0,0,3,2,0,0,0,0,0,0,1,0,0,0,0,0,0,1,0,1,0,0,0,0,0,2,0,0,0,0,2,0,1,1,0,1,0,0,1,1,0,0,0,0,1,0,0,0,3,0,3,1,0,0,1,0,0,0,0,0,0,1,0,0,0,0,0,0,0,0,0,0,0,0,1,1,0,3,0,1,0,3,0,0,0,0,1,0,0,0,0,0,1,1,0,4,0,0,0,0,0,2,0,0,0,2,0,0,0,0,0,0,0,0,0,0,0,0,0,0,0,0,0,0,0,1,0,0,1,0,0,0,0,0,0,0,0,0,0,1,0,1,1,0,0,0,0,0,0,0,0,0,0,0,3,0,0,0,0,0,0,1,1,0,0,0,0,2,1,0,0,3,0,0,3,1,0,0,1,0,1,1,0,0,0,0,1,0,1,0,0,0,0,0,0,0,1,2,0,0,0,0,0,4,0,0,0,0,0,0,0,0,0,0,0,0,0,0,0,1,0,0,0,0,1,0,0,0,0,0,0,0,0,4,2,0,1,1,0,1,3,0,0,1,0,2,0,3,0,0,0,0,3,2,0,1,3,0,0,1,0,0,1,0,0,0,0,1,0,0,0,0,0,0,0,0,0,1,1,0,1,0,1,0,0,0,1,0,0,0,0,1,0,0,0,0,0,0,0,0,0,1,2,0,1,0,0,0,0,0,0,0,0,0,1,0,0,0,5,0,1,1,0,1,0,0,0,8,0,0,0,0,0,1,0,0,0,1,1,0,1,1,0,1,0,0,0,0,2,0,0,0,0,0,0,0,0,0,0,1,2,1,0,0,0,0,0,1,0,0,0,0,3,1,0,2,0,0,0,0,0,1,1,0,0,0,0,0,1,0,1,1,0,0,0,0,0,0,0,2,2,0,0,1,1,0,0,0,2,0,1,1,0,0,0,0,1,2,0,1,4,0,0,0,0,0,0,2,0,1,0,1,0,1,0,1,0,0,0,0,0,0,0,0,0,0,0,0,0,3,0,0,0,0,3,0,1,0,0,0,1,6,0,1,0,3,0,0,2,0,0,1,0,0,0,0,1,3,0,0,1,2,0,0,0,2,0,0,0,0,0,1,2,0,0,1,1,0,0,0,1,0,0,0,1,0,0,0,0,1,1,0,0,0,0,0,0,0,0,0,0,0,2,0,0,1,0,0,0,2,2,0,0,1,0,0,0,0
GENE150,2,0,1,0,0,0,0,0,0,0,0,0,0,0,0,0,1,1,0,0,0,0,0,0,0,1,1,0,0,0,1,1,0,0,0,0,0,0,0,0,1,0,1,0,1,0,0,0,0,1,0,0,3,0,0,0,2,0,0,0,0,1,0,0,0,0,1,0,0,0,1,0,0,0,3,0,0,0,0,1,0,0,0,0,1,0,3,0,1,0,0,1,0,0,0,3,0,2,0,0,1,0,0,0,2,0,0,0,0,1,0,3,0,1,0,0,0,0,0,0,0,0,0,0,0,0,0,0,0,2,0,0,0,2,1,1,0,0,0,0,1,0,0,0,6,0,0,0,0,3,0,0,3,0,1,0,0,0,0,0,0,0,0,0,0,1,0,0,0,0,0,1,0,0,1,0,0,0,0,0,0,0,1,4,1,2,0,0,0,0,0,1,0,1,3,0,0,1,0,2,0,0,0,0,0,0,1,0,0,1,0,0,1,1,0,1,0,0,0,1,1,0,0,2,0,3,2,1,0,1,1,1,0,0,4,0,1,1,1,0,0,0,0,1,1,0,0,0,0,0,1,0,1,1,0,0,0,0,0,0,0,0,0,3,0,0,0,0,0,0,0,0,1,0,0,0,1,0,0,0,0,0,0,1,0,0,0,0,2,1,0,2,0,0,2,1,1,0,1,0,0,0,0,1,0,0,0,0,0,0,0,0,1,0,0,0,0,0,1,0,0,1,0,3,0,0,1,0,0,0,0,4,1,0,0,1,0,0,0,1,0,0,0,0,1,0,0,0,0,0,0,0,2,0,1,0,0,0,1,0,0,0,0,0,0,0,0,0,0,0,0,0,0,0,1,0,0,0,1,0,0,0,0,1,1,0,0,0,0,0,0,0,1,0,0,0,0,0,0,1,0,0,0,1,0,1,0,0,0,0,0,0,0,0,0,0,0,0,1,0,0,0,0,0,0,0,0,1,0,0,0,0,0,0,1,3,0,0,2,0,0,0,0,1,1,0,0,0,0,0,5,0,0,0,0,0,0,0,0,0,0,0,0,0,1,0,0,1,0,2,0,0,0,2,0,1,1,0,1,0,0,0,1,0,0,0,0,0,0,0,0,0,0,0,0,0,0,0,0,0,0,1,0,0,0,0,0,0,0,0,0,0,1,0,0,0,0,0,0,0,0,0,0,1,0,0,0,0,0,2,1,1,0,3,0,1,0,0,0,0,0,0,0,1,0,1,0,0,1,0,0,0,0,0,0,0,0,0,0,0,0,0,1,4,1,0,0,0,1,0,0,0,0,0,0,0,0,2,0,0,0,0,2,0,0,0,0,0,1,0,0,0,0,2,1,0,1,0,0,0
GENE151,2,0,0,1,1,0,0,0,0,2,0,1,1,0,1,1,1,0,0,1,1,0,0,1,0,2,1,0,0,0,0,0,0,1,0,0,0,0,1,0,0,0,0,0,0,0,1,0,0,0,0,0,0,0,0,1,0,0,0,1,0,0,0,0,0,1,0,0,0,1,0,0,0,0,0,0,2,1,1,0,0,0,1,0,1,0,0,1,0,0,1,0,1,0,0,0,0,0,0,1,1,0,0,0,0,0,0,1,0,3,0,1,0,0,3,1,0,1,0,0,0,4,0,2,0,0,0,0,1,0,0,0,0,1,0,3,0,2,1,1,1,0,0,0,0,0,0,0,0,0,1,0,0,0,1,0,0,0,0,0,0,0,0,0,0,0,1,0,1,0,0,0,0,0,0,0,0,0,0,0,0,0,0,0,1,0,1,0,0,0,0,0,0,0,0,0,0,0,0,1,0,0,0,1,1,0,1,0,0,0,0,1,2,0,0,0,0,0,1,0,0,0,0,0,7,1,0,0,2,1,0,1,0,0,0,2,4,1,0,0,0,0,0,0,2,0,0,0,0,0,0,1,0,1,1,0,0,0,0,0,0,0,1,0,0,0,0,0,1,0,0,0,0,0,1,0,0,0,0,0,1,0,0,0,0,0,0,3,2,0,0,1,0,0,0,1,0,1,0,0,1,1,1,0,0,2,0,2,1,0,0,1,0,2,0,0,3,0,0,0,1,0,0,0,0,1,1,0,0,0,0,0,0,0,0,0,1,1,0,0,0,0,0,0,0,0,0,0,1,0,0,4,1,0,0,0,0,0,0,0,0,0,0,0,1,0,0,0,0,1,1,1,0,2,0,0,0,0,1,1,1,1,2,0,0,1,0,1,0,0,0,1,1,1,0,0,0,1,0,0,0,2,2,0,0,0,0,2,1,4,0,0,0,0,0,0,0,0,0,0,1,0,2,0,2,1,0,0,0,0,0,0,0,1,0,2,0,0,0,0,0,0,0,0,0,0,0,0,0,0,0,0,2,0,0,0,0,1,1,0,0,0,0,0,0,4,0,0,0,0,4,2,0,0,0,0,0,0,1,0,0,0,1,0,0,0,0,0,0,7,0,2,0,0,0,0,1,0,0,0,0,0,1,1,0,0,0,1,0,1,0,2,0,0,0,0,1,0,0,0,2,0,0,0,0,1,0,0,1,0,0,1,0,0,0,0,0,0,0,0,1,0,0,0,0,0,1,0,0,0,0,1,0,0,0,0,0,0,0,0,0,0,0,0,0,0,0,0,0,0,0,0,4,2,0,0,1,0,0,0,0,2,1,0,0,0,0,0,0,0,0,1,1,0,0,1,8,0,0,2
GENE152,0,3,0,1,0,0,1,0,0,0,0,0,0,0,0,0,0,1,0,3,1,0,0,1,0,0,0,0,0,0,0,1,0,0,0,0,1,0,2,0,0,0,0,0,1,0,0,0,1,0,0,0,0,0,0,0,0,0,0,0,1,0,0,0,0,0,0,1,0,0,0,0,0,1,2,0,2,0,0,0,1,0,1,0,7,1,0,0,0,0,0,0,0,0,1,0,0,1,0,0,0,0,0,0,3,2,0,1,0,0,0,0,0,0,1,0,2,2,0,0,0,1,0,0,0,0,0,0,2,0,0,0,0,0,0,1,0,0,0,0,0,0,0,0,0,0,0,0,0,0,0,1,2,0,2,0,0,1,0,0,0,0,0,0,0,0,0,1,0,0,0,0,0,0,0,0,0,3,0,0,0,0,0,1,0,0,1,2,0,0,0,0,0,0,1,0,0,0,0,1,0,0,1,1,0,0,0,0,0,0,0,0,0,0,0,0,3,0,0,0,1,0,1,0,4,1,0,0,0,0,0,0,0,0,0,0,0,0,0,0,0,2,0,0,0,0,0,1,0,1,0,0,1,3,0,0,1,0,2,0,0,0,1,1,0,0,1,0,1,0,0,0,0,2,0,0,0,0,1,2,1,0,0,1,0,0,1,0,0,0,0,0,0,0,0,0,0,0,0,0,0,0,0,0,1,5,0,1,3,0,2,0,0,0,0,1,0,0,3,0,0,0,0,0,0,0,0,0,0,1,0,2,0,0,0,0,0,1,0,0,0,1,0,3,0,0,0,0,0,0,1,1,0,0,0,0,0,0,0,1,0,0,0,0,0,0,0,0,0,0,0,0,0,0,0,1,0,2,0,0,0,0,1,0,0,1,0,0,0,0,0,0,0,0,0,0,3,0,0,0,0,0,0,1,1,0,0,2,0,0,0,0,1,0,0,0,0,2,1,1,0,0,0,0,0,0,0,0,0,0,0,0,0,0,1,0,0,0,0,0,0,0,0,0,0,1,2,1,0,0,0,0,0,0,0,0,0,1,0,0,0,1,1,2,0,0,0,0,1,1,1,0,0,2,0,0,1,0,0,0,2,0,0,2,0,0,0,0,0,1,0,0,0,0,0,0,0,0,0,1,0,1,0,0,0,0,0,0,0,1,1,0,1,0,0,1,0,1,0,2,0,0,0,0,1,2,0,0,1,2,0,0,1,0,0,1,0,0,0,0,0,2,1,0,0,1,0,1,0,0,0,1,0,0,3,0,1,0,2,0,0,0,0,0,1,3,0,0,0,1,0,0,0,0,0,0,2,0,0,0,0,0,0,0,0,0,0,1,0,0,1,0,1,0,0,0,0,1,0,0
GENE153,0,0,0,0,0,0,1,1,1,0,0,0,0,0,1,0,1,0,2,0,1,0,0,1,1,6,3,1,0,0,0,0,0,1,0,0,1,0,0,0,0,0,1,1,0,0,0,0,0,0,0,0,1,0,0,2,0,1,0,0,3,0,0,0,0,0,0,0,0,0,0,3,0,0,0,3,0,0,0,0,1,0,0,2,0,0,0,1,0,0,0,2,0,0,0,0,0,0,2,0,0,1,0,0,0,0,0,0,0,0,0,0,0,0,0,0,2,3,1,2,1,0,0,1,1,0,0,0,0,0,0,0,1,1,0,1,0,0,0,1,1,0,0,0,0,0,0,0,0,0,0,0,1,4,1,0,0,0,0,0,0,1,0,0,0,0,0,0,0,1,0,0,0,1,0,3,1,1,0,0,0,2,0,0,0,1,0,0,0,0,0,0,0,1,0,0,0,0,0,1,1,0,0,0,0,0,0,0,1,0,0,0,0,0,1,0,0,0,1,0,0,0,0,0,0,1,0,0,0,0,1,0,0,1,0,0,0,0,0,0,0,0,0,0,0,0,1,1,1,0,0,0,0,0,0,0,0,0,0,0,0,0,0,0,0,0,0,0,0,0,0,1,0,2,0,0,1,0,0,0,0,0,0,0,0,0,3,1,1,0,0,0,0,0,0,2,0,0,0,0,0,0,1,0,0,0,0,2,0,0,3,0,0,0,1,0,0,0,0,0,0,0,0,0,0,1,2,0,0,0,1,0,0,0,0,0,0,1,0,0,0,0,0,0,0,2,0,0,2,0,1,4,0,2,0,0,0,1,0,0,1,0,0,1,0,0,0,0,1,0,0,1,2,0,0,0,0,0,0,0,0,0,0,0,0,0,0,0,2,0,1,0,0,1,0,0,0,0,0,0,0,0,0,0,0,1,0,2,1,0,0,0,0,0,0,1,1,0,0,0,0,1,2,0,1,0,1,0,0,0,0,0,0,1,0,0,0,0,4,0,0,0,0,0,0,1,0,0,0,1,0,0,1,1,0,0,0,0,0,0,0,0,1,0,0,1,0,0,0,0,0,1,0,0,0,0,1,2,0,1,0,0,0,0,0,1,0,0,1,1,1,1,0,0,0,0,0,0,0,1,0,1,0,0,0,0,4,1,0,0,0,0,0,1,0,0,0,2,0,0,0,0,0,0,1,0,0,2,0,1,0,0,1,1,0,0,1,0,0,0,0,1,0,0,0,0,0,2,0,2,0,0,0,0,1,0,0,0,0,0,1,1,0,0,0,0,0,0,0,0,0,1,1,0,0,0,0,0,0,0,1,1,0,0,0,0,1,0,1,0,0,1,1,1,1,1,0,2,0,0
GENE154,0,0,0,0,0,0,0,0,2,0,0,1,1,0,0,0,0,3,0,0,0,0,0,0,1,0,0,0,0,1,0,0,0,0,1,0,0,0,0,0,1,0,0,0,0,0,1,0,0,0,0,0,1,0,0,0,0,0,0,0,0,0,2,0,0,1,0,0,0,0,0,0,0,0,0,0,0,1,1,0,0,0,1,0,0,0,3,0,1,0,0,1,0,0,0,1,0,1,0,1,0,1,0,0,0,0,0,0,1,0,0,0,0,0,0,0,4,0,0,1,0,0,0,0,1,0,0,0,0,0,1,0,0,1,0,0,0,1,0,0,0,0,0,0,0,0,0,0,0,0,2,0,0,0,0,0,0,0,0,0,0,0,0,3,0,0,0,2,0,0,0,1,0,0,0,1,0,1,0,0,0,2,0,0,0,0,0,1,0,0,0,1,0,0,0,2,0,0,0,1,0,0,0,0,0,0,0,0,0,0,0,0,0,0,0,0,1,0,0,1,0,1,1,0,1,0,0,0,0,0,1,0,0,1,2,0,1,0,0,0,0,0,0,0,1,0,0,2,0,0,1,0,1,0,0,0,0,0,0,2,0,0,0,0,0,4,0,0,0,2,0,0,0,2,0,0,0,0,0,2,0,0,0,1,2,0,1,0,1,1,0,0,0,0,0,0,0,0,0,0,1,0,0,0,0,0,0,0,0,1,1,1,2,1,1,0,0,0,0,0,0,0,1,0,0,0,0,1,0,1,1,0,0,0,2,3,1,0,2,0,1,1,1,0,0,2,0,0,0,1,0,0,0,0,0,0,0,0,0,0,0,0,1,0,0,0,1,0,0,0,0,0,0,1,0,0,0,0,0,1,2,0,0,0,1,1,2,1,1,0,0,0,0,0,1,0,0,0,1,0,0,0,0,0,0,0,0,0,0,1,1,0,0,0,0,0,0,0,0,0,1,0,1,0,0,1,0,0,0,0,0,0,2,0,0,0,0,0,2,0,0,0,0,0,0,0,0,0,0,0,0,0,1,1,0,0,0,0,0,1,0,0,0,0,1,0,0,0,1,0,0,0,0,3,0,0,0,2,0,0,0,0,0,0,0,0,0,1,1,3,0,0,0,3,0,0,1,0,0,0,0,0,0,0,0,0,0,0,1,0,0,0,0,0,0,1,0,1,1,0,0,0,3,1,0,0,0,0,0,0,0,0,0,0,0,0,0,1,0,0,0,1,0,0,1,0,0,0,0,0,0,0,1,0,0,1,0,0,0,0,0,0,1,0,1,2,0,0,2,0,0,0,0,0,0,0,0,0,0,0,0,0,0,0,0,0,0,0,0,0,0,0,0,0,0,0,0,0,0,1
GENE155,0,0,0,0,4,1,0,0,0,0,0,0,0,0,0,3,0,0,3,0,1,0,1,0,0,0,0,0,0,0,0,1,0,0,0,3,0,0,0,0,0,0,0,1,0,1,0,0,2,0,1,0,2,0,0,1,0,0,0,0,0,1,0,0,1,0,0,0,0,0,0,0,0,1,0,0,1,0,1,0,0,0,0,1,0,0,1,2,0,0,0,0,2,0,1,1,0,1,0,0,0,2,0,0,0,0,0,5,1,0,0,0,0,0,0,0,0,0,0,0,0,0,0,1,0,0,0,0,1,0,0,0,0,0,0,1,0,0,0,0,0,0,1,0,0,0,2,0,0,0,0,6,1,0,1,0,0,0,0,3,0,0,0,0,0,0,3,0,0,0,0,0,0,7,1,0,1,0,0,1,0,0,0,0,0,0,0,1,0,0,0,0,0,0,0,0,0,0,0,0,0,0,0,0,0,0,0,0,1,0,0,0,0,0,0,0,0,0,0,0,0,0,0,0,1,2,0,2,0,0,0,0,1,2,3,5,0,0,0,0,0,0,0,2,0,1,0,0,1,0,0,1,2,0,0,0,0,0,0,0,0,0,1,0,1,0,0,0,0,0,4,0,0,0,0,2,0,0,0,0,0,2,0,0,0,2,0,0,0,0,0,0,0,0,0,0,2,0,1,0,0,0,0,0,1,0,0,0,0,0,1,1,0,0,0,0,0,1,0,0,0,0,0,0,0,0,0,1,0,0,0,0,3,1,0,0,0,1,1,1,0,0,1,0,1,0,0,0,1,0,0,0,1,0,1,0,0,0,0,0,4,0,1,1,0,0,0,0,0,1,0,0,0,0,0,0,1,0,0,0,1,0,0,0,0,0,0,0,1,0,0,1,0,0,1,2,0,0,0,0,3,0,0,0,1,0,0,1,0,0,0,0,0,0,0,0,0,0,1,1,0,2,0,1,0,1,0,0,0,0,0,0,2,0,2,0,0,0,5,0,0,0,0,1,0,1,0,0,2,1,0,0,0,0,0,0,1,1,0,1,0,0,0,0,0,2,0,0,0,0,0,0,1,0,0,2,0,0,0,0,0,0,0,0,0,0,0,3,0,2,0,0,0,2,0,0,0,0,0,0,0,0,0,0,1,0,0,2,0,1,1,0,0,0,0,0,0,1,1,0,0,0,0,0,0,0,0,0,0,0,0,5,2,0,0,0,0,0,0,0,0,0,0,0,0,1,2,0,1,0,0,0,0,0,0,0,0,0,0,0,0,0,1,0,0,0,0,0,0,0,0,0,0,0,0,0,2,1,0,4,0,1,0,1,0,0,0,0,0,0,2,0,1,0,0,0,2,2,0,2
GENE156,0,1,0,0,1,0,0,0,0,0,1,0,0,0,0,1,0,3,0,0,0,2,0,0,0,0,0,2,0,1,0,0,0,0,0,0,0,0,0,0,0,0,1,1,0,0,0,0,0,0,0,0,2,0,0,0,0,1,2,0,2,0,0,0,1,0,0,0,0,0,0,0,1,1,1,0,1,0,1,0,0,1,1,2,0,0,0,0,0,0,0,0,0,0,0,0,0,0,0,1,0,0,0,0,1,0,0,1,0,0,0,1,1,1,0,0,0,0,2,0,0,0,0,0,0,0,0,0,0,0,0,1,1,0,2,0,1,1,0,0,2,0,1,0,0,0,0,0,0,0,0,0,0,0,1,0,0,0,0,0,0,1,1,0,0,0,0,0,0,0,0,2,0,0,0,0,0,2,0,0,1,0,0,1,0,0,0,2,1,0,0,0,0,0,0,0,0,0,0,0,0,0,0,1,0,0,0,0,0,0,0,1,3,0,0,1,1,0,0,0,1,0,0,0,1,0,1,3,1,0,0,0,0,0,0,0,0,3,0,0,0,0,0,0,1,0,0,1,0,0,1,2,0,2,0,0,0,1,0,0,3,0,1,0,0,0,0,0,0,0,1,1,1,0,0,2,0,0,0,0,0,0,2,0,0,0,0,0,0,1,0,0,0,0,0,0,0,0,0,0,0,0,0,0,1,0,0,0,1,0,3,1,0,5,0,2,0,0,0,1,0,0,0,0,0,0,0,0,1,3,0,0,0,0,0,0,1,0,0,0,0,1,2,1,0,2,0,0,0,0,0,0,0,0,0,0,0,0,0,0,0,3,1,0,0,0,0,0,0,0,0,0,0,1,1,0,0,0,1,0,0,0,1,1,0,3,0,0,0,0,2,0,0,1,0,0,3,0,0,0,0,0,0,0,0,0,3,0,0,0,1,0,0,0,0,0,0,0,0,2,0,1,3,1,1,0,0,0,1,0,0,0,0,0,1,1,1,1,0,0,2,0,1,0,0,0,0,0,0,2,0,1,1,3,0,0,0,1,0,1,0,0,0,0,0,0,0,0,0,0,0,4,0,0,0,0,0,0,0,0,2,0,0,0,0,0,0,0,0,1,0,0,1,0,0,0,0,0,0,0,0,0,0,0,0,0,1,0,1,0,0,1,0,0,0,0,0,0,0,1,0,0,0,0,1,0,0,0,0,1,1,0,0,1,0,0,0,0,0,0,0,0,0,2,0,1,0,5,0,0,0,0,0,0,0,1,1,0,0,0,0,0,1,0,1,0,1,0,0,0,0,1,0,1,0,0,1,0,0,0,0,0,0,0,0,0,0,0,2,0,1,1,0,0,1,0,3,0,0,0
GENE157,0,0,0,0,0,0,1,1,0,2,2,1,0,1,0,0,0,1,0,0,0,1,0,1,0,0,0,0,0,1,0,0,0,0,2,0,1,1,1,1,0,0,0,0,0,0,0,3,0,0,0,0,0,0,0,0,0,0,0,0,2,0,0,0,0,1,0,1,0,0,0,1,4,0,0,0,1,0,0,1,0,0,2,0,0,1,0,0,0,0,0,0,1,1,1,0,1,1,0,1,0,1,0,0,0,0,0,0,0,0,3,0,0,0,3,0,0,0,0,0,1,0,1,0,0,0,1,0,0,1,0,0,1,3,0,0,0,0,0,0,0,1,0,1,0,0,0,0,1,0,0,0,0,0,2,0,0,2,0,0,0,2,0,0,0,0,0,0,0,0,0,0,1,1,1,0,0,0,0,0,2,0,0,0,0,0,2,0,0,0,0,2,0,0,0,0,0,0,0,0,0,0,0,0,0,0,0,0,0,0,0,0,1,0,0,2,0,0,0,0,0,0,1,1,1,0,0,0,0,0,0,0,0,0,0,0,0,0,0,0,0,2,2,2,0,0,1,0,1,1,0,0,0,1,0,0,0,0,1,1,0,0,0,0,2,0,1,0,0,0,0,0,0,0,0,2,1,0,0,0,0,0,0,0,0,0,0,0,0,0,0,1,0,0,4,1,2,0,0,0,1,0,0,0,1,1,0,0,2,0,0,0,0,3,0,0,0,0,0,0,0,0,0,0,0,0,0,1,1,0,2,2,0,0,0,0,0,0,1,0,0,0,0,0,0,6,0,0,0,1,1,0,0,0,0,0,0,0,0,1,0,1,0,0,0,0,0,2,0,0,0,0,0,0,0,0,1,0,0,0,0,1,1,0,0,2,0,0,0,3,0,1,0,0,0,1,0,0,0,0,0,0,0,3,2,0,0,0,0,1,0,1,2,0,0,1,4,1,0,0,0,0,0,3,0,2,0,0,1,1,0,0,1,0,0,0,0,1,1,0,0,0,0,0,0,0,1,0,0,1,3,0,1,0,1,0,1,0,0,0,0,0,0,0,0,0,0,0,0,0,0,0,0,0,0,0,0,4,0,0,0,0,0,1,0,0,1,1,0,0,0,0,0,0,1,0,1,0,0,0,0,0,1,0,0,0,1,0,0,0,0,1,2,0,1,0,0,0,0,0,1,0,0,0,0,0,1,0,0,0,0,0,0,1,1,0,2,1,0,0,0,0,1,0,0,0,2,4,0,0,0,0,0,0,1,0,0,0,0,0,0,1,0,0,1,0,1,0,1,2,0,0,0,0,1,0,1,1,1,0,0,0,0,0,0,0,0,0,0,1,0,2,1,3,0,1,2,2,0,1
GENE158,1,2,0,0,0,0,3,0,0,0,0,0,1,0,0,0,0,0,1,0,0,0,1,1,0,0,2,6,0,0,0,0,0,0,2,0,1,1,1,0,0,0,0,0,0,1,0,0,0,0,0,0,1,2,0,0,0,0,0,0,0,2,0,0,0,0,0,0,0,4,0,0,1,0,0,0,0,1,0,2,0,0,0,0,0,0,0,0,1,1,0,0,0,0,0,0,0,1,0,2,0,0,0,2,0,0,0,0,0,1,0,0,1,0,0,0,0,0,5,1,1,0,0,1,0,0,1,0,2,0,0,0,0,1,3,0,0,0,0,0,0,1,0,0,0,0,0,0,0,0,0,0,1,0,0,0,1,1,0,0,0,0,1,1,0,0,0,0,1,0,0,0,0,1,0,0,0,0,0,1,0,0,0,0,0,1,0,0,0,0,0,0,0,0,0,0,2,3,0,0,0,0,0,2,2,0,0,0,0,0,0,1,0,0,0,1,0,1,0,0,0,0,0,0,2,0,0,0,0,0,0,0,1,0,0,0,0,0,0,0,1,0,0,0,0,1,0,1,1,0,0,0,0,0,0,0,0,0,0,1,0,0,0,0,0,1,1,0,0,0,0,0,0,0,0,1,2,1,0,0,2,0,1,0,0,1,0,0,0,0,0,0,1,0,0,0,0,0,0,0,0,0,1,0,1,0,0,0,0,0,2,1,0,0,0,0,0,0,0,0,0,0,1,0,0,1,2,0,1,1,0,0,0,0,1,0,0,1,0,1,0,0,1,0,1,0,1,0,1,0,0,0,1,0,0,0,0,0,1,0,1,0,0,0,0,1,0,0,0,0,0,1,0,0,0,0,0,0,1,0,3,1,0,4,0,0,0,0,2,2,1,0,0,0,1,0,2,0,0,0,0,0,0,0,0,0,1,0,0,0,2,0,2,0,0,1,1,1,1,0,0,0,0,0,1,2,0,0,0,0,0,0,1,0,0,0,0,1,0,3,0,0,1,0,2,0,0,0,0,0,0,0,0,0,0,0,0,0,0,0,0,0,0,0,0,1,0,1,1,0,0,0,1,0,0,0,1,1,1,1,1,2,0,0,0,1,1,4,0,1,0,1,2,2,0,0,0,0,0,0,1,0,0,1,1,0,0,0,0,0,0,0,0,0,0,0,1,2,0,1,0,0,0,0,0,0,0,0,0,0,0,0,2,2,2,0,0,2,0,0,0,0,0,0,1,0,0,1,0,0,0,0,0,0,0,0,0,0,0,0,0,0,0,0,0,0,0,0,0,0,0,0,0,0,0,0,2,0,0,0,0,1,1,0,0,0,0,0,0,0,0,0,2,0,1,0,1,0,0,1
GENE159,0,0,0,0,2,1,0,0,0,0,0,0,0,0,0,0,0,2,0,0,0,1,0,0,0,0,0,0,0,0,0,0,0,0,0,0,0,1,0,0,0,0,0,0,0,0,0,1,0,0,0,0,0,0,1,1,0,0,0,0,0,0,0,0,0,0,0,0,0,0,2,0,2,0,0,0,1,0,0,0,0,0,0,0,2,0,0,0,0,0,0,0,0,0,0,0,0,0,0,0,0,2,0,0,0,2,0,0,1,0,0,0,0,1,0,1,0,0,1,0,0,4,2,1,0,0,1,2,1,0,0,2,0,0,0,1,1,0,0,0,0,0,0,0,0,0,0,0,0,0,1,0,2,0,0,0,1,0,0,0,0,0,0,0,1,0,0,2,0,1,0,0,0,0,0,0,0,0,3,0,0,0,0,1,0,1,0,0,2,0,0,0,1,0,0,0,0,1,0,0,0,2,0,1,0,0,0,0,0,2,0,2,0,0,0,0,0,2,0,3,0,0,0,0,0,0,0,0,0,0,1,2,0,2,4,1,0,0,0,0,0,0,1,0,1,0,0,0,0,0,0,0,0,0,0,0,1,0,0,0,0,0,0,0,0,0,2,0,0,0,2,0,1,0,1,0,0,0,2,1,0,0,0,0,0,0,0,0,0,0,0,1,3,1,1,1,3,0,0,0,0,0,0,0,0,0,0,0,0,0,0,1,1,1,0,0,0,0,1,0,1,0,0,0,1,0,0,2,0,0,0,0,0,0,0,0,0,2,0,1,0,0,2,0,0,0,1,0,0,0,2,0,1,1,0,0,0,0,0,0,0,0,0,0,0,0,0,0,1,0,0,0,0,1,0,1,0,0,0,0,0,1,0,1,0,1,1,0,0,0,0,0,0,1,0,0,0,0,0,1,0,0,0,0,1,0,2,0,0,1,0,1,1,1,0,0,0,1,0,0,0,0,0,0,0,0,0,0,0,0,0,2,0,0,1,0,1,0,2,1,0,0,0,0,0,0,0,0,0,0,0,0,0,0,0,0,0,1,1,1,0,0,0,0,1,2,0,0,0,1,0,0,0,1,0,0,1,0,0,0,0,0,0,0,0,1,0,1,0,1,0,2,2,0,0,2,0,0,0,0,0,0,0,0,0,0,0,0,4,0,0,0,0,0,2,0,1,0,0,0,0,0,2,0,0,0,0,0,0,1,0,0,0,0,1,0,0,0,0,3,0,0,0,0,0,1,0,3,0,0,0,0,0,0,0,0,1,1,0,0,0,0,0,4,0,0,0,0,1,0,1,0,0,0,1,1,0,0,2,0,0,0,0,1,0,0,0,0,0,1,0,0,0,0,0,0,0,0,1,0
GENE160,1,0,1,0,0,0,0,2,0,0,0,0,0,1,0,0,0,1,4,0,0,0,1,0,0,0,0,0,1,1,0,0,2,0,0,1,0,2,0,0,2,0,0,0,4,0,0,0,0,0,0,0,0,0,0,1,0,1,0,1,0,0,1,0,0,0,0,0,0,0,0,1,0,1,0,0,0,0,1,0,1,0,0,0,0,1,0,1,0,0,0,0,3,0,1,0,0,0,0,2,0,1,1,0,0,0,0,0,0,0,0,1,0,0,0,0,1,1,0,0,0,2,0,1,0,2,2,1,4,1,0,2,3,0,0,0,0,0,0,0,2,0,0,0,2,0,0,0,0,1,0,0,1,0,0,0,0,0,1,0,0,1,0,0,0,0,0,0,1,0,0,0,2,0,0,0,1,0,0,3,0,0,0,1,0,0,0,0,1,0,0,0,0,0,1,0,0,0,0,0,0,1,0,0,0,0,0,1,0,1,0,0,0,0,0,0,0,0,1,0,0,1,0,1,0,0,0,1,1,0,0,0,0,0,0,0,5,0,0,0,0,1,0,0,0,0,0,0,0,0,0,0,1,2,0,0,1,0,0,0,1,0,0,0,0,1,0,0,0,0,0,0,0,0,1,0,0,0,0,0,0,0,0,0,0,1,1,0,0,0,0,0,0,1,1,0,0,0,0,0,2,1,0,0,0,2,0,0,0,0,2,0,0,2,0,0,0,0,0,2,0,0,0,0,0,1,0,0,0,0,0,0,0,0,0,0,0,0,0,0,1,0,0,0,0,0,1,0,2,1,2,0,0,0,1,1,1,0,0,0,1,0,0,0,0,0,0,1,0,0,0,2,0,0,0,0,0,0,1,0,4,0,0,0,0,0,0,0,0,2,0,0,0,0,0,2,0,0,2,0,0,0,0,2,0,1,0,0,0,0,0,1,0,1,0,0,0,2,0,1,0,0,0,3,0,0,0,0,0,1,0,0,0,0,0,1,0,3,3,0,0,0,0,0,0,2,0,1,2,0,0,2,2,0,0,0,0,0,0,0,0,0,0,0,1,0,0,2,2,1,1,0,1,0,0,0,0,0,0,0,0,0,1,0,0,0,0,0,0,0,1,0,1,0,0,0,0,0,0,2,0,0,0,0,1,0,0,0,0,1,3,0,1,0,0,1,1,0,0,0,1,0,1,0,0,0,0,1,0,0,0,1,0,0,0,0,1,0,0,0,0,0,0,1,0,0,0,0,0,2,0,0,2,0,0,0,0,0,0,0,2,0,0,0,0,0,0,0,0,0,1,0,0,0,0,0,0,0,0,0,0,0,0,1,1,0,1,2,0,4,1,1,0,2,1,0,0,0,0,1
GENE161,0,0,0,0,0,0,1,0,0,0,0,0,0,0,1,0,0,2,1,0,0,0,1,0,1,0,0,0,0,2,0,1,0,0,1,0,2,0,1,0,4,0,0,0,0,0,0,1,0,0,2,0,0,0,0,0,0,1,1,1,0,0,0,1,0,0,0,0,0,0,0,0,0,0,0,0,1,0,1,2,0,0,0,0,1,1,0,1,0,0,0,0,1,0,0,0,0,0,0,1,0,0,0,0,0,2,1,0,2,0,0,2,0,2,0,0,0,0,2,0,0,0,0,0,0,0,1,0,5,3,0,0,0,0,0,0,2,0,0,0,5,1,0,1,0,0,1,0,0,2,0,0,0,0,2,1,0,1,0,0,0,1,0,0,0,0,0,0,0,0,0,1,0,0,0,0,0,0,0,0,0,1,0,0,0,1,2,0,3,0,0,1,0,0,0,0,0,4,0,1,0,0,2,0,0,0,0,0,0,0,0,0,0,0,0,5,0,0,0,2,0,5,1,1,0,0,0,0,1,1,1,0,0,0,0,0,0,0,0,1,0,1,2,2,0,0,0,0,1,0,0,0,0,0,0,0,0,0,0,1,0,0,1,1,0,1,0,2,0,1,0,2,0,0,0,0,0,0,0,2,0,0,1,0,0,1,1,0,0,0,1,0,1,0,0,2,0,0,0,0,0,0,1,2,0,2,0,0,1,1,0,0,0,0,0,0,0,0,1,4,0,0,0,0,0,0,0,0,2,1,0,3,2,0,0,3,0,1,0,0,0,0,0,1,0,1,0,0,0,0,0,1,0,0,0,0,0,0,0,0,2,0,0,0,0,0,0,0,0,0,0,0,1,1,0,0,2,0,0,2,0,0,0,1,0,0,0,1,0,0,0,0,1,0,0,1,1,0,1,0,0,0,0,1,0,1,0,0,0,0,0,0,0,1,0,0,0,1,0,1,1,2,2,0,1,0,2,0,0,4,0,0,0,0,0,0,0,0,0,1,2,0,0,0,0,1,0,0,0,0,0,0,2,0,0,1,0,0,0,0,0,0,0,4,3,0,0,0,0,0,2,0,1,0,0,0,0,1,0,0,0,0,0,0,0,0,0,3,0,0,0,0,1,0,0,0,0,0,0,0,1,0,0,0,0,0,0,1,0,0,0,0,0,2,1,1,0,0,0,0,1,0,0,0,0,1,0,0,0,0,0,0,2,0,0,2,0,0,0,0,3,0,0,0,0,0,0,1,2,0,0,0,0,0,0,0,0,4,0,0,0,0,0,1,0,0,0,0,1,0,0,0,0,0,0,1,0,0,0,0,0,0,2,0,0,0,0,2,1,0,2,0,2,0,1,0,0,0,0,0
GENE162,0,0,1,0,0,0,0,0,0,0,1,0,1,5,0,0,0,3,0,0,3,1,1,0,0,0,0,0,0,0,0,0,0,0,1,0,1,0,0,0,1,0,0,0,1,0,0,0,0,0,0,0,0,0,0,0,0,2,0,0,1,0,0,0,0,0,0,0,0,1,0,0,2,0,2,0,0,0,0,1,1,0,1,0,0,0,1,4,0,0,0,0,1,0,0,0,0,0,1,1,0,0,0,0,1,0,0,0,0,1,0,0,0,0,0,0,0,0,0,0,0,0,0,1,0,0,0,0,4,0,0,0,0,0,1,0,1,0,0,0,3,1,0,0,1,0,1,0,4,1,0,0,1,0,1,1,0,1,0,0,0,0,0,0,0,0,0,0,1,0,0,0,1,1,0,0,0,0,0,1,0,0,0,0,0,0,1,0,0,0,0,0,0,0,0,0,0,2,0,0,0,0,2,0,0,0,0,0,0,0,1,0,0,0,1,0,0,0,0,0,0,1,0,0,2,1,2,0,1,0,3,0,3,0,0,2,0,0,1,1,3,0,2,0,0,0,0,0,0,1,1,0,0,1,0,0,0,2,0,0,0,0,0,0,0,1,0,1,0,1,1,1,2,0,0,0,0,1,0,0,1,0,2,2,0,0,0,0,0,0,0,0,0,0,1,0,0,0,1,0,1,0,0,0,0,0,0,0,0,0,5,0,1,0,0,0,1,0,1,0,0,0,0,1,0,0,2,0,0,0,0,0,0,0,0,0,0,0,0,0,3,0,0,0,0,0,2,0,0,0,0,2,0,0,0,1,0,0,0,0,0,1,1,0,0,0,0,0,3,1,0,0,0,0,2,0,0,0,0,0,0,0,0,0,0,0,1,0,0,0,0,0,0,0,0,1,0,0,1,0,0,0,0,2,0,1,0,1,0,0,3,2,0,0,0,0,0,0,0,0,2,0,0,0,0,0,0,0,0,0,0,0,0,0,0,0,0,0,0,0,0,1,1,0,1,1,0,0,0,0,0,0,1,0,1,0,0,0,0,0,0,2,0,0,1,2,0,0,0,1,0,0,0,3,0,1,0,0,0,1,0,0,1,0,0,0,0,0,0,1,1,0,0,1,0,0,0,0,0,0,0,0,0,0,0,0,0,0,1,0,0,1,0,0,0,1,2,0,0,1,0,0,0,0,0,0,0,0,0,0,0,0,1,0,0,1,1,0,0,0,0,1,1,0,1,0,0,0,0,0,1,0,0,0,0,0,0,0,0,0,0,1,3,0,1,1,0,0,0,0,0,1,1,0,1,0,7,0,0,0,1,0,0,0,3,0,0,0,1,0,0,0,0,3,0,0,3,0,0,0
GENE163,0,0,0,1,0,0,0,0,0,0,0,0,0,0,1,0,0,1,2,1,0,0,0,0,0,0,0,1,0,1,0,0,0,0,0,0,2,0,7,0,0,1,0,0,2,0,0,0,0,1,0,0,0,0,0,0,0,4,0,1,0,0,0,0,0,0,0,0,0,0,0,0,0,0,2,0,0,0,1,0,0,0,0,0,1,1,0,0,0,0,0,0,0,0,0,0,1,0,0,0,1,0,1,0,0,1,1,0,0,1,0,0,1,0,0,2,0,0,0,0,0,0,0,0,0,0,1,0,0,0,1,0,1,0,0,0,1,1,0,0,1,0,1,0,0,0,0,0,0,0,1,0,0,0,1,0,0,0,0,0,1,0,0,0,1,0,0,0,2,0,0,0,1,0,1,0,1,1,0,1,0,0,2,0,0,1,0,0,0,0,0,0,0,0,0,0,0,0,0,0,0,0,3,0,0,1,1,0,0,6,0,0,1,1,0,0,2,1,0,1,0,0,0,0,0,2,0,0,0,0,1,0,0,0,0,0,0,0,3,0,0,3,0,0,1,0,1,0,0,0,1,1,0,1,1,0,1,0,0,0,1,0,0,0,0,0,0,0,0,3,0,1,0,0,0,4,0,1,0,0,1,0,1,0,0,0,0,0,0,0,0,1,0,0,0,0,0,0,0,0,0,0,1,1,0,0,0,0,0,0,0,1,0,1,0,0,0,0,0,0,0,0,0,0,0,0,0,0,0,0,3,1,0,2,0,0,1,0,1,0,0,3,0,0,2,0,0,0,0,0,0,1,1,0,0,1,0,0,0,0,0,0,0,0,0,0,0,0,2,0,0,0,0,0,0,0,0,0,0,0,0,0,0,1,1,0,0,0,1,2,0,1,0,0,0,4,0,0,0,0,0,0,0,0,0,0,0,1,0,0,0,0,0,1,0,0,0,1,0,1,2,0,0,2,0,0,0,2,0,0,0,0,2,0,0,0,0,0,0,1,0,0,0,2,0,0,0,0,0,0,0,0,0,1,0,0,1,1,1,0,0,0,0,1,0,0,0,0,0,1,0,0,0,0,0,1,0,1,1,0,0,3,3,1,0,0,0,0,2,1,0,0,1,2,0,0,0,2,0,0,0,0,0,0,0,0,1,0,1,0,0,5,0,0,0,1,1,0,0,0,0,0,0,0,0,0,0,0,0,0,0,0,0,0,0,1,0,0,0,0,0,0,0,0,2,0,4,0,0,0,1,0,2,0,0,0,0,0,0,0,0,0,0,1,0,0,1,0,1,0,1,0,0,1,0,0,0,0,0,0,0,1,1,0,0,0,1,0,0,0,0,0,1,0,0,0,0,2,2,0
GENE164,1,0,2,0,1,2,0,1,0,0,0,0,1,4,2,0,3,0,0,0,0,1,0,0,0,0,0,0,1,0,0,0,0,1,0,0,0,0,0,0,1,0,0,0,0,0,0,0,0,0,1,1,0,0,0,1,0,1,0,0,0,0,0,0,0,0,0,0,0,0,0,2,0,0,0,0,0,0,0,3,0,0,1,1,2,0,0,1,0,0,0,1,1,0,0,2,0,0,1,0,0,0,0,0,0,2,1,0,0,0,0,0,0,1,0,1,2,0,1,0,0,0,0,0,0,2,0,0,0,0,0,1,2,0,0,0,0,0,0,2,0,0,0,0,1,2,1,0,0,0,0,1,0,0,1,0,0,0,0,2,0,0,0,1,0,0,0,0,4,0,0,0,1,0,0,0,0,0,0,0,0,0,0,0,0,0,0,0,0,0,0,1,3,0,0,3,0,3,0,0,0,0,0,0,0,0,0,2,1,1,0,0,0,0,0,1,1,0,1,0,4,0,0,2,0,0,0,0,1,0,0,0,1,0,0,0,0,0,0,0,0,0,0,1,1,0,0,2,1,1,0,0,6,0,0,0,0,0,0,0,3,0,0,1,0,7,0,0,1,0,0,1,0,1,0,1,2,0,0,0,0,0,0,0,0,2,0,0,0,0,0,0,0,2,0,2,0,0,0,0,2,0,0,2,1,1,1,2,0,0,0,0,1,1,0,0,0,0,0,0,0,0,1,0,0,0,0,0,0,2,0,2,0,0,1,1,0,0,0,1,0,0,0,0,0,2,1,0,0,0,0,0,0,0,0,0,0,0,1,0,6,0,0,0,0,3,2,0,0,0,0,1,0,1,0,0,0,1,0,0,1,1,0,2,0,0,0,0,0,0,0,0,0,0,1,2,0,0,0,0,0,0,1,1,0,0,0,0,0,2,0,0,0,0,0,0,1,0,0,0,0,0,0,0,2,0,0,0,0,0,0,0,0,0,0,0,0,1,3,0,0,0,0,0,0,0,0,0,0,0,2,0,3,0,0,1,0,3,0,2,0,0,0,2,0,0,0,0,0,0,0,0,0,0,0,1,0,0,0,0,0,0,2,0,2,1,0,1,0,2,0,5,0,2,0,3,0,0,1,0,0,0,0,1,0,1,1,1,0,0,0,0,0,1,0,0,0,1,1,0,0,0,0,0,0,0,0,0,0,0,0,0,0,0,0,0,0,2,0,0,0,1,1,0,0,1,0,0,0,0,5,1,0,0,0,0,0,0,0,0,0,0,0,0,0,1,0,0,2,0,0,0,0,0,0,0,0,1,0,2,0,0,0,2,0,0,0,0,0,0,0,2,0,1,0,0,0,0,1,0
GENE165,1,0,0,0,2,0,0,2,2,0,1,0,0,0,1,0,0,3,0,0,0,0,1,6,0,0,3,0,0,0,0,0,0,0,1,0,2,0,0,0,0,0,0,0,2,1,3,0,0,0,1,0,3,0,0,2,0,0,0,0,0,0,0,1,0,0,0,0,1,0,0,1,2,0,0,0,0,0,0,0,0,0,1,0,0,0,0,0,0,0,0,0,0,1,1,0,1,0,0,0,0,0,0,1,1,0,3,1,0,0,0,1,0,2,0,2,1,0,1,0,0,1,0,0,0,0,0,0,1,0,0,1,0,0,0,0,0,0,0,1,0,1,0,0,0,0,0,0,1,0,0,0,0,0,1,0,0,2,0,0,0,0,0,1,0,1,1,0,1,0,0,0,1,0,0,0,0,0,0,1,0,1,0,1,0,1,1,1,0,0,0,2,2,1,0,0,0,0,0,0,0,0,0,0,0,1,1,1,0,0,1,0,1,0,0,0,1,0,0,1,0,0,0,0,0,0,0,0,0,0,0,1,1,0,0,0,1,0,0,3,2,0,1,0,0,0,0,0,0,0,0,0,3,2,0,0,0,0,2,0,0,1,0,0,0,0,0,2,0,0,0,0,2,0,0,1,0,2,0,0,0,0,1,0,0,0,0,1,1,0,0,0,0,0,5,0,0,0,0,0,1,0,0,0,0,1,0,2,0,1,0,0,0,0,2,0,0,0,1,0,0,2,0,0,0,0,1,0,0,0,3,3,0,1,0,0,0,0,2,0,0,1,0,0,0,0,0,0,0,1,0,0,1,0,0,0,0,1,0,0,0,0,0,0,0,0,0,0,1,0,0,1,0,0,0,0,0,0,1,0,0,1,0,3,0,0,0,0,0,0,1,0,0,0,1,0,1,2,0,0,0,0,1,0,0,1,0,0,0,0,0,0,0,0,1,0,2,0,1,0,3,1,2,1,0,0,1,0,0,0,1,0,2,1,1,0,1,0,0,0,1,3,0,0,1,0,0,0,1,0,0,0,2,3,0,0,0,0,0,0,0,0,0,0,0,0,0,0,1,0,0,1,0,0,0,0,0,0,0,1,0,1,0,0,0,0,0,0,0,0,0,0,0,1,1,0,1,1,0,0,0,0,0,0,0,0,1,0,1,0,0,0,0,0,1,0,0,0,1,1,0,0,0,1,1,0,2,1,0,0,0,0,0,0,0,0,5,0,0,1,0,0,0,0,0,0,0,0,1,1,0,0,0,0,2,2,2,0,0,0,1,0,1,0,0,0,0,0,0,0,0,0,0,0,0,2,0,0,0,0,0,0,0,0,0,0,0,0,0,2,4,1,0,0,0,1,3,0,0,1
GENE166,0,1,0,0,0,0,3,0,3,1,0,0,1,0,0,1,1,0,1,0,0,1,0,0,0,0,0,0,0,0,0,0,0,0,1,0,1,1,0,0,6,1,0,0,0,0,1,0,0,0,0,1,4,1,0,0,0,1,0,0,3,0,0,1,0,2,0,0,0,0,0,0,1,0,1,0,0,1,0,0,0,0,0,0,0,0,0,0,0,0,0,0,0,0,2,0,3,0,0,2,0,0,0,0,1,0,0,0,1,0,1,0,0,0,0,0,1,1,0,0,0,0,1,0,0,0,1,0,1,0,0,0,0,0,0,0,1,0,0,0,0,1,0,0,0,0,0,0,0,0,4,0,0,0,0,1,2,0,0,1,0,0,2,1,0,0,0,0,0,0,0,0,0,0,0,0,1,0,0,0,0,0,0,0,0,0,0,0,0,0,1,0,1,0,0,0,0,0,0,0,0,0,1,2,3,0,0,1,0,0,0,0,0,0,0,0,3,1,0,0,0,1,0,2,0,0,0,1,0,0,1,0,1,0,0,1,0,1,1,0,0,1,0,0,0,0,0,0,0,1,0,0,1,0,0,0,0,0,0,1,0,1,0,0,0,0,0,0,1,4,0,1,0,0,1,0,0,0,1,0,0,0,0,0,1,1,2,0,0,0,1,2,0,0,0,0,0,1,0,0,0,0,0,1,0,0,0,1,0,0,2,1,0,0,0,0,1,0,1,0,0,0,0,1,0,1,0,0,0,0,3,0,0,0,0,0,0,0,0,0,0,1,0,0,0,0,0,0,0,0,0,0,0,0,0,0,0,0,1,0,0,1,0,0,0,0,0,0,0,0,0,0,0,0,0,0,0,0,0,2,2,0,0,0,0,0,0,0,1,0,0,1,2,0,0,0,0,0,0,0,0,0,1,0,0,0,1,1,1,1,0,0,0,0,0,1,0,0,0,2,0,3,2,0,0,0,0,0,0,3,0,1,1,0,0,0,1,0,1,4,0,5,2,0,2,2,0,0,0,0,0,0,0,0,0,0,0,0,0,0,0,0,1,0,2,0,0,0,0,0,1,0,0,1,0,0,0,0,1,0,0,0,2,1,2,0,0,0,0,0,0,0,0,1,0,0,0,1,0,0,0,0,0,1,0,2,0,0,0,1,1,1,0,3,0,1,0,0,0,1,0,1,0,0,0,0,0,1,0,0,0,0,0,0,1,0,0,0,0,1,1,0,0,0,0,1,0,2,0,0,0,0,0,0,0,0,1,0,0,0,0,1,0,0,1,0,0,0,0,0,2,0,1,0,0,0,0,0,0,0,0,2,0,0,0,0,2,0,0,0,0,0,2,1,0,0,0,0,1,0
GENE167,0,0,0,1,1,0,0,0,0,0,2,0,3,1,6,0,0,0,1,0,2,0,1,0,0,0,0,1,1,0,0,0,1,0,0,0,0,0,0,0,0,1,0,0,0,0,0,1,0,0,0,0,3,0,0,0,0,0,0,0,0,0,0,2,0,1,0,0,0,0,0,1,6,0,0,0,0,0,0,0,0,0,0,0,0,0,0,0,0,0,3,0,0,0,0,0,0,0,8,0,0,0,0,0,0,0,2,0,1,1,0,0,1,0,1,1,0,0,0,0,1,0,0,2,0,0,0,0,0,0,0,0,0,0,0,0,0,0,0,0,0,2,0,0,0,0,0,0,0,0,1,0,0,0,1,0,0,0,0,2,0,0,0,0,0,0,0,1,0,0,0,0,0,0,0,0,0,0,0,1,0,0,1,2,0,0,0,1,1,0,0,0,0,0,0,0,0,0,0,0,0,0,3,1,0,0,0,0,0,0,1,0,1,0,1,2,0,0,1,2,2,0,0,1,0,2,0,0,0,0,0,1,0,0,0,0,1,0,0,0,0,0,1,0,0,0,0,0,0,1,0,2,0,5,0,0,0,0,0,0,0,0,0,0,0,0,2,0,0,0,0,0,9,0,0,0,0,0,0,0,0,3,1,0,1,0,0,0,0,1,2,1,0,0,0,0,0,0,0,0,0,0,0,0,0,0,0,0,0,0,0,0,0,0,0,0,0,0,1,0,0,0,0,0,0,0,0,0,0,0,0,0,0,0,0,0,3,0,0,0,0,0,0,3,0,0,0,1,0,0,0,0,0,0,0,1,0,0,0,0,0,0,1,1,0,0,0,1,0,0,2,1,1,0,0,1,0,0,0,0,0,0,0,0,0,0,0,0,0,1,0,0,0,0,0,0,0,0,0,0,0,0,0,0,0,1,0,0,0,1,0,1,0,0,1,0,0,0,0,0,0,1,0,0,0,0,0,0,0,0,0,0,0,2,0,0,0,0,4,0,0,1,0,1,0,1,0,0,3,1,1,0,0,1,0,0,0,1,0,0,0,0,0,0,0,0,0,0,0,0,0,0,0,0,0,0,0,2,0,0,0,0,0,0,0,0,0,0,1,3,0,2,0,0,0,0,0,0,1,0,0,0,0,1,0,0,5,0,0,0,0,0,0,2,0,2,2,0,1,0,0,1,1,0,0,2,0,2,1,0,0,1,0,0,0,0,0,0,0,0,0,0,0,0,0,1,1,0,0,0,0,0,0,2,0,0,0,1,0,0,0,1,0,0,0,0,0,0,0,0,1,0,1,0,0,0,1,0,0,0,0,0,0,0,1,0,0,0,0,2,0,2,1,0,0,0,4,0,1,1
GENE168,0,0,0,0,0,0,0,0,1,0,0,0,1,0,0,0,0,0,0,0,0,0,0,1,3,0,1,1,0,2,0,0,0,0,0,1,0,0,1,0,0,0,0,0,0,0,0,1,0,0,0,1,0,0,0,0,0,0,0,0,0,0,4,0,0,1,0,0,0,1,0,0,0,0,1,0,0,0,0,0,0,0,0,1,2,1,0,0,1,0,0,0,0,0,0,0,0,0,4,1,0,0,0,0,0,2,1,0,0,0,0,0,1,0,0,0,0,0,0,0,0,0,0,0,0,0,0,0,0,1,0,1,1,0,0,0,0,0,0,0,1,0,0,0,0,0,0,0,0,0,0,1,0,1,1,1,0,1,0,0,0,1,0,0,0,0,0,1,1,0,0,0,0,0,0,0,0,0,0,2,0,0,0,0,1,0,0,0,1,0,0,0,0,0,0,0,1,0,0,0,0,1,2,0,0,0,0,0,1,0,0,1,1,1,0,0,2,0,0,0,0,0,0,0,0,0,0,0,2,0,1,0,1,0,2,2,1,0,1,0,0,0,0,0,1,0,0,0,1,0,1,0,0,0,0,1,1,3,3,0,0,0,0,2,0,0,0,0,1,0,0,2,0,0,0,0,1,0,0,0,0,1,0,1,3,1,0,0,0,1,0,0,0,0,0,0,0,1,1,0,0,0,0,0,2,0,0,0,0,0,0,0,1,2,0,0,0,0,0,0,0,0,0,0,0,0,0,0,0,0,0,1,0,2,0,0,0,0,1,0,0,1,0,0,0,0,0,0,0,0,0,0,0,0,0,0,0,0,0,0,0,0,0,0,0,1,0,0,0,0,1,0,0,0,0,0,0,0,0,1,1,0,0,0,0,1,0,0,0,0,0,0,0,0,0,0,0,0,0,0,0,0,1,0,3,0,0,2,1,0,1,1,0,0,1,0,0,0,0,0,0,1,2,0,0,0,0,0,0,0,0,0,0,0,0,0,2,0,0,4,1,0,2,0,0,0,0,0,0,2,2,1,0,0,0,0,0,0,0,0,0,0,0,0,0,1,1,0,0,0,0,0,1,0,0,4,0,0,0,0,0,0,0,0,0,0,0,0,1,3,0,0,0,0,0,0,0,0,0,1,0,0,0,0,0,0,0,0,0,1,3,0,0,0,1,1,0,0,0,1,0,0,0,0,0,0,0,0,2,0,0,1,0,0,2,0,0,0,0,4,1,1,0,0,0,0,2,0,0,1,0,0,0,0,0,0,1,1,0,0,0,0,1,7,0,0,0,2,0,0,1,0,0,0,0,0,0,0,0,0,0,0,0,0,0,1,1,0,0,1,0,0,8,0,0,0,0,0,0,0
GENE169,0,0,0,1,0,0,1,0,0,0,1,0,0,0,1,0,0,4,0,1,0,0,0,0,0,4,1,0,0,0,0,0,0,1,0,0,0,0,0,0,1,1,0,0,0,0,0,0,1,0,1,0,1,0,0,0,0,0,0,0,0,1,2,1,0,0,0,0,0,0,1,1,0,0,0,0,0,0,1,3,0,1,0,0,0,0,0,1,0,0,0,0,0,0,0,0,0,2,0,0,0,0,0,0,0,0,0,1,1,1,0,0,0,0,0,0,0,2,1,0,0,0,0,0,0,0,0,0,0,1,0,0,0,0,0,0,3,0,0,0,2,0,0,0,0,0,0,0,0,0,0,0,0,0,0,0,0,0,1,1,1,0,0,0,0,0,0,1,0,0,1,0,0,0,0,0,0,0,0,1,0,0,2,0,0,0,0,0,0,0,1,0,1,0,0,0,0,0,0,2,1,0,0,1,1,0,0,0,0,0,0,1,0,0,0,1,0,1,0,0,0,0,0,2,0,1,0,0,1,0,0,1,1,1,0,2,1,0,1,1,1,0,0,3,0,1,0,0,0,0,0,0,0,1,1,0,0,0,1,0,0,0,0,0,0,0,1,0,0,0,0,0,1,0,0,0,0,0,0,1,0,5,0,0,0,0,0,0,1,0,0,0,0,0,0,1,1,0,0,0,2,1,0,0,0,0,0,0,1,1,0,0,0,0,0,0,0,0,0,0,0,1,0,0,0,0,0,0,1,0,1,0,1,2,0,0,0,3,0,0,0,0,1,0,1,2,0,0,0,0,0,0,0,0,0,0,0,1,0,1,2,0,0,2,0,0,1,0,0,0,0,0,1,0,2,1,0,0,0,0,0,0,0,0,0,0,0,0,0,0,1,0,1,0,0,2,0,1,0,0,1,1,0,0,1,1,0,0,0,0,0,0,1,1,0,0,2,0,0,1,0,1,1,0,0,0,1,0,0,1,0,1,0,0,0,0,0,3,0,0,0,0,0,0,0,4,0,0,1,0,4,0,2,0,0,0,0,0,0,0,0,1,0,0,1,0,0,0,0,0,0,0,1,0,0,0,0,0,0,0,0,0,0,0,1,0,0,3,1,0,0,0,0,1,0,1,0,1,2,1,0,0,0,0,0,1,5,0,0,0,2,0,0,2,0,0,0,0,4,0,0,0,1,0,0,0,3,0,0,0,0,1,0,1,0,0,0,0,0,0,0,0,0,0,0,0,0,0,0,0,0,0,0,0,0,0,0,0,0,0,0,2,2,0,0,0,0,0,0,1,0,0,0,0,0,0,1,0,1,0,0,0,0,0,0,0,0,0,0,1,0,0,0,0,0,1,0,0,0,1
GENE170,0,0,0,0,1,0,0,0,2,0,4,0,0,1,1,1,0,1,0,0,0,0,1,0,1,0,0,0,1,1,0,0,0,0,0,0,0,0,0,0,0,0,0,1,0,0,1,0,0,0,1,0,0,0,0,1,0,0,0,1,0,1,0,0,0,0,0,0,0,0,0,0,0,0,0,1,0,0,0,0,0,0,1,0,0,0,0,0,1,0,0,0,1,0,0,0,0,0,0,0,0,0,0,0,0,0,0,0,0,2,0,0,0,0,0,1,0,1,0,0,0,2,0,0,1,0,0,0,1,1,1,0,1,0,0,1,0,0,0,0,0,0,0,2,1,0,2,0,0,0,0,0,0,0,0,0,0,1,1,0,0,0,0,0,1,0,0,1,0,1,0,0,0,0,1,0,0,0,1,0,0,0,0,3,0,0,1,0,0,0,0,3,0,0,0,0,0,0,1,2,0,0,1,0,2,0,0,0,0,1,0,0,0,0,0,0,0,0,0,1,1,0,1,0,0,0,1,2,0,0,0,0,0,0,3,0,2,0,3,0,1,2,1,0,0,1,0,0,0,0,0,0,0,0,1,0,0,0,0,0,0,0,1,0,1,0,0,0,0,1,0,0,0,1,0,0,0,0,0,0,0,0,2,1,1,0,0,0,0,0,0,0,0,0,0,1,0,0,0,1,0,0,1,0,0,0,0,0,0,0,0,0,0,1,0,0,0,0,0,0,0,0,0,1,0,4,0,0,0,0,0,0,0,0,0,0,1,0,1,0,0,0,0,0,0,0,0,0,0,0,0,1,3,1,0,0,0,0,1,0,0,1,0,1,0,0,0,1,1,0,1,0,1,0,0,0,0,1,0,0,0,0,0,0,1,0,0,0,0,0,0,0,0,0,0,4,4,0,0,0,0,0,0,1,0,1,1,0,0,2,0,0,0,0,0,0,0,0,0,1,0,1,0,1,0,1,0,0,0,0,0,0,1,0,1,0,0,0,1,0,0,1,0,0,0,0,0,1,1,1,0,0,0,0,0,0,0,0,0,0,0,0,0,0,0,0,0,0,0,0,1,2,0,1,0,0,2,0,2,2,0,1,1,0,0,0,1,0,0,0,2,2,3,1,0,0,0,0,0,0,0,1,0,0,0,0,0,0,0,0,0,0,0,0,0,1,0,2,1,0,0,0,0,0,0,0,0,0,0,0,2,1,1,0,0,0,1,0,0,0,1,0,1,0,0,3,0,2,0,0,0,0,0,1,0,3,0,3,0,0,0,0,0,0,0,0,0,1,0,0,1,0,3,0,1,1,0,0,0,0,1,0,1,0,0,0,0,0,0,0,0,0,1,2,0,0,0,0,0,0
GENE171,0,1,1,1,0,0,1,0,0,1,0,0,0,2,1,0,0,0,0,2,0,0,0,0,0,0,0,0,0,0,0,0,0,0,0,0,0,0,0,0,0,0,0,0,0,0,0,0,0,1,0,0,1,0,0,1,0,0,1,0,0,1,0,0,0,0,0,0,0,0,1,1,0,0,0,0,0,0,0,0,0,0,0,0,0,0,0,0,0,0,0,0,0,0,0,0,0,0,0,0,0,0,0,0,1,0,1,0,0,0,0,0,0,0,0,0,1,0,0,0,1,0,0,3,0,0,0,2,0,1,0,0,1,0,0,1,0,0,0,0,0,0,0,0,0,1,0,0,0,0,0,1,1,0,3,0,1,3,0,0,0,1,0,0,0,0,0,0,1,0,0,0,0,0,0,1,0,0,0,1,0,1,0,0,0,0,1,1,0,0,0,0,0,0,0,0,1,0,0,0,1,0,1,0,1,0,2,0,0,7,0,0,1,1,2,0,1,0,0,0,0,0,0,0,0,0,0,0,0,0,1,0,0,0,1,0,2,0,0,1,1,0,0,0,0,0,0,0,0,0,0,0,1,3,0,0,3,0,0,0,0,0,0,0,0,0,0,0,0,2,0,0,1,1,1,1,0,0,0,0,1,0,0,1,0,0,0,0,0,0,0,0,2,1,0,1,0,0,0,0,0,0,1,1,0,0,2,1,0,0,0,0,0,2,0,0,0,1,0,0,0,1,0,0,0,0,0,0,0,0,0,0,3,0,0,0,0,1,0,0,0,0,0,1,0,0,0,0,0,0,2,0,0,1,0,0,1,0,0,0,1,0,0,1,0,0,0,0,0,0,0,1,0,0,0,0,0,0,1,0,1,0,0,1,0,0,0,0,0,0,0,0,0,0,4,2,0,0,0,0,0,0,0,0,1,0,0,0,0,0,1,0,0,0,0,1,0,0,0,0,0,0,1,0,1,0,0,0,0,1,1,0,0,0,0,0,0,0,0,0,0,1,0,0,0,0,0,0,0,1,2,0,0,0,0,1,0,0,0,1,0,1,2,0,1,0,0,0,0,0,1,0,5,0,0,1,0,0,0,3,0,0,0,0,0,1,0,0,0,1,0,0,0,1,0,0,0,1,1,0,0,0,0,0,0,0,0,0,0,0,1,0,0,1,0,0,0,0,0,1,0,0,0,0,0,2,0,0,0,0,0,1,0,0,0,0,0,0,0,1,0,1,0,0,3,1,0,0,0,0,0,0,0,1,0,1,1,0,0,0,0,1,0,0,2,0,0,1,5,0,0,0,0,1,0,0,0,1,0,0,1,0,0,0,0,0,0,0,0,0,0,0,0,1,1,1,0,0,0,0
GENE172,0,2,0,2,0,0,1,0,0,0,3,0,0,0,0,0,2,0,0,0,0,0,2,0,0,0,1,4,0,0,0,1,0,0,0,0,0,0,0,0,0,0,0,0,0,0,0,0,1,0,0,2,0,0,1,0,0,0,1,0,0,2,0,4,1,0,0,0,0,0,0,0,1,1,0,0,0,0,2,2,0,0,0,1,0,0,0,1,0,1,0,0,0,0,0,0,0,0,0,1,1,0,0,0,0,0,1,0,0,0,0,0,1,0,0,0,3,0,1,0,0,2,0,0,0,0,2,0,0,0,0,0,0,0,0,0,0,0,0,0,0,0,0,0,0,0,0,0,0,0,0,0,0,0,3,0,1,1,0,0,0,0,0,0,0,0,0,1,2,0,1,0,0,0,0,1,1,0,0,0,1,1,0,1,0,0,0,0,1,0,0,0,0,0,0,0,0,1,1,0,0,0,0,0,0,2,0,0,0,2,2,0,0,0,0,0,0,0,0,0,0,0,0,0,0,1,0,0,0,0,0,0,0,2,0,0,0,3,0,2,0,1,0,0,0,0,0,0,0,0,1,0,0,0,0,0,0,0,0,0,0,0,0,0,0,0,0,1,1,0,4,0,1,0,0,3,0,1,1,0,0,0,0,1,0,0,0,1,0,0,0,0,0,1,0,1,1,0,1,0,0,0,0,0,1,0,0,0,0,0,0,0,1,1,0,0,2,0,0,0,0,0,0,0,0,0,0,0,0,0,1,0,0,1,0,0,1,0,0,0,0,0,1,1,1,0,1,0,1,0,0,0,0,0,1,0,3,1,0,0,0,0,0,0,0,0,1,0,0,0,0,1,0,1,0,1,0,0,0,0,0,0,0,0,0,0,0,0,0,1,0,0,0,0,0,0,0,0,0,3,0,1,1,0,0,0,1,0,1,0,0,0,2,0,0,1,1,1,0,1,0,1,2,0,3,0,0,0,0,0,0,0,2,0,0,0,0,0,0,0,0,0,0,0,0,1,0,0,0,0,0,0,0,0,0,1,0,1,1,0,0,2,0,0,2,0,0,0,0,2,2,0,1,0,0,0,0,1,0,0,0,0,0,0,0,0,0,0,0,0,0,0,0,1,0,0,0,3,0,0,0,0,0,0,1,0,2,3,0,0,0,0,2,0,0,1,3,1,1,0,0,0,1,0,0,0,0,1,0,1,0,0,1,0,1,0,0,1,0,0,0,0,1,0,0,3,1,2,0,0,0,0,0,0,0,0,0,0,0,0,0,0,0,0,0,0,0,0,0,1,0,0,0,0,3,0,5,0,0,1,0,1,1,1,0,0,0,1,1,1,0,0,0,0,0,0,0,2,0,1
GENE173,0,0,0,1,0,0,4,0,0,0,0,0,2,3,0,2,0,0,1,0,0,0,1,1,0,3,1,0,0,0,0,1,1,0,0,0,1,1,0,1,1,0,0,0,0,2,0,0,1,0,0,0,2,0,0,0,0,1,0,0,0,0,1,0,0,0,0,0,1,0,0,0,3,0,0,0,0,0,0,0,0,0,0,1,3,0,0,0,0,0,1,1,0,0,1,0,0,0,0,1,0,0,0,0,0,1,0,0,1,0,0,0,0,0,2,0,0,1,1,0,0,0,0,0,0,0,0,1,0,1,0,0,0,0,0,0,0,2,0,0,0,0,0,0,0,0,0,0,2,0,0,0,0,0,0,6,0,0,0,1,0,0,0,0,0,0,0,0,0,0,0,0,0,0,0,0,0,3,2,1,2,0,1,0,0,0,1,1,0,0,0,5,0,0,0,0,0,1,0,0,2,0,0,0,0,0,0,0,0,0,0,0,0,0,0,0,1,0,0,0,0,0,0,0,0,2,0,1,1,0,0,1,0,0,2,0,0,0,0,0,1,0,0,0,0,0,0,0,2,0,0,0,0,2,0,0,0,0,0,1,0,0,1,1,0,0,0,0,0,0,0,0,0,0,0,0,0,2,0,0,0,0,0,0,0,0,0,0,0,0,0,0,1,2,0,0,0,0,0,0,1,0,0,0,0,0,1,3,0,0,4,0,1,0,2,0,0,1,2,0,1,0,1,0,0,0,1,0,0,0,0,0,1,0,0,0,0,0,0,0,0,0,0,0,0,0,1,0,0,0,0,0,0,1,0,0,0,0,1,0,0,0,1,0,0,3,0,0,3,0,0,1,0,0,0,0,0,0,0,0,0,0,0,0,0,0,1,0,0,0,1,1,1,1,2,3,0,0,0,0,1,0,0,0,0,0,0,0,0,2,2,1,3,0,0,1,0,2,0,0,0,0,1,0,0,0,0,0,0,0,0,0,0,0,0,0,0,0,3,0,0,0,0,0,0,0,0,0,0,0,0,0,1,0,1,0,1,1,0,0,0,0,0,0,2,0,0,0,0,0,0,0,0,0,0,0,2,0,0,0,0,0,3,1,0,2,0,0,0,2,0,1,0,0,0,0,0,3,1,0,0,0,0,0,0,0,0,0,0,1,1,1,0,0,0,2,0,1,1,1,0,0,0,0,1,1,0,4,1,0,0,1,0,0,2,0,0,0,0,3,3,1,0,0,0,1,0,0,0,0,0,0,0,1,0,0,0,0,0,0,0,0,0,0,0,0,0,0,0,0,0,1,0,0,0,0,0,2,0,2,0,0,0,1,2,1,0,0,0,0,0,0,0,1,0,0,1,0,0,3
GENE174,0,0,0,0,2,1,1,0,0,0,2,0,0,2,0,0,0,0,0,0,4,0,0,1,0,1,0,0,0,1,0,2,0,0,2,0,0,1,0,0,3,0,0,0,2,1,1,0,0,1,0,0,1,0,0,0,0,0,0,0,0,0,0,0,0,0,0,0,1,0,0,0,0,5,0,0,0,0,0,0,0,0,0,0,0,0,0,0,0,0,0,0,0,0,0,1,0,0,0,0,0,3,0,0,0,0,0,0,1,1,0,0,0,0,1,0,0,0,1,2,0,1,0,0,1,0,0,0,0,0,1,0,0,0,0,0,0,0,0,2,1,0,0,0,0,0,0,1,0,0,0,2,0,0,0,0,0,1,0,0,0,1,0,0,0,0,0,0,0,0,0,0,0,0,1,0,0,0,0,0,0,1,0,0,0,0,2,0,0,0,0,0,0,0,0,0,1,3,0,0,0,1,0,2,1,0,0,0,0,0,0,0,0,1,0,2,0,0,0,0,1,0,0,0,0,0,0,0,0,0,0,0,0,0,0,1,0,1,0,0,0,0,0,0,0,0,0,0,0,0,0,0,1,2,1,0,0,0,0,0,0,1,0,0,0,0,0,0,1,0,1,0,0,0,0,1,0,0,3,2,0,0,0,1,1,1,0,2,1,1,0,1,0,0,0,0,0,0,1,1,0,0,1,3,0,5,0,2,0,0,2,0,2,0,0,0,1,0,1,0,0,0,0,0,0,0,0,0,0,1,0,0,0,1,0,0,0,0,0,1,0,1,0,0,1,0,0,0,0,1,0,0,0,0,0,0,0,0,0,0,0,0,0,0,0,0,0,2,1,1,0,0,0,1,0,0,0,0,0,0,0,0,1,0,0,1,0,2,0,0,3,0,1,0,0,0,0,0,0,0,1,0,1,1,0,0,0,1,4,0,0,0,0,0,0,0,2,1,0,0,0,0,2,0,1,2,0,1,0,0,0,0,0,1,0,0,0,5,3,0,0,0,0,0,1,0,0,0,0,0,1,0,2,0,0,0,0,0,0,0,0,0,0,0,0,0,1,1,0,0,0,0,0,0,0,1,0,0,1,0,0,0,0,1,1,1,1,0,0,0,0,0,0,1,0,0,0,0,0,0,0,0,0,1,0,0,0,1,0,0,0,0,0,0,0,0,0,0,0,0,1,2,0,0,1,1,0,0,0,0,1,0,0,2,1,0,0,2,0,0,1,0,0,1,1,1,0,0,0,0,0,0,3,0,0,0,0,0,0,0,0,1,1,0,0,0,0,2,0,1,0,0,0,0,1,0,1,0,0,0,0,1,0,0,4,0,0,0,0,1,1,0,0,0,1,0,0,0,0,0
GENE175,0,0,1,1,0,0,0,0,0,0,0,0,0,0,1,0,0,0,1,0,0,0,0,0,0,0,0,1,0,0,0,0,0,1,0,2,1,0,0,0,2,1,0,0,3,0,0,0,0,0,0,0,1,0,0,1,0,0,0,2,0,0,0,0,1,2,0,0,0,0,1,0,1,0,0,0,0,0,0,4,0,2,2,0,0,0,0,0,3,0,0,0,1,0,0,1,0,0,0,0,1,0,0,0,0,0,0,0,0,1,2,0,0,0,0,0,0,0,0,0,0,0,0,0,0,0,0,0,1,0,2,0,0,3,0,0,0,0,1,0,0,1,1,0,0,0,0,0,0,1,0,0,0,0,0,1,1,0,0,1,0,0,1,0,1,0,0,0,0,0,0,0,1,0,0,0,1,0,0,0,0,1,0,0,0,0,0,1,0,0,1,0,0,0,0,1,1,0,0,1,0,0,0,0,0,0,0,0,0,2,0,1,1,1,0,0,0,1,0,0,2,1,1,0,0,0,0,0,1,0,0,0,0,0,0,0,1,0,1,0,0,0,0,0,1,0,0,0,0,0,0,0,0,0,1,0,0,0,1,0,0,0,0,2,1,0,0,0,0,2,0,0,0,0,0,5,0,0,0,1,1,0,0,0,0,0,0,0,0,0,3,0,1,0,1,0,1,0,0,0,1,1,0,0,0,1,0,4,0,0,0,0,0,3,0,1,1,0,2,0,0,1,1,0,0,0,1,0,0,0,1,1,0,0,0,0,0,2,0,1,0,0,0,1,0,0,0,2,3,0,0,0,0,1,0,0,0,0,1,0,0,0,0,0,0,0,0,3,0,0,0,2,1,0,0,1,0,2,0,0,0,0,0,0,2,0,0,1,0,0,0,0,1,0,0,0,0,0,0,1,0,0,0,0,0,0,1,0,0,0,0,0,0,0,0,0,0,1,1,0,0,0,0,0,1,1,0,0,2,0,1,0,0,0,0,1,0,0,0,0,1,0,0,1,0,0,0,1,0,0,0,0,0,1,0,0,0,0,0,0,1,0,0,1,0,0,0,0,0,0,0,0,0,0,0,0,0,2,0,0,0,0,0,0,0,0,0,0,0,1,1,0,0,0,0,0,1,0,1,0,0,0,0,0,0,0,0,0,1,0,1,0,0,0,0,0,0,0,0,0,2,0,0,0,0,0,2,1,0,0,0,2,1,1,0,0,0,1,0,0,1,0,0,0,0,0,0,0,0,0,1,0,0,0,0,1,0,0,0,0,1,0,4,0,0,0,0,0,4,0,0,0,0,0,0,0,0,0,0,0,0,1,0,1,0,0,0,0,0,0,0,0,0,0,0,0,0,0,0,2
GENE176,1,0,0,0,0,0,2,3,0,0,1,0,0,0,0,0,0,0,0,0,0,0,0,1,0,0,0,0,0,0,1,0,1,0,0,0,1,0,0,3,0,0,0,0,0,0,0,1,0,0,0,0,0,0,0,0,0,0,0,0,1,0,0,2,0,0,0,0,1,0,0,0,0,0,1,2,6,0,1,0,0,0,0,0,0,0,0,0,0,0,0,0,0,2,0,2,0,0,0,0,0,0,0,0,1,0,1,1,0,0,0,1,0,1,0,0,0,0,1,0,0,1,2,0,0,0,0,2,3,0,1,0,0,2,0,1,0,0,0,1,0,0,0,0,0,0,0,0,0,1,0,1,0,0,0,0,0,0,0,0,0,2,0,0,1,1,0,0,0,0,0,1,0,0,0,1,1,0,0,0,0,0,0,0,0,1,0,1,3,0,0,9,0,0,0,0,0,0,0,0,3,0,1,1,0,0,0,0,0,0,6,1,2,1,0,0,0,0,1,0,0,0,0,0,1,0,0,0,0,1,0,0,0,0,2,0,1,2,0,0,1,0,1,0,0,0,0,0,0,0,3,0,1,5,0,0,0,0,0,0,0,0,0,2,0,0,0,0,0,0,1,2,1,1,0,3,0,0,0,0,0,1,0,0,1,1,0,0,0,0,0,0,0,0,0,2,0,0,0,0,0,0,0,1,0,1,0,1,0,0,0,0,0,0,0,0,2,0,0,1,0,0,0,0,0,0,1,1,3,0,0,0,0,0,0,1,0,2,0,0,0,0,0,1,0,1,0,0,0,1,0,0,0,1,0,0,0,1,0,0,0,0,0,1,0,1,0,0,0,0,0,3,0,0,0,0,0,0,0,1,3,0,0,1,0,1,0,0,0,0,0,0,1,0,1,0,0,0,0,0,0,2,0,1,1,2,1,0,0,2,0,0,0,0,0,0,0,1,0,0,1,0,0,1,1,1,1,0,0,1,0,0,0,1,2,0,0,0,0,0,0,0,0,0,1,0,0,0,0,0,2,0,1,0,0,0,0,0,0,1,0,0,0,0,0,0,0,0,0,0,1,0,0,0,0,0,0,0,0,0,0,0,1,1,0,0,1,2,0,7,0,0,0,0,0,0,0,1,0,3,0,0,0,0,0,2,0,0,1,0,0,0,1,0,2,0,0,0,0,0,0,0,0,0,0,1,2,0,0,0,0,0,1,0,0,0,0,0,0,0,0,1,0,0,0,1,1,0,0,1,0,0,0,0,0,0,0,0,1,1,0,0,0,0,2,0,0,0,0,0,0,1,0,1,0,0,1,0,0,0,0,0,0,1,0,0,0,0,0,1,0,1,0,1,0,0,0,0,0,0
GENE177,1,2,0,0,3,1,0,0,1,0,0,0,0,2,1,0,0,2,0,0,2,0,1,0,0,0,1,0,0,0,0,0,2,0,0,0,1,0,1,0,0,0,0,0,0,1,0,0,0,0,0,3,0,0,0,0,1,4,0,0,7,0,0,0,0,1,0,0,0,0,0,0,0,0,0,2,0,0,0,0,0,1,0,0,2,0,0,0,1,0,0,0,1,0,0,1,1,0,0,0,0,0,0,5,3,0,1,1,0,1,0,0,1,1,0,0,0,0,1,0,0,0,0,0,1,0,0,0,0,0,0,0,0,0,0,0,0,0,0,0,0,0,1,0,0,0,0,0,0,0,0,0,1,0,0,1,1,1,1,0,0,0,1,0,0,0,0,0,2,1,0,0,4,1,1,0,0,1,0,0,0,0,0,0,0,1,5,0,1,0,0,0,0,0,0,0,1,0,0,0,0,0,0,0,1,0,0,0,0,0,0,0,0,1,0,1,0,0,0,0,0,2,0,0,2,0,0,0,1,0,0,0,0,2,0,0,0,0,0,0,0,0,0,0,0,1,1,2,1,0,0,1,0,2,0,0,0,0,0,0,0,0,1,0,0,0,0,1,1,0,0,0,0,0,1,0,0,1,0,0,0,1,0,0,0,0,0,0,0,1,0,0,0,0,0,0,0,0,0,0,0,2,0,0,2,2,0,1,0,0,0,0,0,0,0,0,0,0,0,0,0,0,0,0,1,0,0,0,0,2,1,3,0,0,0,0,0,0,0,0,0,0,1,1,0,0,0,0,0,0,0,0,0,0,0,0,0,0,0,0,0,0,0,0,1,0,1,0,0,2,1,0,0,0,1,0,3,0,0,0,0,1,0,0,0,0,0,0,1,0,0,1,0,1,0,0,0,0,0,0,0,0,0,0,0,2,0,0,0,0,0,0,0,0,0,0,0,2,0,0,0,3,2,0,0,0,0,0,0,0,0,1,0,0,0,2,0,0,0,0,0,0,0,1,0,0,3,0,0,1,0,0,0,0,1,0,0,0,0,2,0,2,0,0,0,0,0,0,0,0,0,0,2,0,0,0,2,2,0,0,0,0,0,0,0,1,0,0,0,0,1,0,0,0,0,0,0,0,3,0,0,0,1,1,0,0,0,0,0,0,0,0,1,0,0,1,1,0,1,1,0,0,0,0,0,1,0,0,0,0,0,1,0,2,1,0,0,0,3,0,0,1,0,0,1,2,0,0,0,0,0,0,0,0,0,0,0,0,1,0,0,1,0,0,0,1,2,0,0,0,1,0,0,0,0,0,1,0,0,0,0,0,0,0,1,0,2,0,0,0,0,0,1,0,0,2,0,0,0,0
GENE178,4,0,0,0,0,0,0,0,0,0,1,1,0,3,0,0,2,0,1,0,0,0,0,1,0,4,1,4,0,0,0,0,2,0,0,0,0,1,1,0,0,0,0,0,0,0,0,1,1,2,0,0,0,0,0,0,0,0,0,0,0,0,0,1,0,0,0,0,0,1,0,0,0,1,6,0,1,0,0,0,0,1,0,0,0,0,0,0,5,0,1,0,0,0,0,0,0,2,0,0,1,0,0,0,0,1,0,0,0,1,0,2,0,0,1,0,7,0,0,0,0,2,1,0,2,2,0,0,0,0,1,1,0,0,1,2,0,2,0,0,0,0,0,1,0,0,1,1,3,1,2,0,0,1,0,0,0,0,0,0,0,0,5,0,0,2,1,1,0,0,0,0,0,0,0,0,0,0,0,1,0,0,2,0,0,0,1,3,0,0,0,1,1,0,0,0,0,2,2,0,0,0,0,0,1,3,1,0,0,2,0,1,0,0,0,0,0,1,2,0,0,0,0,0,0,0,0,1,0,1,0,0,0,0,0,0,2,0,2,0,1,3,1,0,1,0,0,1,0,0,0,1,0,1,0,0,0,0,0,0,0,1,0,0,0,0,0,0,0,4,2,0,1,0,1,0,0,0,0,0,0,0,0,0,1,0,0,1,0,0,0,0,2,0,0,0,0,0,1,0,0,1,0,0,0,3,0,0,0,1,5,0,1,0,0,0,0,2,1,1,0,0,0,0,1,0,0,0,0,1,0,0,0,0,0,0,0,0,0,0,1,0,0,0,0,2,0,0,2,0,0,2,0,0,0,0,0,1,1,0,2,0,0,1,0,0,0,0,0,0,0,1,0,0,0,0,0,0,1,0,0,0,0,0,0,0,0,2,0,0,0,0,0,0,0,0,0,0,0,1,0,0,3,0,1,0,0,0,0,5,1,1,0,0,0,1,1,0,0,0,0,0,2,0,0,0,1,0,0,0,0,0,0,0,0,0,0,2,0,0,0,0,2,1,0,0,0,1,0,0,0,2,0,0,1,0,0,1,0,0,1,0,0,0,0,1,2,1,0,1,2,1,0,0,0,0,0,0,1,0,0,0,1,0,2,0,0,0,0,0,0,2,0,4,3,2,0,0,0,0,0,0,0,3,0,0,2,1,0,0,0,0,0,0,2,1,0,0,0,1,0,0,0,2,0,0,0,1,0,2,0,0,0,1,0,0,2,0,0,2,0,1,0,0,0,0,4,1,2,0,1,0,0,0,0,1,0,1,1,0,0,0,3,2,0,0,0,0,1,0,0,0,0,0,4,2,1,0,2,0,0,0,0,0,0,0,1,0,0,1,0,0,1,1,0,0,0,1,0,0
GENE179,0,0,0,1,0,0,1,1,2,0,0,0,0,4,1,0,0,0,0,0,0,0,5,5,0,1,0,0,0,0,0,0,2,0,0,2,1,0,1,0,0,0,0,0,0,0,0,0,1,0,0,0,0,0,0,0,0,0,0,0,2,0,1,0,0,0,0,0,0,0,0,0,0,0,0,0,2,1,0,0,0,0,1,0,1,0,0,0,0,0,0,0,0,0,1,3,0,0,2,1,0,0,0,0,1,0,0,0,0,0,0,0,0,0,0,0,1,1,0,0,0,0,1,0,0,0,2,0,0,0,1,2,1,0,1,0,0,0,0,0,0,0,0,0,0,1,0,0,0,0,1,0,0,0,7,2,0,0,0,1,5,0,4,0,1,1,0,0,0,0,0,0,0,0,0,0,0,0,0,0,0,0,0,0,0,0,0,0,0,0,0,0,1,0,0,0,0,0,0,0,0,0,0,0,1,0,0,0,0,2,0,0,0,0,0,0,2,0,0,0,0,0,0,1,0,1,0,0,0,0,0,0,1,0,0,0,1,2,0,0,0,0,1,0,0,0,1,0,0,1,0,0,0,0,0,0,0,0,2,0,0,0,0,0,2,0,1,0,0,2,0,0,0,0,0,0,0,0,1,0,1,0,0,0,0,0,0,0,0,0,1,1,0,1,0,0,0,0,1,0,1,0,0,0,0,0,2,0,0,0,0,0,0,0,0,0,0,0,2,0,0,0,0,1,0,0,0,0,0,1,0,0,0,0,0,1,0,2,0,0,0,0,0,0,0,0,0,0,1,0,0,0,0,0,0,0,1,0,0,0,0,0,0,0,0,0,0,2,1,0,1,1,0,0,0,0,0,0,0,0,0,0,0,2,0,0,0,0,0,3,0,0,0,0,0,0,2,0,0,0,0,1,0,0,0,0,0,0,0,1,1,0,0,0,2,0,0,0,0,4,0,0,0,0,0,1,0,2,0,0,0,1,1,0,0,0,0,1,0,2,0,1,0,1,0,0,0,0,0,1,0,0,0,1,1,0,0,0,1,0,0,0,2,0,1,0,0,0,0,0,0,0,0,0,0,0,0,2,1,0,0,0,0,0,0,0,0,0,0,0,0,3,0,0,0,0,0,0,0,0,0,1,0,1,0,0,2,0,0,0,0,0,2,0,0,0,1,0,0,0,0,0,1,0,0,1,1,1,1,1,0,0,1,0,0,0,0,0,0,0,1,1,0,1,0,2,2,0,0,0,0,0,1,0,0,0,0,2,0,0,2,0,0,2,0,0,0,0,0,0,0,0,0,1,0,0,0,0,0,0,0,0,0,0,1,0,0,0,0,1,1,0,0,4,0,0,1,0,0,0
GENE180,4,0,0,1,0,0,0,0,0,0,0,1,1,0,0,0,0,0,1,0,0,1,2,0,0,7,2,0,0,0,0,0,0,1,0,2,1,1,2,3,0,0,0,0,1,0,0,0,0,1,0,0,6,0,0,0,0,0,1,2,0,0,0,0,1,0,2,0,0,2,1,0,0,0,0,1,0,0,1,3,0,0,1,0,0,1,1,1,0,0,0,0,0,0,0,0,0,0,0,3,0,0,0,0,1,0,1,0,0,0,0,0,0,1,1,0,0,0,1,0,0,1,0,0,0,1,0,0,0,1,0,0,0,0,4,0,1,0,2,0,0,0,0,0,0,0,0,1,0,0,0,0,0,0,1,0,1,0,0,0,0,0,2,0,0,1,0,0,2,0,0,0,0,0,0,0,0,0,1,0,0,0,2,0,1,0,0,1,0,0,0,0,1,0,1,0,1,2,0,0,0,0,0,0,0,0,0,0,0,0,1,0,0,0,0,1,1,0,0,0,0,1,0,0,0,0,0,0,0,0,1,0,0,0,0,0,0,2,0,0,0,0,0,0,0,0,0,1,0,0,0,1,0,0,1,0,0,0,0,0,0,0,0,0,0,0,0,0,0,0,0,0,0,0,1,2,0,2,0,0,0,3,0,0,0,1,3,0,0,0,0,0,0,4,0,0,0,0,0,0,0,1,0,0,2,0,0,1,0,1,0,0,0,3,1,0,1,1,2,0,1,1,0,2,0,0,1,0,0,0,0,3,0,0,0,0,0,1,0,0,0,0,0,0,0,0,0,1,0,0,0,0,0,0,0,0,0,1,1,0,0,0,0,0,0,1,1,0,0,0,0,2,0,0,1,0,1,0,0,0,2,0,0,0,0,0,0,0,0,0,2,2,0,0,0,0,0,0,1,0,0,2,1,1,1,0,0,0,0,1,0,0,0,0,1,0,0,0,0,0,0,0,0,0,0,0,0,0,0,2,0,0,0,0,1,0,0,4,0,0,0,0,1,1,0,1,0,0,0,2,0,0,0,0,0,2,0,0,0,0,0,0,0,0,0,0,0,1,0,0,0,0,0,0,0,0,0,2,0,0,0,3,0,0,1,1,0,1,0,0,0,0,0,0,1,0,0,0,0,1,2,0,1,2,0,0,0,0,0,0,1,6,0,0,1,0,0,2,0,0,2,1,0,2,1,0,0,0,0,0,0,1,0,0,0,0,0,1,0,0,0,0,1,0,3,0,1,4,0,0,0,1,0,0,0,1,1,0,0,1,0,0,0,0,1,0,0,0,2,0,0,0,0,2,0,0,0,1,0,0,0,0,0,1,0,1,1,0,2,0,0,0,0,0,0,0,2,0,0,0
GENE181,0,0,0,1,3,0,0,0,0,0,3,0,1,0,3,1,1,0,0,0,0,0,0,0,0,0,0,2,0,0,0,0,0,1,0,0,1,0,1,0,0,0,0,0,0,1,0,0,0,0,0,0,0,0,1,0,1,2,0,0,0,0,0,0,0,0,0,0,0,2,0,0,2,0,0,0,0,1,0,1,0,0,1,0,2,0,0,2,0,3,0,0,0,1,0,0,1,1,0,2,0,0,0,0,0,0,0,0,1,0,1,0,0,1,4,0,0,0,0,0,0,0,0,0,0,0,0,2,1,0,0,0,1,0,0,0,0,0,0,1,0,1,1,0,0,0,0,0,2,0,0,0,0,0,2,0,0,1,0,3,0,0,0,0,0,0,0,2,1,0,0,0,0,0,0,0,2,1,0,0,0,0,0,0,0,0,0,0,0,1,0,1,0,0,1,0,2,2,0,2,0,0,0,0,0,1,3,1,0,0,1,0,0,0,0,0,0,0,1,0,0,0,1,0,0,0,0,2,1,0,0,0,0,0,0,1,0,0,0,3,0,1,0,0,0,0,0,0,0,2,0,2,0,3,3,0,0,0,1,0,0,0,0,0,0,0,1,0,0,0,2,0,0,0,0,1,1,0,0,0,2,0,0,0,0,0,0,1,2,1,1,0,0,1,0,0,2,0,2,0,0,0,0,2,0,0,0,0,0,0,0,0,0,0,0,0,1,1,0,1,0,0,1,1,0,0,0,0,0,0,0,0,0,0,2,1,1,0,0,0,1,0,0,0,0,0,1,0,2,0,0,0,0,1,0,0,1,1,0,2,0,0,0,0,0,3,0,0,0,0,0,0,0,0,0,0,0,0,0,0,1,0,0,0,1,0,0,2,1,0,1,0,1,1,0,1,0,1,0,0,0,1,2,0,0,0,0,0,0,0,0,0,0,0,0,0,2,0,0,0,0,0,2,0,0,0,1,0,0,1,2,0,3,0,1,0,1,0,0,0,0,0,0,0,0,0,1,0,0,1,2,0,0,0,0,0,3,1,0,0,0,0,0,0,0,0,1,0,0,0,0,2,0,0,1,1,0,0,1,0,0,0,0,0,0,0,0,0,0,1,0,3,0,0,0,0,0,1,0,2,0,0,0,1,0,1,1,0,1,0,1,1,0,0,1,0,0,0,1,1,0,0,2,0,0,0,0,0,0,0,0,1,0,0,0,1,2,0,0,0,0,0,0,0,0,0,0,0,0,0,0,0,1,0,0,0,1,0,2,0,1,1,0,4,0,0,1,0,1,0,0,0,0,0,0,0,0,0,0,0,0,0,0,0,0,0,0,1,0,0,0,2,0,1,0,0,0,0,2,0
GENE182,0,0,1,0,1,0,0,0,0,0,0,0,0,0,0,1,0,0,0,0,0,1,0,0,0,1,0,0,0,6,0,0,0,0,0,0,0,0,0,0,0,0,0,0,2,0,1,0,1,0,0,0,0,0,0,0,0,0,0,0,2,0,0,0,0,0,0,0,0,0,0,0,1,1,0,0,0,1,2,0,1,1,0,1,0,1,0,1,3,0,0,0,0,0,0,1,0,1,1,0,1,0,0,0,0,0,0,0,1,0,0,0,0,0,0,0,1,0,0,1,0,0,0,0,0,0,0,1,0,0,0,0,0,0,0,0,0,0,0,0,0,1,0,0,0,0,0,0,0,0,0,0,0,1,1,0,0,2,0,0,0,0,1,0,0,0,0,0,0,1,1,0,0,3,0,0,1,0,0,0,0,0,0,0,0,0,0,0,3,0,0,1,0,0,0,1,0,0,0,0,0,0,4,1,1,0,2,0,0,2,0,1,0,0,0,0,0,0,1,0,1,0,0,0,1,0,2,0,0,0,0,0,0,0,1,0,1,0,1,0,0,0,0,0,0,0,1,1,2,0,0,0,0,0,0,0,0,0,0,0,3,1,1,0,0,0,0,0,1,1,0,0,0,0,0,0,1,0,1,0,0,1,0,0,0,0,0,1,0,0,0,0,0,0,0,0,1,1,0,0,3,0,1,1,0,0,0,0,0,0,0,0,3,2,0,0,0,0,0,1,0,0,0,2,0,0,0,1,0,0,0,0,0,0,0,0,0,0,0,0,0,0,0,0,0,0,0,0,0,0,1,0,0,1,1,1,2,0,0,1,0,0,0,0,0,1,0,0,0,1,0,0,0,0,0,0,1,2,0,0,0,0,0,0,1,0,0,0,0,1,0,0,1,0,0,0,2,0,0,0,2,0,0,2,2,1,0,0,1,0,1,0,1,0,0,0,0,0,0,0,0,1,0,0,1,0,0,0,0,1,0,1,0,1,1,0,2,0,0,0,0,0,0,0,0,2,0,0,0,0,0,0,1,0,1,0,0,0,0,0,0,0,1,0,0,0,0,0,0,0,0,0,0,0,0,0,0,1,0,0,0,1,0,0,0,4,1,0,2,2,0,1,0,0,0,0,0,0,0,0,2,0,0,0,0,0,0,1,0,0,1,0,0,0,0,1,0,0,0,0,0,0,0,0,0,0,0,0,0,0,0,1,1,0,0,0,0,0,0,0,0,0,0,1,0,0,0,0,0,0,2,0,0,0,0,2,0,1,1,2,0,0,2,0,2,0,1,0,1,0,0,0,0,0,0,0,0,0,6,1,0,0,0,0,1,0,1,0,3,0,0,0,0,0,0,0,2,1,0,0
GENE183,0,0,0,1,1,1,0,1,0,0,1,0,0,2,0,0,0,0,0,0,0,1,0,2,1,1,0,1,0,0,0,0,3,0,0,3,0,0,1,1,2,0,0,0,0,0,0,0,1,0,2,0,6,1,0,0,0,0,0,0,2,0,0,1,0,0,0,0,0,0,0,0,0,0,1,1,0,0,1,0,0,0,0,0,0,0,0,1,0,0,0,1,0,0,0,0,0,0,0,0,0,0,0,0,0,0,0,2,0,0,0,0,0,0,0,0,2,0,1,0,0,0,1,0,0,0,0,0,0,0,0,0,0,0,0,1,1,2,0,0,0,1,0,0,0,0,1,0,1,0,0,2,0,0,1,0,0,0,0,0,0,0,0,0,0,0,0,0,0,1,0,0,0,0,1,0,0,0,0,0,0,0,0,0,0,0,0,0,0,0,0,1,0,2,1,0,0,0,0,0,2,0,2,0,0,0,0,0,0,1,0,0,0,1,0,0,0,0,0,0,0,0,0,0,0,0,0,0,2,0,0,0,0,0,0,0,0,0,1,0,0,0,0,0,1,0,0,0,1,0,0,0,0,0,0,0,0,0,2,0,0,1,0,3,0,1,0,0,1,1,0,0,1,0,1,1,1,4,2,0,0,0,0,0,0,0,4,0,0,1,0,1,0,3,0,0,0,0,1,0,1,0,1,0,0,2,1,0,0,0,0,0,1,1,0,0,0,0,0,1,1,0,0,0,0,1,0,1,3,1,1,0,0,0,0,1,1,0,0,2,1,0,1,2,0,0,1,0,2,1,2,2,0,0,0,0,0,0,0,0,0,1,0,1,1,1,1,1,0,0,1,0,0,2,0,0,0,0,0,3,0,0,0,0,0,0,0,3,1,7,0,0,0,0,0,0,0,0,0,0,0,0,0,0,0,5,0,0,0,4,0,0,1,0,0,0,0,1,0,0,0,1,0,0,0,0,0,0,0,1,0,0,2,0,0,0,0,0,0,4,0,0,0,0,0,1,2,0,0,0,2,0,0,0,0,1,1,0,2,0,1,1,0,0,0,0,0,2,0,1,0,0,0,0,0,0,0,1,1,1,0,0,2,2,0,0,2,1,0,0,0,0,0,0,0,0,0,0,0,0,0,0,0,0,1,0,2,0,1,1,0,0,0,0,1,1,0,0,1,0,0,3,0,0,0,1,1,0,0,0,0,1,1,0,0,0,1,0,1,0,0,2,0,3,1,0,0,1,0,0,0,1,0,0,0,0,0,0,0,0,0,0,0,0,0,0,0,0,0,1,0,0,0,0,0,0,0,0,0,0,0,1,0,0,0,0,0,0,2,0,0,0,0,0,0,1,0,1,0,0
GENE184,1,1,0,0,0,0,0,0,0,0,0,0,0,0,0,0,0,0,0,0,0,1,0,0,0,0,0,1,0,2,3,0,1,0,0,2,0,0,0,0,0,0,0,0,1,0,0,1,0,0,1,1,1,0,0,0,0,0,0,0,0,0,0,0,0,2,0,0,0,0,0,0,0,1,0,0,2,0,0,0,0,4,0,2,1,0,0,2,0,1,0,1,0,0,0,0,0,0,0,0,0,0,0,0,0,1,0,0,0,0,3,1,1,0,0,1,0,0,0,0,0,0,0,0,0,0,0,5,0,0,0,1,0,0,0,1,0,0,0,0,2,1,0,0,0,0,0,0,0,0,0,0,0,0,2,0,0,0,1,0,0,0,0,0,0,0,0,0,0,0,0,0,1,0,1,1,0,2,0,0,0,2,0,1,2,0,1,0,0,0,0,0,2,0,1,0,0,1,2,0,0,0,0,0,0,2,0,0,0,0,0,0,1,0,1,2,1,0,0,0,0,0,0,0,1,0,0,1,0,0,0,0,0,1,0,0,0,0,0,0,0,0,0,0,0,0,1,0,2,2,0,2,0,0,4,1,0,0,1,1,0,0,0,0,2,0,0,1,3,1,0,0,0,0,1,0,0,0,1,0,2,0,1,1,0,1,0,0,1,0,0,0,1,0,0,0,0,0,0,0,0,0,0,0,0,1,0,0,1,0,1,0,0,0,0,0,0,1,0,0,0,1,1,0,0,0,0,0,0,0,0,1,0,0,1,1,0,0,1,1,0,0,0,1,0,2,0,2,0,0,0,0,0,0,0,0,0,0,0,2,0,1,0,0,0,0,2,1,0,0,0,0,2,1,0,0,0,0,0,0,0,1,0,1,0,1,0,0,0,0,0,0,0,0,0,0,2,0,0,0,0,0,0,0,0,0,0,1,0,0,1,1,0,0,0,0,0,0,0,0,1,2,0,0,1,1,0,0,0,0,1,0,0,0,0,1,0,2,0,1,0,0,0,0,1,0,2,0,0,2,1,1,1,0,1,0,1,1,0,0,0,0,0,1,2,0,0,0,0,0,0,0,0,0,0,0,1,0,0,1,2,1,0,0,0,0,0,0,0,0,0,0,0,0,0,0,0,0,0,0,0,0,1,0,0,0,3,0,0,1,2,4,0,0,0,0,0,0,0,0,1,0,1,0,0,1,0,0,1,0,1,1,0,1,1,0,2,0,0,1,1,1,0,0,0,0,0,1,0,0,0,0,0,0,0,0,0,3,0,0,0,0,4,1,0,0,1,0,1,0,0,0,1,0,0,0,1,0,0,0,0,1,0,1,0,0,0,0,1,0,0,1,0,0,0,0,0,0,0,0
GENE185,0,0,0,0,0,1,0,0,0,0,0,0,1,0,1,0,0,0,0,0,0,0,2,0,1,0,1,2,0,0,0,3,4,0,0,0,0,0,2,0,1,0,0,0,0,0,0,0,0,0,0,0,3,0,0,0,0,0,0,2,0,0,0,0,0,0,0,0,0,0,0,0,0,0,1,0,0,2,0,0,0,0,0,0,0,1,0,0,1,0,1,0,0,0,0,0,1,0,0,0,1,0,0,0,0,0,1,0,0,2,0,0,0,0,0,0,0,0,0,0,0,0,2,0,0,0,0,0,1,0,0,0,0,0,1,0,0,2,0,0,0,0,0,1,0,0,1,0,0,0,0,0,0,0,1,0,0,0,1,0,0,0,0,0,0,0,0,0,0,0,0,0,0,0,0,1,0,0,2,0,0,0,1,0,0,0,0,0,0,0,0,0,0,0,0,0,0,0,0,0,0,0,0,0,2,1,0,0,1,0,0,0,0,0,1,2,0,0,1,1,0,0,1,0,0,1,0,0,0,0,2,0,0,0,1,1,1,0,0,0,0,0,0,0,0,0,1,0,0,1,0,0,0,4,0,0,0,0,0,0,0,0,0,1,0,0,1,0,0,1,0,0,2,0,3,0,0,0,0,2,0,0,0,0,0,0,3,3,0,0,0,0,0,1,0,0,1,0,0,1,0,0,2,2,0,0,1,0,1,0,1,0,0,0,1,1,0,0,0,0,0,0,0,0,0,1,1,0,0,0,0,1,0,0,1,0,0,2,0,1,0,0,0,0,0,0,0,0,1,0,0,0,1,0,1,1,0,0,0,1,0,0,0,0,0,1,0,0,0,0,0,0,0,0,0,1,0,1,0,0,0,0,1,0,0,1,0,0,1,0,0,0,0,1,0,1,1,0,1,0,0,0,1,0,1,0,0,3,0,0,0,0,0,0,0,1,0,0,0,0,0,0,3,1,0,0,0,0,2,1,1,1,0,0,0,0,0,0,1,1,0,3,0,2,0,0,3,0,1,0,0,0,0,0,0,2,1,0,0,0,0,0,0,0,0,3,0,1,1,1,0,0,0,0,0,0,0,3,1,0,0,2,2,0,1,0,0,0,0,0,0,1,0,0,2,1,0,0,1,0,0,0,1,0,1,0,0,1,0,0,0,2,0,0,0,0,0,0,0,0,0,0,0,0,0,0,0,0,0,3,0,1,2,0,1,0,1,0,0,0,0,0,0,0,0,0,0,0,1,0,1,0,0,0,0,0,0,1,0,0,0,0,2,0,3,0,0,0,0,0,1,0,0,0,3,0,0,0,0,0,0,0,0,0,0,0,0,1,0,0,0,2,0,0,1,0,0,1,3,2
GENE186,0,0,0,3,0,0,2,0,0,0,0,0,0,0,0,1,0,1,0,0,0,0,0,0,4,4,1,0,0,2,0,0,0,0,0,1,1,0,0,0,0,0,0,0,0,0,0,0,0,0,0,0,0,0,1,0,1,0,0,0,0,0,0,0,0,0,0,0,0,0,0,0,0,0,1,0,0,0,1,0,0,0,0,1,1,1,0,1,0,0,0,0,0,1,0,0,0,0,0,0,0,0,0,2,1,0,0,0,0,0,0,0,3,2,2,0,0,1,1,0,0,0,0,0,0,0,0,0,0,0,0,0,0,0,0,0,1,0,0,0,0,0,0,0,0,0,0,1,1,0,0,0,0,0,1,0,1,0,1,2,0,0,0,0,1,0,0,0,0,0,1,0,0,0,0,1,0,0,1,0,1,0,0,0,0,1,0,0,0,0,0,0,0,3,0,0,0,0,0,0,0,0,0,0,1,0,0,1,0,1,2,1,0,0,0,1,0,0,0,2,1,0,2,0,1,1,0,3,0,0,0,0,0,1,0,2,0,0,0,0,0,1,1,0,1,0,0,0,0,1,0,0,0,0,0,0,0,0,1,0,0,1,0,0,1,0,0,0,0,0,0,0,0,0,0,1,0,0,0,0,0,0,0,0,4,0,1,3,0,0,0,0,0,0,0,0,0,0,0,1,0,0,0,0,0,0,1,2,0,1,1,1,1,0,0,0,1,2,0,2,1,0,0,1,0,0,0,0,1,1,1,0,0,1,0,0,0,0,3,0,1,2,2,0,1,1,0,0,0,0,0,0,0,1,3,1,1,0,0,0,1,0,0,0,0,0,0,0,0,0,0,0,0,0,0,1,0,1,3,0,0,0,1,0,3,0,0,0,1,2,3,0,0,1,0,0,2,0,0,0,0,0,0,0,0,0,0,0,0,0,0,0,0,0,0,0,0,0,0,0,0,0,0,0,1,0,0,0,2,0,0,0,0,0,0,0,0,0,0,0,0,0,0,0,0,0,0,0,1,0,0,0,0,0,0,0,0,0,0,0,0,0,0,1,0,0,0,0,0,0,0,0,0,1,0,0,0,0,0,2,1,0,0,1,1,1,0,0,0,0,2,0,1,1,0,0,2,0,0,0,0,0,0,0,0,0,1,0,0,1,0,1,0,0,0,1,2,0,1,0,0,0,0,0,0,1,1,3,0,0,1,0,0,0,0,0,0,0,0,0,0,0,2,0,0,0,0,0,0,0,0,0,2,1,0,0,0,0,3,2,0,0,0,0,1,0,0,0,0,1,0,0,0,0,0,0,0,1,0,0,0,0,0,0,0,0,0,2,0,0,0,0,1,0,0,0,2,0,0,1
GENE187,0,1,0,0,2,0,0,0,0,2,0,0,0,2,0,0,0,0,1,1,0,0,1,0,0,0,0,0,0,0,1,0,1,1,1,0,0,0,0,0,0,0,0,0,0,0,0,1,0,4,0,0,1,1,0,0,1,1,0,0,0,0,1,1,0,0,0,0,1,0,0,0,0,0,0,0,0,0,0,0,0,0,1,0,1,0,0,0,1,0,0,3,0,0,0,0,0,0,0,0,0,0,2,1,0,0,0,3,1,1,0,0,2,1,0,0,0,0,0,1,0,2,0,2,0,0,0,0,0,0,0,1,1,0,0,1,0,1,4,2,0,0,0,0,0,0,0,0,0,0,0,0,1,1,0,0,0,0,0,2,0,0,0,0,0,0,0,0,0,0,0,1,0,0,0,0,1,0,1,0,0,0,1,0,0,0,2,1,1,0,1,0,0,1,0,0,0,0,0,0,0,0,0,0,1,0,0,0,0,0,1,0,0,0,0,0,0,0,1,0,0,0,0,0,1,0,0,0,2,0,0,0,0,0,0,1,1,0,1,0,0,0,0,1,1,0,0,0,2,0,0,0,0,2,0,0,0,0,0,0,0,0,0,2,0,1,0,0,1,0,0,0,0,0,0,0,0,2,1,0,0,0,0,0,2,0,0,0,0,0,1,0,0,0,0,0,0,0,0,1,0,0,0,0,0,0,0,0,0,0,0,0,1,0,0,0,0,0,1,0,0,0,0,0,0,0,1,0,1,0,0,0,0,0,0,0,0,1,0,0,0,0,0,1,0,1,0,0,0,0,0,0,0,1,1,0,0,1,0,0,0,0,0,0,2,1,0,0,0,1,0,0,1,0,0,0,0,0,0,0,1,1,0,0,2,0,1,0,0,2,0,0,0,2,0,1,0,1,1,0,0,0,1,2,0,1,0,3,0,0,1,1,0,1,0,0,1,3,0,0,0,0,0,1,0,0,1,0,0,2,0,0,0,1,2,0,0,0,0,1,0,0,0,0,1,0,0,1,0,0,0,0,3,0,0,0,0,0,1,0,0,0,0,1,0,0,0,0,2,0,5,1,1,0,0,0,0,0,1,1,1,0,0,0,0,1,0,0,1,0,0,0,0,0,0,0,0,0,0,0,0,0,2,0,0,0,0,0,0,0,0,0,0,0,0,0,0,0,0,0,0,0,8,0,0,0,0,1,0,0,0,2,0,0,0,1,2,0,0,0,1,0,1,0,1,2,0,0,0,0,0,0,1,0,0,0,0,0,0,0,5,0,0,0,0,0,0,0,1,0,1,0,0,0,0,0,1,0,0,0,0,0,0,0,0,3,0,0,1,0,0,1,0,1,1,0,0,0,2,0
GENE188,1,0,1,0,2,0,0,0,0,0,0,0,0,1,0,0,0,0,0,1,1,0,0,0,2,0,0,0,0,0,0,0,0,0,0,4,0,0,0,1,0,0,1,0,0,0,0,0,0,4,1,0,2,0,0,2,0,1,0,1,0,0,1,1,0,0,0,0,0,0,0,0,0,0,0,1,0,1,0,0,0,0,0,1,0,0,1,0,1,0,0,0,0,0,0,0,0,0,2,0,0,0,0,0,0,0,0,0,0,0,0,1,0,0,0,0,0,0,1,0,0,0,0,0,2,3,1,2,3,0,1,0,2,0,1,0,0,0,0,0,0,0,0,0,0,0,0,0,0,0,0,0,0,0,1,0,1,2,0,0,0,0,0,0,1,2,0,1,0,1,2,0,1,0,0,0,0,0,1,0,0,0,0,0,0,0,0,1,0,1,1,1,0,0,1,0,0,2,0,0,1,0,0,0,0,0,1,0,0,2,0,0,0,0,0,1,0,0,0,0,0,0,0,0,0,0,0,0,0,0,0,0,0,0,2,0,1,0,0,0,0,0,0,0,1,0,0,1,0,0,0,0,2,0,1,0,1,0,0,0,0,0,0,0,1,0,0,0,0,0,1,1,0,0,0,0,0,1,0,0,1,0,2,0,4,0,0,0,0,0,0,0,0,0,0,0,0,0,0,0,0,0,0,0,0,1,0,1,0,1,1,0,0,1,0,1,1,0,0,0,0,1,0,2,0,0,1,0,0,0,0,1,0,0,0,0,0,2,0,0,0,0,0,0,0,0,0,0,0,0,0,0,0,0,0,0,0,0,0,0,2,0,0,0,2,0,1,1,0,0,0,0,0,0,2,1,1,1,0,0,1,1,0,2,0,1,0,1,0,0,0,1,0,0,0,0,0,0,0,0,0,0,0,1,0,0,0,0,0,0,1,0,0,0,0,0,0,0,1,0,0,0,0,1,3,1,0,0,1,0,0,0,1,0,0,0,0,0,0,2,0,1,0,0,0,1,0,0,1,0,0,0,0,0,0,1,0,0,2,0,0,2,0,0,0,1,0,0,0,0,0,0,0,0,0,0,0,0,0,1,0,0,1,0,0,0,0,0,1,1,0,1,3,0,1,0,0,2,0,0,0,0,0,0,0,1,3,0,0,0,0,0,0,0,1,0,0,0,4,3,1,0,0,0,0,1,2,0,0,0,0,0,2,0,1,0,0,0,0,0,0,0,1,0,0,1,0,0,0,0,0,0,0,0,0,0,0,0,0,0,0,0,0,1,0,0,0,0,0,1,0,0,0,0,0,0,0,0,0,0,1,0,0,0,3,2,2,1,0,0,0,2,0,0,0,0,1,0,0,0
GENE189,0,0,0,1,1,0,2,1,0,0,0,0,0,1,0,0,0,0,0,0,0,0,0,0,1,0,0,0,1,0,0,0,0,2,0,0,1,0,1,0,0,0,0,0,0,0,0,1,0,0,0,0,0,0,0,0,0,0,0,0,0,0,0,0,0,0,0,0,0,0,0,0,0,0,0,0,0,0,1,1,0,0,0,0,4,0,0,1,2,0,0,0,0,1,0,0,1,0,0,0,0,0,1,0,0,1,0,0,0,0,0,0,0,0,1,0,0,1,0,1,3,0,0,0,0,0,1,2,1,0,0,0,0,1,0,0,0,0,1,0,0,0,1,0,0,1,0,0,1,0,0,0,0,0,1,0,0,1,0,0,0,0,0,0,0,0,0,0,0,0,0,0,0,0,1,1,0,0,0,0,0,0,0,0,0,0,0,2,0,0,0,0,0,0,0,1,0,1,0,0,2,0,0,0,1,0,0,0,0,0,1,2,1,0,0,0,1,0,0,0,0,1,1,0,0,0,0,0,0,1,0,0,0,0,0,0,0,0,0,1,1,0,0,0,0,0,0,1,0,0,0,0,1,0,0,0,0,1,0,3,0,1,1,0,1,0,0,0,0,1,0,0,1,0,0,1,0,0,0,0,0,0,0,0,1,1,0,0,0,0,1,1,2,0,0,0,1,0,0,0,0,1,0,0,0,1,0,0,0,0,0,0,0,1,1,0,0,1,0,0,1,2,0,1,0,0,1,0,0,1,0,2,0,0,0,0,0,0,0,0,0,0,0,0,0,0,0,0,0,0,0,0,0,0,0,0,0,0,0,0,0,0,0,0,1,0,0,3,3,0,0,0,0,1,1,1,1,0,1,0,0,1,0,1,0,0,0,2,0,0,0,1,0,0,0,0,0,0,0,0,0,0,0,0,3,0,0,0,0,2,0,0,2,0,0,0,0,1,0,0,1,0,0,0,0,0,0,0,1,0,1,0,2,0,0,0,0,0,0,0,0,0,0,0,1,0,0,0,0,0,0,1,1,1,0,0,0,0,7,0,1,0,1,0,0,0,0,1,0,1,3,0,0,0,1,0,0,3,0,0,0,0,0,1,0,1,0,0,0,1,0,1,0,0,1,0,0,0,0,0,0,0,1,0,0,0,0,0,0,0,0,0,0,1,0,2,0,0,1,0,1,0,1,1,0,1,1,1,0,1,1,0,1,0,1,1,0,0,0,1,0,0,3,1,0,0,0,0,0,0,1,0,0,0,0,0,2,0,0,0,0,0,0,0,0,1,0,0,0,3,0,3,0,0,0,0,2,0,0,0,0,0,0,0,0,0,0,0,1,0,0,0,0,1,0,0,0,1,0,0
GENE190,0,0,0,0,0,0,0,0,0,0,0,0,0,2,1,0,0,3,0,1,1,0,0,0,1,2,0,0,0,0,0,0,0,0,0,0,0,0,1,0,2,0,0,1,0,0,1,0,0,0,0,0,0,0,0,1,0,0,0,0,2,0,0,0,0,3,1,0,0,0,0,1,1,1,0,3,0,0,0,0,0,0,0,0,0,0,0,0,0,0,0,1,1,0,0,0,0,0,0,0,0,0,0,0,3,0,0,2,1,0,0,0,0,0,0,0,1,1,0,0,0,0,0,0,2,0,1,0,3,0,0,0,0,0,0,0,0,0,0,0,0,0,0,0,0,0,2,0,0,2,0,0,0,0,1,0,0,1,0,0,0,0,0,0,0,0,0,1,0,1,0,1,1,0,0,0,0,0,0,2,0,0,0,0,0,1,0,0,0,0,0,2,1,0,0,0,1,0,0,2,0,0,0,0,0,0,0,0,1,0,2,1,0,0,0,0,0,1,5,0,1,0,0,0,0,0,0,0,2,0,1,0,0,0,0,0,0,0,0,0,1,0,0,2,2,0,0,0,0,0,0,0,0,2,1,0,0,0,0,0,0,0,1,0,0,5,0,0,0,0,0,0,5,0,3,0,0,0,0,0,0,2,0,0,0,0,0,0,0,0,0,0,1,0,0,0,0,0,0,1,0,0,1,4,0,0,1,2,1,0,1,0,1,0,0,0,0,0,0,0,0,0,0,0,0,0,0,0,0,0,0,0,0,0,0,1,0,0,0,0,2,0,0,2,0,0,0,0,0,0,1,3,0,0,0,0,0,1,0,0,1,0,0,0,1,0,0,1,0,0,0,0,1,0,1,0,3,0,2,0,0,0,0,0,1,0,0,0,0,0,0,0,0,0,0,0,2,0,0,1,1,0,0,0,0,3,0,0,0,0,0,0,0,0,0,2,0,0,1,0,0,0,0,0,1,1,1,1,0,0,0,0,0,0,0,0,0,0,0,0,1,0,0,0,0,0,1,0,0,0,0,0,0,0,0,0,0,0,0,0,0,0,1,0,0,1,0,1,0,2,0,1,0,2,0,0,0,1,0,1,0,2,0,2,0,0,1,0,0,0,0,0,0,3,0,0,0,3,1,0,1,0,1,0,0,0,1,2,1,0,0,0,0,0,0,0,0,0,1,0,0,0,3,1,0,0,0,1,0,0,0,0,0,0,0,0,0,0,0,0,1,1,0,1,0,3,0,3,0,0,1,0,0,0,1,0,1,0,0,0,0,1,1,4,1,0,0,0,0,0,0,1,0,0,1,1,0,0,0,0,0,0,0,0,0,0,2,0,0,0,0,0,1,1,0,2,2,0,0,0
GENE191,0,0,0,0,0,0,0,0,0,0,0,1,0,0,0,0,3,2,0,0,2,1,1,0,0,3,2,1,0,0,0,0,0,0,0,1,2,0,0,0,1,0,0,0,0,0,0,0,0,0,0,0,0,0,0,2,1,0,0,4,1,0,0,0,0,2,0,0,0,0,1,1,1,0,1,0,0,1,0,1,0,0,0,1,0,0,0,0,0,0,1,0,0,0,0,0,1,0,0,0,0,0,0,1,1,0,0,1,0,2,1,2,0,0,1,2,1,0,0,0,1,1,0,1,0,0,0,0,0,0,0,2,0,0,0,0,0,0,0,0,1,0,0,0,0,0,0,0,0,1,0,1,0,0,1,0,1,1,2,0,0,0,0,1,0,0,0,1,0,3,0,0,0,0,0,0,0,2,2,0,0,0,0,0,0,0,0,1,0,0,0,0,0,0,1,0,1,0,1,0,1,0,0,0,1,0,0,0,0,0,0,0,1,0,1,1,0,0,0,2,0,0,1,0,3,1,0,0,0,0,0,0,1,1,2,0,1,0,0,0,2,0,0,2,0,0,0,0,0,0,0,0,1,0,0,0,1,0,0,0,0,0,0,0,0,1,1,0,1,1,0,0,0,0,0,0,0,0,0,0,1,0,0,0,0,0,0,0,0,0,0,1,0,0,0,0,0,0,0,0,1,0,0,4,0,0,0,1,0,0,0,0,2,1,0,1,0,0,1,1,0,0,0,0,0,0,1,0,0,1,1,0,0,1,1,3,0,2,0,0,0,1,2,1,1,1,1,2,0,0,2,0,0,1,1,0,0,0,0,0,0,0,0,0,0,0,1,0,0,1,0,0,0,2,0,0,0,1,0,1,0,1,0,0,1,0,1,0,0,0,2,0,1,0,0,0,0,0,0,1,0,0,0,0,0,2,0,0,0,0,0,0,1,0,0,0,0,1,2,1,0,0,1,0,0,0,0,1,0,1,0,1,0,0,0,1,0,3,2,1,0,0,0,0,0,0,0,1,0,0,1,1,2,1,0,0,0,0,0,0,0,0,0,0,0,1,0,0,0,0,0,0,1,0,0,1,0,0,0,0,0,0,4,0,1,0,0,0,0,0,1,0,0,1,0,0,0,5,0,0,0,0,0,1,0,0,0,2,0,0,1,1,1,0,1,0,0,1,1,0,0,1,0,0,0,0,0,0,0,0,0,1,0,3,0,0,0,0,0,1,0,3,0,0,0,1,0,0,1,0,1,3,1,1,1,1,0,1,0,0,0,0,0,0,2,0,0,0,3,0,0,0,1,0,3,0,0,0,0,0,0,0,0,1,0,0,0,1,1,0,0,1,0,0,0,0,1,0,0,0
GENE192,0,0,1,0,1,1,0,0,3,0,0,0,1,1,2,0,0,2,0,0,0,1,1,1,0,2,0,0,2,0,0,0,1,0,0,0,0,0,0,0,6,2,0,0,0,0,0,0,0,3,1,0,0,0,0,0,0,0,0,1,0,0,0,0,0,2,0,0,1,1,0,2,0,0,0,0,1,3,0,1,0,0,1,0,0,1,0,1,0,0,0,1,0,0,0,0,0,0,0,0,1,0,0,0,2,1,0,0,0,0,0,0,1,0,0,0,1,0,0,0,0,2,1,0,0,0,0,0,1,0,0,2,0,0,4,0,0,1,1,1,1,0,0,1,0,0,3,0,0,0,0,0,0,0,1,0,0,0,0,0,1,0,0,1,0,0,0,1,0,0,1,0,0,0,0,0,1,0,0,0,0,1,0,0,0,1,0,0,0,0,0,0,0,0,0,0,0,0,0,0,0,2,0,0,0,0,2,0,2,4,0,0,0,0,0,0,0,1,0,1,0,0,0,0,1,1,0,0,0,0,0,1,0,0,0,0,1,0,0,0,0,0,0,0,1,2,0,0,1,3,0,0,0,0,0,0,0,0,0,0,0,0,0,0,0,1,0,1,0,1,0,0,0,0,0,0,0,1,2,0,2,0,0,0,1,0,0,0,0,0,0,0,0,0,0,1,0,0,0,1,0,0,0,0,0,1,0,0,0,0,2,1,0,1,0,1,0,0,0,0,0,0,0,5,0,1,0,1,0,1,1,0,0,0,0,0,0,0,0,0,4,0,1,0,0,0,0,0,0,0,0,0,0,0,1,0,0,1,0,0,1,0,0,0,3,0,3,0,0,1,0,0,0,0,0,0,0,0,0,0,0,1,0,0,0,0,0,0,0,1,0,0,0,0,0,0,0,0,0,1,0,0,0,0,2,0,0,0,0,0,0,0,2,0,1,0,0,0,1,3,0,0,3,0,0,0,0,0,1,0,0,0,2,0,1,0,0,0,0,1,0,0,0,0,0,0,0,1,0,0,0,0,0,0,2,0,0,3,0,0,0,0,0,1,0,0,0,0,0,0,0,0,0,0,0,0,0,0,0,1,0,0,0,0,0,1,0,0,0,0,1,1,0,0,0,0,1,0,0,0,2,0,0,0,0,0,0,0,4,0,0,2,0,0,0,0,0,0,2,0,1,0,0,0,0,0,0,0,0,0,0,0,0,0,3,1,0,0,0,0,0,0,0,0,0,0,0,0,0,0,1,1,0,0,1,1,3,0,0,1,0,0,3,0,0,0,1,1,0,0,0,1,1,0,0,0,0,0,0,0,0,0,0,2,0,0,0,0,0,0,1,0,0,0,0,0,0,4,0,1
GENE193,0,0,0,0,0,1,0,0,0,0,3,0,0,0,0,3,0,0,1,1,0,0,1,4,0,0,0,0,0,4,0,0,0,0,0,0,0,0,0,0,1,1,0,0,0,0,1,0,0,0,1,0,0,0,2,2,0,1,0,0,1,1,0,2,0,0,0,0,0,0,0,0,1,0,0,0,0,0,0,0,0,0,0,0,1,0,0,0,0,0,1,1,0,0,0,0,0,0,1,2,0,0,0,0,0,0,0,0,0,0,0,0,0,0,0,0,0,1,1,0,0,0,0,0,0,0,0,0,3,1,0,1,1,0,0,0,0,0,0,2,0,0,0,0,0,0,0,0,0,1,0,0,0,0,1,1,2,1,0,0,0,0,0,2,0,1,0,0,0,1,1,0,3,0,0,0,0,0,0,0,0,0,0,0,0,0,0,0,2,0,2,0,3,1,0,0,0,0,0,0,0,0,0,0,1,0,0,0,0,6,0,0,0,0,0,0,0,0,0,0,0,0,0,0,0,0,0,1,0,0,0,0,0,0,1,0,0,0,0,0,2,0,0,0,0,0,0,1,0,0,0,0,0,1,1,0,0,0,0,0,0,0,0,0,0,2,0,0,0,1,0,2,0,0,0,1,0,0,0,0,0,0,0,1,0,1,0,0,2,0,0,0,0,0,0,0,0,0,0,0,1,1,1,0,0,0,0,0,0,0,0,1,0,0,0,0,0,0,1,0,0,0,0,0,1,0,0,0,0,0,0,2,0,1,0,0,0,0,0,0,6,0,0,0,0,0,0,0,2,0,2,0,0,0,0,0,0,2,0,0,0,0,0,0,0,0,1,0,0,0,2,0,0,0,0,0,1,1,0,0,0,0,0,1,1,0,0,0,2,0,0,1,0,0,1,0,0,0,0,0,0,0,0,0,0,1,2,0,0,0,0,2,0,0,0,0,0,0,2,0,1,0,0,0,0,2,2,0,0,0,0,0,3,0,0,1,0,0,1,0,0,0,0,0,0,0,0,0,1,0,0,0,3,0,0,0,4,0,1,1,0,0,0,1,0,0,0,0,0,0,1,0,0,0,0,0,0,0,0,0,2,0,0,0,0,0,0,2,0,3,0,2,0,0,2,0,0,0,1,0,0,0,0,0,0,1,0,0,2,0,0,1,6,0,0,0,0,0,0,0,0,0,0,0,0,0,0,0,0,1,0,0,4,1,0,2,2,0,0,0,0,0,0,0,1,0,0,1,1,2,1,0,0,0,0,0,0,0,0,0,0,0,0,0,0,1,1,0,1,2,0,2,1,0,0,0,2,0,0,0,0,0,0,0,0,1,2,0,1,1,0,2,0,3,1,1,2,0,0,0
GENE194,0,2,0,0,0,0,1,0,1,0,0,0,0,1,1,0,0,0,0,0,2,1,0,0,0,3,1,1,1,2,0,1,0,0,0,1,0,0,0,1,0,3,0,0,0,0,0,0,0,0,0,0,0,0,0,0,0,0,0,0,0,0,1,0,0,0,0,0,0,1,0,1,0,0,0,0,1,0,0,1,0,0,0,0,0,0,0,0,1,0,0,0,0,0,0,1,0,0,2,1,0,3,0,1,2,0,0,0,0,0,0,0,0,0,0,0,0,0,1,0,0,0,0,1,1,0,0,0,3,0,0,0,0,0,0,1,0,0,0,0,0,0,1,0,0,2,0,0,0,0,0,3,0,0,0,1,1,0,2,0,0,0,0,0,0,0,1,0,1,0,0,0,0,0,0,1,0,0,0,0,0,0,0,1,0,0,3,1,0,0,0,1,0,0,1,3,2,0,0,1,0,0,1,0,0,0,0,0,0,4,0,0,0,1,0,0,0,0,0,1,2,1,0,1,1,0,0,1,0,1,0,0,1,0,0,0,1,4,0,0,0,0,0,0,0,0,0,0,0,2,0,0,0,0,1,3,3,2,0,0,0,0,0,1,0,0,0,2,2,0,0,0,0,0,2,0,0,0,1,1,0,0,0,1,0,0,1,0,0,0,0,0,1,1,0,0,1,0,0,0,0,1,0,0,0,0,0,1,0,0,0,0,0,0,0,0,0,0,0,0,0,0,1,1,0,0,1,0,2,0,0,3,0,0,0,0,0,1,0,0,0,1,2,0,0,0,0,0,0,0,0,0,0,0,0,0,0,0,0,0,1,0,0,0,4,2,1,0,4,0,0,0,0,0,0,0,0,0,0,1,2,0,0,0,1,0,0,1,1,3,0,1,0,0,0,2,0,0,0,1,0,0,0,0,0,0,0,0,0,1,0,0,0,0,1,0,0,0,0,0,0,0,3,0,0,0,0,1,0,0,0,0,0,0,0,1,0,1,0,0,0,1,0,1,1,0,0,0,1,0,0,1,0,0,0,0,2,0,1,1,1,0,0,0,0,1,0,0,0,1,0,0,0,0,1,0,1,0,0,0,0,0,0,1,0,4,0,0,1,1,0,0,0,0,0,0,0,0,0,0,1,0,0,2,0,0,2,0,0,1,1,2,0,0,0,2,0,0,0,0,1,0,1,0,0,1,0,0,0,0,0,1,0,1,0,0,1,0,0,1,1,0,0,0,0,0,0,2,1,0,1,0,0,0,0,0,0,0,0,0,0,0,0,1,0,0,0,0,4,1,0,0,0,0,0,0,0,0,0,1,0,1,0,0,0,0,0,0,3,0,0,2,0,0,0,0,2,0,0,1
GENE195,1,1,2,0,0,0,0,1,0,1,0,0,0,0,0,0,2,5,0,0,0,0,0,0,0,0,1,0,0,0,0,0,0,1,0,0,0,1,0,2,1,1,0,1,1,0,0,2,0,0,0,0,1,0,0,0,0,0,0,0,0,0,0,0,0,2,0,0,0,0,0,0,0,0,0,1,0,0,1,0,0,0,1,0,0,1,0,0,1,0,1,0,1,0,0,0,1,0,0,0,0,1,0,0,0,0,0,0,0,0,1,0,0,0,0,0,1,0,0,0,0,0,0,0,1,1,0,2,0,1,2,0,1,0,0,1,0,0,0,0,0,2,0,0,2,0,0,1,1,0,1,0,0,0,0,1,0,0,0,0,0,0,1,0,0,0,0,0,0,0,0,0,0,0,1,0,0,0,0,0,0,1,0,0,0,0,0,3,0,0,1,0,0,0,1,0,0,0,0,1,0,0,3,0,0,0,0,0,0,0,0,0,2,0,1,1,0,3,1,0,0,0,0,0,0,0,0,0,2,0,0,0,2,0,2,0,0,1,0,0,0,0,0,0,0,0,0,0,0,0,3,0,0,0,0,0,0,0,0,0,0,0,0,0,0,0,0,0,0,0,0,1,1,0,0,1,0,0,0,0,2,0,0,0,1,0,0,0,0,0,0,0,0,0,1,2,1,1,0,0,2,0,0,0,0,1,1,0,0,0,0,0,0,0,1,0,0,2,0,0,0,0,1,0,1,1,0,0,1,5,3,1,0,0,0,0,0,1,0,0,0,1,1,0,0,0,2,1,0,1,4,0,0,0,0,0,0,0,0,0,1,1,0,0,1,0,0,1,0,0,0,0,0,0,0,0,0,0,0,1,0,1,0,1,0,3,0,1,2,0,0,0,0,0,0,0,0,0,0,0,0,0,0,0,0,0,1,0,0,0,2,0,2,0,0,0,0,0,0,1,0,2,0,0,0,0,0,0,1,0,0,0,0,0,1,0,0,4,0,0,1,1,0,0,0,1,2,1,0,0,0,0,0,1,0,0,6,4,0,0,0,0,0,0,0,0,0,1,0,0,2,0,4,2,0,1,0,0,1,0,0,0,0,4,0,0,1,0,0,0,0,2,0,0,0,0,1,0,0,0,0,0,0,0,1,0,5,0,1,1,0,0,0,0,0,1,0,0,0,0,1,0,0,0,0,0,0,1,0,0,0,0,0,0,0,0,0,0,0,0,1,0,1,0,0,0,0,0,0,1,0,0,0,0,0,0,0,1,0,0,1,0,0,0,1,0,0,0,1,2,0,0,0,0,1,0,3,0,0,0,0,3,0,0,1,0,0,0,0,0,0,0,2,0,2,0,0,0,0,0
GENE196,0,0,0,0,0,0,0,0,0,3,0,0,0,0,0,0,0,0,0,0,0,0,0,1,0,1,0,0,0,0,0,1,0,0,0,1,2,2,0,0,0,1,1,0,0,0,0,0,0,1,0,0,0,0,0,0,0,5,0,0,0,0,0,0,0,1,0,0,0,0,2,0,0,1,0,0,0,0,1,0,0,0,0,0,0,0,0,0,0,0,0,0,0,0,0,1,1,1,1,2,0,0,0,0,0,0,1,0,0,0,0,0,0,2,0,0,0,0,1,0,0,0,0,0,0,0,0,0,0,0,0,0,0,0,0,1,2,0,0,0,0,1,1,0,0,0,0,0,0,1,0,1,0,0,1,1,0,0,0,0,0,0,0,0,0,0,0,0,0,0,0,0,0,1,0,0,0,0,1,0,0,0,0,0,0,1,0,0,1,0,0,0,0,0,0,0,0,0,0,0,1,2,0,0,1,0,0,1,0,0,0,1,0,0,0,0,0,1,0,0,0,0,1,0,0,1,0,0,0,1,0,0,0,0,2,2,3,1,0,0,0,0,0,0,0,0,0,0,0,1,0,0,2,0,0,0,0,0,0,1,0,0,0,0,0,0,0,0,0,1,0,0,0,0,0,0,0,0,0,0,1,0,0,0,1,3,0,0,0,0,0,0,0,0,1,0,1,1,0,1,0,0,1,0,1,0,0,0,0,0,2,1,0,1,0,0,0,0,0,0,0,0,0,0,0,0,2,0,0,0,0,0,0,0,1,0,0,0,0,0,0,1,0,0,0,2,0,0,1,0,0,0,0,1,0,0,0,0,0,1,0,0,1,0,0,0,0,0,0,0,0,0,0,0,0,0,0,0,0,0,1,0,0,0,1,0,0,0,0,4,0,0,0,0,0,0,1,1,0,0,0,1,0,0,0,0,2,0,1,0,0,0,1,0,0,0,0,0,0,0,2,0,0,1,0,0,0,0,0,0,0,0,3,0,0,2,0,0,0,0,0,0,0,0,0,0,0,0,1,0,0,0,0,0,0,1,0,0,0,0,0,0,0,0,0,0,1,1,0,0,0,2,0,1,0,0,2,0,1,0,0,0,2,0,0,2,2,0,0,1,0,0,1,0,0,0,0,0,0,1,0,0,1,0,0,1,0,0,0,0,1,0,2,0,0,1,0,3,0,0,0,1,0,0,0,0,0,0,0,0,0,0,0,0,2,1,2,3,1,0,0,2,0,0,0,0,0,0,0,0,1,0,2,0,0,0,0,0,0,0,0,0,0,0,0,0,0,0,0,0,0,2,1,0,0,1,0,0,0,0,1,0,0,0,0,0,0,0,1,0,0,0,2,0,0,0,0,0,2,0
GENE197,0,0,0,0,0,2,2,0,0,0,0,0,1,1,1,0,1,0,0,0,0,0,1,1,0,0,1,1,0,1,1,0,0,2,0,0,1,0,0,0,0,0,0,1,3,0,0,0,0,0,0,0,0,0,0,0,0,0,0,1,1,0,0,2,0,2,0,0,0,0,0,0,0,1,0,0,0,0,1,0,0,0,0,1,2,0,0,0,0,0,1,0,1,0,1,0,0,0,0,2,0,0,0,0,0,0,0,0,1,0,1,0,0,1,1,0,0,0,2,0,0,0,0,0,0,1,0,1,0,0,0,0,3,0,0,1,1,2,0,2,1,0,0,0,0,0,0,0,2,0,0,0,1,0,0,0,0,0,0,0,0,0,0,0,0,0,0,0,0,2,0,0,0,1,0,2,0,0,0,0,0,1,0,0,0,1,0,0,0,1,0,0,0,0,0,0,2,0,0,0,0,0,0,0,1,0,0,0,0,0,1,0,0,1,0,0,0,0,0,0,1,0,0,1,1,0,0,0,0,0,0,1,0,0,0,0,3,0,0,0,0,0,0,1,0,0,0,1,2,0,0,0,0,0,1,0,1,1,1,0,0,0,0,0,0,0,0,0,0,0,0,0,0,0,0,1,0,2,0,0,0,4,0,0,0,0,2,0,0,1,0,1,1,0,0,0,0,0,0,0,0,0,0,0,0,3,3,2,0,0,0,0,0,3,0,0,0,0,0,0,1,0,0,1,0,0,2,1,0,1,1,0,0,0,0,0,0,0,0,0,1,0,2,0,0,0,0,0,0,0,0,0,0,0,0,0,0,1,0,0,0,0,1,0,1,1,0,0,0,0,0,1,0,2,0,0,0,0,0,2,0,0,1,1,0,0,0,0,1,0,0,0,0,0,0,1,0,1,1,0,1,1,0,1,0,0,0,3,0,0,0,0,0,0,0,0,0,0,0,0,0,0,1,0,0,0,0,0,0,0,0,0,0,2,1,0,0,0,1,0,1,0,0,0,0,0,0,0,0,3,0,0,0,0,0,0,1,0,1,0,1,0,0,1,0,0,0,0,0,0,1,1,0,1,0,0,2,0,0,0,2,0,1,1,0,0,0,0,0,3,1,4,0,0,0,1,0,1,1,0,0,0,0,0,0,0,1,0,1,0,0,0,0,0,0,0,0,0,1,0,1,0,0,0,2,2,1,0,0,2,0,0,1,1,0,1,1,1,0,0,0,0,0,0,0,2,1,0,0,1,0,2,0,0,0,0,1,0,0,0,0,1,3,2,0,0,0,0,0,0,1,0,0,0,0,0,0,0,0,0,3,0,0,0,4,0,0,0,0,0,0,0,0,0,0,0,0,0,0,0
GENE198,0,4,0,1,5,2,0,0,0,3,1,0,0,0,0,0,0,0,0,0,0,0,0,0,0,0,0,0,0,1,0,0,0,0,0,1,0,0,2,0,0,0,0,0,0,1,0,0,0,0,0,0,0,0,0,0,0,0,0,0,3,0,1,1,0,0,0,0,0,1,0,2,0,1,0,0,0,0,1,0,0,0,0,0,1,0,1,0,1,1,0,0,1,0,1,1,0,0,0,0,0,0,0,0,0,1,0,0,0,0,0,0,0,0,2,0,1,0,1,1,0,0,0,1,0,3,0,0,0,1,0,1,0,0,0,0,0,0,0,1,0,0,0,0,0,0,1,1,0,0,0,2,0,0,0,0,0,0,0,2,0,0,2,0,0,1,1,0,0,0,0,0,0,0,0,0,0,0,1,0,0,0,0,0,0,0,0,0,0,0,1,0,1,2,0,0,0,1,4,0,0,0,0,2,0,0,0,0,0,0,1,0,2,1,0,1,0,0,0,3,0,1,1,3,0,0,1,2,0,0,0,1,0,0,0,1,0,1,0,0,2,0,0,0,0,0,0,0,0,0,0,0,1,0,0,0,0,0,0,0,0,0,0,0,0,1,0,0,0,3,0,0,0,0,0,0,0,0,0,1,1,0,0,0,0,0,0,0,0,0,0,0,0,1,0,1,0,0,2,0,0,0,0,0,0,0,1,0,0,0,0,3,0,0,0,0,1,1,0,2,0,1,0,0,0,0,0,0,1,0,2,0,0,1,0,0,0,0,0,0,0,1,0,0,0,0,0,1,0,0,1,0,0,0,0,0,1,0,0,0,0,1,0,0,2,1,0,0,0,0,1,0,0,0,0,1,0,0,0,0,0,0,1,0,0,0,1,0,0,0,0,0,0,0,0,0,0,0,0,0,0,0,1,0,0,3,0,0,0,0,0,1,0,0,1,0,1,0,0,1,0,0,1,0,0,0,0,0,1,0,0,0,0,0,2,0,0,0,0,1,0,0,0,0,0,0,1,0,0,0,0,1,1,2,0,0,0,0,0,0,0,0,1,0,0,2,0,0,1,0,0,1,0,0,0,0,0,0,1,1,0,0,0,0,0,0,0,3,0,0,0,1,2,0,0,2,0,0,0,1,0,0,0,0,0,3,2,1,1,0,0,2,0,0,0,0,0,0,0,1,0,0,0,0,1,0,2,0,0,0,3,0,1,0,0,0,0,0,0,0,0,0,0,0,0,2,0,0,0,0,0,0,0,0,0,0,0,0,0,0,1,0,0,0,0,0,0,0,7,1,1,0,1,0,0,1,0,1,0,0,0,0,0,0,0,0,0,0,0,0,2,0,0,0,0,0,2,0,1,3
GENE199,3,3,1,0,1,1,0,0,1,0,0,0,0,2,2,0,0,1,0,0,2,1,0,0,0,0,0,2,0,0,0,0,0,1,0,0,0,0,1,0,0,0,1,0,5,0,0,0,1,0,1,0,0,0,0,1,3,4,2,0,4,0,1,4,0,0,0,0,0,0,0,0,0,2,0,0,0,1,1,3,0,0,0,0,0,1,2,0,0,0,1,0,0,0,0,5,0,0,2,0,0,0,0,0,0,0,1,1,1,0,1,0,0,0,0,0,0,0,1,1,0,1,1,0,1,0,0,0,0,0,0,0,0,0,0,0,2,0,0,0,3,0,0,0,1,2,0,0,2,1,0,0,0,0,0,1,0,1,1,0,0,0,0,0,1,0,0,2,0,0,0,1,0,0,0,0,1,0,0,2,1,0,0,0,1,0,2,0,1,0,0,0,0,0,0,0,0,0,0,1,0,1,0,0,0,0,0,0,0,0,0,0,0,0,0,0,0,0,0,1,0,0,0,0,2,2,0,0,1,0,1,0,0,0,0,0,2,1,1,0,1,0,0,1,0,0,2,0,0,0,0,0,1,0,0,1,0,2,0,0,0,0,1,0,1,0,0,1,0,3,0,1,0,0,1,0,0,0,0,3,0,1,0,2,0,0,1,0,0,0,0,0,0,0,0,0,0,0,0,0,0,0,4,0,0,0,0,0,0,0,0,2,1,1,0,0,0,0,1,0,0,2,0,0,0,0,1,0,0,0,0,1,0,0,0,0,0,0,0,0,1,0,0,0,0,0,0,0,1,0,0,0,0,2,0,0,0,0,0,0,0,0,0,0,0,0,0,0,1,0,0,0,0,0,0,1,3,0,1,0,1,0,0,6,0,0,3,0,0,0,0,0,0,0,0,1,0,0,0,0,0,0,0,1,0,0,0,0,0,0,1,0,0,0,0,0,0,0,0,1,1,1,0,1,0,0,0,0,1,0,0,0,0,0,2,2,1,1,3,0,0,0,0,0,0,0,0,0,0,0,0,0,0,0,0,0,0,0,0,0,0,0,0,0,0,0,0,0,0,0,0,0,0,0,0,0,0,0,2,2,0,0,0,0,0,0,1,2,0,0,0,0,4,0,2,0,1,0,0,1,1,0,1,1,0,0,1,0,0,0,2,1,0,0,0,3,0,0,0,1,1,0,1,2,0,1,0,0,0,0,0,0,0,0,0,0,0,0,0,0,0,0,1,0,0,0,0,1,0,0,0,0,0,0,1,0,1,0,0,0,0,0,0,0,0,0,0,0,6,0,0,0,1,0,1,0,0,0,1,0,0,0,0,0,0,0,0,0,0,0,0,1,0,0,0,0,0,2,0,3
GENE200,0,0,0,0,0,0,0,0,0,0,2,0,0,1,0,1,0,0,1,0,0,0,0,1,0,0,0,1,0,0,0,0,0,0,0,2,1,1,0,0,0,0,0,0,0,0,0,0,0,0,0,0,0,0,0,2,0,1,1,0,0,0,0,0,0,1,0,0,0,0,0,1,0,0,1,1,1,0,2,0,0,0,0,0,0,0,0,0,0,0,0,1,2,0,0,0,0,0,0,1,0,0,0,0,1,0,0,1,0,0,1,1,2,0,0,0,0,0,0,0,3,0,0,1,0,0,0,0,2,0,0,0,1,0,0,0,0,1,1,0,0,1,1,0,0,0,1,0,0,0,2,2,0,1,0,0,0,0,2,0,0,0,3,0,1,0,0,0,0,0,0,0,1,0,0,0,0,0,0,0,1,0,0,0,0,0,0,0,0,0,0,3,0,0,0,0,0,0,0,0,0,0,0,0,1,0,1,2,0,0,2,0,0,0,0,1,0,1,0,0,0,1,0,0,0,0,0,0,0,0,0,0,0,0,0,0,0,0,0,2,0,0,0,0,0,0,0,1,1,2,0,0,0,0,2,0,1,0,0,0,0,0,0,0,0,1,0,0,1,5,0,0,0,0,0,1,0,0,0,0,0,0,0,1,4,0,0,3,0,0,0,3,1,0,0,0,1,1,1,1,0,0,0,0,1,0,0,0,0,0,2,0,0,1,0,1,0,0,2,2,0,0,0,0,1,1,0,1,0,0,0,0,1,0,0,0,0,1,0,0,0,0,0,2,0,0,0,0,1,3,0,0,0,0,0,0,0,0,0,0,0,0,0,0,1,1,0,0,0,0,1,0,0,0,1,1,0,0,0,0,2,0,0,1,1,1,0,0,0,2,0,0,0,0,0,0,0,0,0,0,0,0,2,2,0,0,1,1,0,0,0,0,0,0,0,2,0,0,3,1,1,1,0,0,1,0,0,1,0,0,1,0,0,0,0,0,1,0,2,0,0,0,0,0,0,0,1,0,0,0,0,0,1,2,0,0,0,0,0,0,0,0,0,1,0,0,0,1,0,1,0,0,0,0,0,0,0,0,0,0,2,0,0,0,0,0,1,0,0,0,0,1,0,0,0,1,1,0,0,0,0,0,1,1,0,1,3,0,0,1,0,1,2,2,0,0,0,0,0,0,0,0,1,0,0,0,0,1,0,0,1,0,1,3,0,1,2,3,0,1,0,0,0,0,0,0,1,0,1,1,0,0,0,1,0,1,1,0,0,0,0,0,2,6,0,0,0,0,1,2,0,0,0,0,0,0,1,0,0,0,0,0,0,0,1,0,2,1,0,0,0,2,0,0,0,0,1,0,0,0
GENE201,1,0,0,0,0,0,0,0,0,0,0,0,1,0,0,1,0,0,0,0,0,1,1,0,0,2,0,0,0,0,0,0,0,0,0,0,0,1,1,0,2,0,0,0,0,0,0,2,0,1,0,0,0,0,1,0,0,1,0,0,0,0,0,1,0,2,0,0,0,0,0,0,0,2,0,0,0,0,0,2,0,0,0,0,0,0,0,0,2,0,0,0,0,0,0,1,0,0,0,2,0,0,0,1,0,0,0,0,0,0,1,0,0,0,2,1,0,0,0,0,0,0,0,1,0,0,0,0,0,0,0,1,0,0,0,1,0,0,0,0,0,0,0,0,0,0,0,0,0,0,0,0,0,0,0,4,0,0,0,0,0,0,0,1,0,0,0,0,1,0,2,0,0,0,0,0,0,0,0,0,0,0,0,0,0,0,0,0,0,0,0,1,1,0,0,0,0,0,0,0,1,0,0,0,0,0,0,0,0,0,0,0,0,3,0,3,3,3,1,0,0,0,0,0,0,0,0,0,0,0,0,0,0,0,0,0,0,0,0,0,0,0,0,1,0,0,1,1,1,0,0,0,1,0,2,0,0,0,0,0,0,0,0,0,1,0,0,1,3,0,0,0,0,0,1,2,1,1,0,0,1,1,0,0,0,5,4,0,0,0,0,1,1,0,0,0,0,0,1,0,0,1,0,0,2,0,0,0,1,0,1,0,4,5,0,1,1,0,5,0,0,1,1,0,0,1,1,0,0,0,1,4,0,0,0,0,1,0,0,0,0,1,0,0,0,0,1,0,0,0,0,0,0,0,0,0,2,1,0,0,0,0,0,0,1,0,0,0,0,0,1,1,0,0,0,0,0,0,0,0,1,0,1,0,0,1,0,0,0,1,0,0,0,0,0,0,0,0,1,0,1,0,0,0,0,0,0,2,0,0,0,2,0,0,0,0,2,0,2,0,2,0,0,1,0,0,2,0,0,0,0,0,3,1,0,0,0,0,2,0,0,0,1,0,1,1,0,0,2,0,0,3,2,0,0,1,0,0,0,0,0,0,0,0,2,0,0,0,0,0,1,0,1,0,2,0,1,0,0,4,1,0,0,0,0,3,0,1,0,2,0,3,0,0,3,0,0,0,0,1,0,1,0,1,0,1,0,0,1,1,4,0,0,0,0,0,0,1,0,0,0,0,0,0,0,1,0,0,0,0,6,0,2,1,0,0,0,0,0,0,0,0,0,0,0,0,0,0,0,0,0,0,0,0,0,1,0,0,0,1,0,0,1,0,0,0,1,1,0,0,3,0,0,0,0,0,0,1,0,0,0,0,4,2,0,0,0,0,1,2,0,0,1,0,0,0,1,1,0,1
